{
  "type": "FeatureCollection",
  "features": [
    {
      "type": "Feature",
      "geometry": {
        "type": "MultiPolygon",
        "coordinates": [
          [
            [
              [124.246, 8.208],
              [124.2456, 8.2076],
              [124.246, 8.2076],
              [124.246, 8.208]
            ]
          ],
          [
            [
              [124.246, 8.208],
              [124.2464, 8.208],
              [124.2464, 8.2084],
              [124.246, 8.208]
            ]
          ],
          [
            [
              [124.2496, 8.2088],
              [124.2492, 8.2092],
              [124.2492, 8.2088],
              [124.2496, 8.2088]
            ]
          ],
          [
            [
              [124.2448, 8.2108],
              [124.2448, 8.2104],
              [124.2452, 8.2104],
              [124.2448, 8.2108]
            ]
          ],
          [
            [
              [124.244, 8.212],
              [124.2436, 8.2116],
              [124.2436, 8.2112],
              [124.244, 8.2112],
              [124.244, 8.212]
            ]
          ],
          [
            [
              [124.2452, 8.212],
              [124.2456, 8.2124],
              [124.2456, 8.2128],
              [124.2452, 8.212]
            ]
          ],
          [
            [
              [124.2436, 8.2132],
              [124.2436, 8.2136],
              [124.2432, 8.2136],
              [124.2436, 8.2132]
            ]
          ],
          [
            [
              [124.2288, 8.2136],
              [124.2284, 8.214],
              [124.2284, 8.2136],
              [124.2288, 8.2136]
            ]
          ],
          [
            [
              [124.2292, 8.2144],
              [124.2288, 8.214],
              [124.2292, 8.214],
              [124.2292, 8.2144]
            ]
          ],
          [
            [
              [124.2436, 8.214],
              [124.2436, 8.2144],
              [124.2432, 8.214],
              [124.2436, 8.2136],
              [124.2436, 8.214]
            ]
          ],
          [
            [
              [124.232, 8.214],
              [124.2324, 8.214],
              [124.232, 8.2144],
              [124.232, 8.214]
            ]
          ],
          [
            [
              [124.244, 8.2148],
              [124.2436, 8.2148],
              [124.2436, 8.2144],
              [124.244, 8.2148]
            ]
          ],
          [
            [
              [124.228, 8.2152],
              [124.2276, 8.2152],
              [124.228, 8.2152],
              [124.228, 8.2148],
              [124.2284, 8.2148],
              [124.228, 8.2152]
            ]
          ],
          [
            [
              [124.2272, 8.2152],
              [124.2268, 8.2156],
              [124.2264, 8.2152],
              [124.2272, 8.2152]
            ]
          ],
          [
            [
              [124.2432, 8.2156],
              [124.2432, 8.2152],
              [124.2436, 8.2148],
              [124.2436, 8.2152],
              [124.2436, 8.2148],
              [124.244, 8.2148],
              [124.244, 8.2144],
              [124.244, 8.2148],
              [124.2444, 8.2148],
              [124.2444, 8.2152],
              [124.244, 8.2152],
              [124.244, 8.2148],
              [124.244, 8.2152],
              [124.244, 8.2156],
              [124.2436, 8.2156],
              [124.2432, 8.2156]
            ]
          ],
          [
            [
              [124.2416, 8.2152],
              [124.242, 8.2152],
              [124.242, 8.2156],
              [124.2416, 8.2152]
            ]
          ],
          [
            [
              [124.2284, 8.216],
              [124.2276, 8.216],
              [124.2276, 8.2156],
              [124.228, 8.216],
              [124.228, 8.2152],
              [124.2284, 8.2156],
              [124.2284, 8.216]
            ]
          ],
          [
            [
              [124.244, 8.216],
              [124.2436, 8.216],
              [124.2436, 8.2156],
              [124.244, 8.216]
            ]
          ],
          [
            [
              [124.2424, 8.216],
              [124.242, 8.2156],
              [124.2428, 8.2156],
              [124.2424, 8.216]
            ]
          ],
          [
            [
              [124.2436, 8.2156],
              [124.2436, 8.216],
              [124.2432, 8.216],
              [124.2432, 8.2156],
              [124.2436, 8.2156]
            ]
          ],
          [
            [
              [124.2288, 8.2164],
              [124.2284, 8.2164],
              [124.2284, 8.216],
              [124.2288, 8.2164]
            ]
          ],
          [
            [
              [124.2292, 8.2164],
              [124.2288, 8.2164],
              [124.2288, 8.216],
              [124.2292, 8.2164]
            ]
          ],
          [
            [
              [124.2356, 8.2156],
              [124.2352, 8.2156],
              [124.2352, 8.2164],
              [124.2352, 8.2156],
              [124.2352, 8.2152],
              [124.2356, 8.2156]
            ]
          ],
          [
            [
              [124.2428, 8.2168],
              [124.2424, 8.2168],
              [124.2424, 8.2164],
              [124.2424, 8.216],
              [124.2428, 8.2168]
            ]
          ],
          [
            [
              [124.2348, 8.2164],
              [124.2344, 8.2168],
              [124.234, 8.2164],
              [124.2344, 8.2164],
              [124.2348, 8.2164]
            ]
          ],
          [
            [
              [124.2508, 8.2164],
              [124.2504, 8.2168],
              [124.2504, 8.2164],
              [124.2508, 8.2164]
            ]
          ],
          [
            [
              [124.2304, 8.2164],
              [124.23, 8.2168],
              [124.23, 8.2164],
              [124.2304, 8.2164]
            ]
          ],
          [
            [
              [124.244, 8.2168],
              [124.244, 8.2172],
              [124.2432, 8.2172],
              [124.2432, 8.2168],
              [124.2436, 8.2168],
              [124.2436, 8.2164],
              [124.244, 8.2164],
              [124.244, 8.2168]
            ]
          ],
          [
            [
              [124.2424, 8.2172],
              [124.2424, 8.2168],
              [124.2428, 8.2168],
              [124.2432, 8.2168],
              [124.2432, 8.2172],
              [124.2424, 8.2172]
            ]
          ],
          [
            [
              [124.2328, 8.2172],
              [124.2324, 8.2172],
              [124.2324, 8.2168],
              [124.2328, 8.2168],
              [124.2328, 8.2172]
            ]
          ],
          [
            [
              [124.23, 8.2172],
              [124.2296, 8.2168],
              [124.23, 8.2168],
              [124.2304, 8.2168],
              [124.2304, 8.2172],
              [124.2308, 8.2172],
              [124.23, 8.2172]
            ]
          ],
          [
            [
              [124.2344, 8.2176],
              [124.234, 8.2176],
              [124.234, 8.2172],
              [124.234, 8.2168],
              [124.234, 8.2172],
              [124.234, 8.2168],
              [124.2344, 8.2176]
            ]
          ],
          [
            [
              [124.2424, 8.2172],
              [124.2416, 8.2172],
              [124.2412, 8.2172],
              [124.2416, 8.2172],
              [124.2416, 8.2168],
              [124.242, 8.2168],
              [124.242, 8.2172],
              [124.2424, 8.2172]
            ]
          ],
          [
            [
              [124.2412, 8.2176],
              [124.2412, 8.2172],
              [124.2416, 8.2176],
              [124.2412, 8.2176]
            ]
          ],
          [
            [
              [124.2412, 8.2172],
              [124.2412, 8.2176],
              [124.2408, 8.2176],
              [124.2412, 8.2172]
            ]
          ],
          [
            [
              [124.236, 8.218],
              [124.2356, 8.218],
              [124.2356, 8.2176],
              [124.236, 8.2172],
              [124.2364, 8.2172],
              [124.236, 8.2176],
              [124.236, 8.218]
            ]
          ],
          [
            [
              [124.2332, 8.2172],
              [124.2336, 8.2172],
              [124.2336, 8.2168],
              [124.2336, 8.2172],
              [124.2336, 8.2176],
              [124.2336, 8.218],
              [124.2332, 8.218],
              [124.2328, 8.218],
              [124.2328, 8.2176],
              [124.2332, 8.2176],
              [124.2332, 8.2172],
              [124.2328, 8.2176],
              [124.2328, 8.2172],
              [124.2332, 8.2172],
              [124.2328, 8.2172],
              [124.2332, 8.2168],
              [124.2332, 8.2172]
            ]
          ],
          [
            [
              [124.238, 8.218],
              [124.2384, 8.2176],
              [124.2384, 8.218],
              [124.2384, 8.2184],
              [124.238, 8.218]
            ]
          ],
          [
            [
              [124.2396, 8.218],
              [124.2396, 8.2184],
              [124.2392, 8.2184],
              [124.2388, 8.2184],
              [124.2392, 8.2184],
              [124.2392, 8.218],
              [124.2396, 8.218]
            ]
          ],
          [
            [
              [124.2452, 8.218],
              [124.2456, 8.218],
              [124.246, 8.218],
              [124.246, 8.2184],
              [124.2456, 8.2184],
              [124.2452, 8.2184],
              [124.2452, 8.218]
            ]
          ],
          [
            [
              [124.2436, 8.2188],
              [124.2432, 8.2184],
              [124.2436, 8.218],
              [124.2436, 8.2188]
            ]
          ],
          [
            [
              [124.242, 8.2188],
              [124.242, 8.2184],
              [124.2424, 8.2184],
              [124.242, 8.2188]
            ]
          ],
          [
            [
              [124.2364, 8.2184],
              [124.2368, 8.2184],
              [124.2368, 8.2188],
              [124.2364, 8.2184]
            ]
          ],
          [
            [
              [124.2312, 8.2188],
              [124.2308, 8.2188],
              [124.2308, 8.218],
              [124.2312, 8.218],
              [124.2312, 8.2184],
              [124.2312, 8.2188]
            ]
          ],
          [
            [
              [124.242, 8.2188],
              [124.2416, 8.2188],
              [124.2416, 8.2184],
              [124.2412, 8.2188],
              [124.2412, 8.2184],
              [124.2404, 8.218],
              [124.2404, 8.2176],
              [124.2404, 8.2172],
              [124.2408, 8.2176],
              [124.2412, 8.2184],
              [124.2416, 8.2184],
              [124.242, 8.2188]
            ]
          ],
          [
            [
              [124.232, 8.2184],
              [124.2316, 8.2188],
              [124.2316, 8.2184],
              [124.232, 8.2184]
            ]
          ],
          [
            [
              [124.2456, 8.2184],
              [124.2452, 8.2188],
              [124.2452, 8.2184],
              [124.2448, 8.2188],
              [124.2444, 8.2184],
              [124.2448, 8.218],
              [124.2452, 8.218],
              [124.2452, 8.2184],
              [124.2456, 8.2184]
            ]
          ],
          [
            [
              [124.2412, 8.2188],
              [124.2408, 8.2188],
              [124.24, 8.2188],
              [124.24, 8.2184],
              [124.2408, 8.2184],
              [124.2412, 8.2188]
            ]
          ],
          [
            [
              [124.2416, 8.2192],
              [124.2412, 8.2192],
              [124.2412, 8.2188],
              [124.2416, 8.2188],
              [124.2416, 8.2192]
            ]
          ],
          [
            [
              [124.236, 8.2188],
              [124.2356, 8.2192],
              [124.2356, 8.2188],
              [124.236, 8.2188]
            ]
          ],
          [
            [
              [124.2472, 8.2188],
              [124.2468, 8.2192],
              [124.2468, 8.2188],
              [124.2472, 8.2188]
            ]
          ],
          [
            [
              [124.246, 8.2188],
              [124.2464, 8.2188],
              [124.2468, 8.2188],
              [124.2468, 8.2192],
              [124.2464, 8.2192],
              [124.246, 8.2192],
              [124.246, 8.2188]
            ]
          ],
          [
            [
              [124.2388, 8.2192],
              [124.2384, 8.2196],
              [124.2384, 8.2192],
              [124.2388, 8.2192]
            ]
          ],
          [
            [
              [124.2372, 8.2192],
              [124.2368, 8.2196],
              [124.2364, 8.2192],
              [124.2368, 8.2192],
              [124.2372, 8.2188],
              [124.2376, 8.2188],
              [124.238, 8.2188],
              [124.2384, 8.2188],
              [124.238, 8.2192],
              [124.2372, 8.2192]
            ]
          ],
          [
            [
              [124.256, 8.2192],
              [124.2552, 8.2192],
              [124.2556, 8.2188],
              [124.256, 8.2188],
              [124.256, 8.2192]
            ]
          ],
          [
            [
              [124.2356, 8.2192],
              [124.236, 8.2192],
              [124.2356, 8.2196],
              [124.2356, 8.2192]
            ]
          ],
          [
            [
              [124.2552, 8.2192],
              [124.2548, 8.2196],
              [124.2548, 8.2192],
              [124.2552, 8.2192]
            ]
          ],
          [
            [
              [124.2548, 8.2196],
              [124.2544, 8.2196],
              [124.2544, 8.2192],
              [124.2548, 8.2196]
            ]
          ],
          [
            [
              [124.2432, 8.22],
              [124.2428, 8.22],
              [124.2428, 8.2196],
              [124.2432, 8.22]
            ]
          ],
          [
            [
              [124.2352, 8.2216],
              [124.2344, 8.2216],
              [124.2344, 8.2212],
              [124.2348, 8.2212],
              [124.2352, 8.2216]
            ]
          ],
          [
            [
              [124.2328, 8.2228],
              [124.2324, 8.2228],
              [124.2324, 8.2224],
              [124.2328, 8.2224],
              [124.2328, 8.2228],
              [124.2328, 8.2224],
              [124.2324, 8.2224],
              [124.2324, 8.222],
              [124.2328, 8.222],
              [124.2324, 8.222],
              [124.2328, 8.222],
              [124.2332, 8.222],
              [124.234, 8.2216],
              [124.234, 8.222],
              [124.2344, 8.2224],
              [124.2348, 8.2224],
              [124.2344, 8.2228],
              [124.234, 8.2224],
              [124.2336, 8.2224],
              [124.2332, 8.2224],
              [124.2332, 8.222],
              [124.2332, 8.2224],
              [124.2332, 8.2228],
              [124.2328, 8.2228]
            ]
          ],
          [
            [
              [124.2324, 8.2232],
              [124.232, 8.2236],
              [124.2316, 8.2228],
              [124.232, 8.2228],
              [124.2324, 8.2232]
            ]
          ],
          [
            [
              [124.254, 8.2236],
              [124.254, 8.224],
              [124.254, 8.2236],
              [124.2536, 8.2236],
              [124.2536, 8.2232],
              [124.2536, 8.2228],
              [124.254, 8.2232],
              [124.2544, 8.2232],
              [124.254, 8.2236]
            ]
          ],
          [
            [
              [124.2544, 8.2248],
              [124.254, 8.2248],
              [124.254, 8.2244],
              [124.2544, 8.2248],
              [124.2544, 8.2244],
              [124.2544, 8.2248]
            ]
          ],
          [
            [
              [124.2328, 8.2244],
              [124.2328, 8.2248],
              [124.2324, 8.2248],
              [124.2324, 8.2244],
              [124.2324, 8.2236],
              [124.2324, 8.224],
              [124.2324, 8.2244],
              [124.2328, 8.2244]
            ]
          ],
          [
            [
              [124.2652, 8.2252],
              [124.2656, 8.2248],
              [124.2656, 8.2252],
              [124.2652, 8.2252]
            ]
          ],
          [
            [
              [124.254, 8.2236],
              [124.2544, 8.2236],
              [124.2548, 8.224],
              [124.2552, 8.2244],
              [124.2552, 8.2248],
              [124.2548, 8.2248],
              [124.2544, 8.2244],
              [124.2548, 8.2244],
              [124.2544, 8.224],
              [124.254, 8.224],
              [124.254, 8.2236]
            ]
          ],
          [
            [
              [124.24, 8.2252],
              [124.2404, 8.2248],
              [124.2404, 8.2244],
              [124.2404, 8.2252],
              [124.24, 8.2252]
            ]
          ],
          [
            [
              [124.2564, 8.2252],
              [124.256, 8.2252],
              [124.256, 8.2256],
              [124.256, 8.2252],
              [124.2556, 8.2248],
              [124.256, 8.2248],
              [124.256, 8.2244],
              [124.2564, 8.2244],
              [124.2564, 8.2248],
              [124.2564, 8.2252]
            ]
          ],
          [
            [
              [124.246, 8.2252],
              [124.246, 8.2256],
              [124.2456, 8.2256],
              [124.2456, 8.2252],
              [124.246, 8.2252]
            ]
          ],
          [
            [
              [124.2568, 8.2252],
              [124.2568, 8.2256],
              [124.2564, 8.2256],
              [124.2568, 8.2252]
            ]
          ],
          [
            [
              [124.2448, 8.226],
              [124.2452, 8.226],
              [124.2444, 8.2264],
              [124.244, 8.2264],
              [124.2436, 8.2264],
              [124.2448, 8.226]
            ]
          ],
          [
            [
              [124.2396, 8.2264],
              [124.2396, 8.226],
              [124.24, 8.226],
              [124.2396, 8.226],
              [124.2388, 8.226],
              [124.2384, 8.226],
              [124.2388, 8.2252],
              [124.2388, 8.2248],
              [124.2388, 8.2244],
              [124.2392, 8.2244],
              [124.2392, 8.2248],
              [124.2388, 8.2248],
              [124.2392, 8.2248],
              [124.2396, 8.2248],
              [124.24, 8.2252],
              [124.2404, 8.2252],
              [124.2404, 8.2256],
              [124.24, 8.2256],
              [124.24, 8.2264],
              [124.2396, 8.2264]
            ]
          ],
          [
            [
              [124.258, 8.2264],
              [124.2576, 8.2264],
              [124.258, 8.2264],
              [124.258, 8.226],
              [124.2584, 8.2256],
              [124.258, 8.2256],
              [124.2584, 8.2256],
              [124.258, 8.2256],
              [124.2576, 8.2256],
              [124.258, 8.2256],
              [124.258, 8.2252],
              [124.258, 8.2248],
              [124.2584, 8.2252],
              [124.2588, 8.2252],
              [124.2592, 8.2256],
              [124.2596, 8.2256],
              [124.2604, 8.2256],
              [124.2604, 8.226],
              [124.26, 8.226],
              [124.2584, 8.226],
              [124.258, 8.226],
              [124.258, 8.2264]
            ],
            [
              [124.2584, 8.2256],
              [124.2588, 8.2256],
              [124.2588, 8.2252],
              [124.2584, 8.2256]
            ]
          ],
          [
            [
              [124.256, 8.226],
              [124.2556, 8.2264],
              [124.2556, 8.2268],
              [124.2556, 8.226],
              [124.256, 8.226]
            ]
          ],
          [
            [
              [124.2392, 8.2264],
              [124.2384, 8.2264],
              [124.2384, 8.226],
              [124.2392, 8.226],
              [124.2392, 8.2264]
            ]
          ],
          [
            [
              [124.244, 8.2268],
              [124.2436, 8.2264],
              [124.244, 8.2264],
              [124.244, 8.2268]
            ]
          ],
          [
            [
              [124.256, 8.2268],
              [124.256, 8.2272],
              [124.2556, 8.2268],
              [124.256, 8.2268]
            ]
          ],
          [
            [
              [124.246, 8.2276],
              [124.2456, 8.2276],
              [124.246, 8.2272],
              [124.246, 8.2276]
            ]
          ],
          [
            [
              [124.2536, 8.2276],
              [124.2536, 8.2272],
              [124.254, 8.2272],
              [124.254, 8.2276],
              [124.2536, 8.2276]
            ]
          ],
          [
            [
              [124.2564, 8.2276],
              [124.256, 8.2276],
              [124.256, 8.2272],
              [124.256, 8.2268],
              [124.2564, 8.2264],
              [124.2564, 8.226],
              [124.2568, 8.226],
              [124.2572, 8.2264],
              [124.2576, 8.2264],
              [124.2576, 8.2268],
              [124.2572, 8.2268],
              [124.2568, 8.2272],
              [124.2564, 8.2272],
              [124.2564, 8.2276]
            ]
          ],
          [
            [
              [124.2388, 8.2272],
              [124.2388, 8.2276],
              [124.2384, 8.2272],
              [124.2388, 8.2272],
              [124.2388, 8.2268],
              [124.2392, 8.2268],
              [124.2392, 8.2272],
              [124.2388, 8.2272]
            ]
          ],
          [
            [
              [124.2464, 8.2276],
              [124.246, 8.228],
              [124.2456, 8.228],
              [124.2456, 8.2276],
              [124.246, 8.2276],
              [124.2464, 8.2276]
            ]
          ],
          [
            [
              [124.2412, 8.228],
              [124.2408, 8.2276],
              [124.2412, 8.2272],
              [124.2412, 8.228]
            ]
          ],
          [
            [
              [124.2392, 8.2264],
              [124.2396, 8.2264],
              [124.2396, 8.2268],
              [124.2392, 8.2276],
              [124.2392, 8.2272],
              [124.2388, 8.2272],
              [124.2392, 8.2272],
              [124.2392, 8.2268],
              [124.2392, 8.2264]
            ]
          ],
          [
            [
              [124.2688, 8.228],
              [124.2688, 8.2276],
              [124.2692, 8.2276],
              [124.2692, 8.228],
              [124.2688, 8.228]
            ]
          ],
          [
            [
              [124.2652, 8.228],
              [124.2648, 8.2276],
              [124.2648, 8.2272],
              [124.2652, 8.228]
            ]
          ],
          [
            [
              [124.2488, 8.2264],
              [124.2488, 8.2268],
              [124.2492, 8.2268],
              [124.2488, 8.2264],
              [124.2492, 8.2264],
              [124.2492, 8.2272],
              [124.2488, 8.2272],
              [124.2488, 8.2276],
              [124.248, 8.228],
              [124.2476, 8.2276],
              [124.248, 8.2276],
              [124.248, 8.2272],
              [124.2484, 8.2272],
              [124.2484, 8.2276],
              [124.2488, 8.2276],
              [124.2488, 8.2272],
              [124.2484, 8.2272],
              [124.2484, 8.2268],
              [124.248, 8.2268],
              [124.2476, 8.2264],
              [124.2472, 8.226],
              [124.2472, 8.2264],
              [124.2468, 8.2264],
              [124.2464, 8.226],
              [124.2464, 8.2256],
              [124.2464, 8.226],
              [124.2464, 8.2264],
              [124.2464, 8.2268],
              [124.2464, 8.2272],
              [124.246, 8.2272],
              [124.2456, 8.2272],
              [124.2452, 8.2272],
              [124.2452, 8.2276],
              [124.2448, 8.2276],
              [124.2448, 8.228],
              [124.2448, 8.2276],
              [124.2452, 8.2276],
              [124.2452, 8.228],
              [124.2448, 8.228],
              [124.2448, 8.2272],
              [124.2452, 8.2272],
              [124.2448, 8.2272],
              [124.2448, 8.2268],
              [124.2456, 8.2268],
              [124.2456, 8.2264],
              [124.246, 8.2264],
              [124.2456, 8.2264],
              [124.2456, 8.226],
              [124.2456, 8.2264],
              [124.2452, 8.2264],
              [124.2452, 8.226],
              [124.2456, 8.226],
              [124.2452, 8.226],
              [124.2456, 8.2256],
              [124.246, 8.2256],
              [124.2464, 8.226],
              [124.2464, 8.2256],
              [124.2464, 8.2252],
              [124.246, 8.2252],
              [124.2456, 8.2252],
              [124.246, 8.2252],
              [124.246, 8.2248],
              [124.2464, 8.2244],
              [124.2468, 8.2252],
              [124.2472, 8.2248],
              [124.2472, 8.2252],
              [124.2468, 8.2256],
              [124.2472, 8.226],
              [124.2476, 8.226],
              [124.2472, 8.2256],
              [124.2472, 8.226],
              [124.2472, 8.2256],
              [124.2472, 8.2252],
              [124.2472, 8.2248],
              [124.2476, 8.2248],
              [124.248, 8.2256],
              [124.248, 8.2252],
              [124.2484, 8.2252],
              [124.2484, 8.2256],
              [124.248, 8.226],
              [124.2484, 8.226],
              [124.2484, 8.2264],
              [124.2484, 8.226],
              [124.2488, 8.226],
              [124.2488, 8.2264]
            ]
          ],
          [
            [
              [124.258, 8.2276],
              [124.2576, 8.2276],
              [124.2576, 8.228],
              [124.2576, 8.2276],
              [124.2572, 8.2272],
              [124.2572, 8.2268],
              [124.2576, 8.2268],
              [124.258, 8.2268],
              [124.258, 8.2264],
              [124.2584, 8.2264],
              [124.2588, 8.2268],
              [124.2584, 8.2268],
              [124.2584, 8.2272],
              [124.2584, 8.2276],
              [124.2576, 8.2272],
              [124.258, 8.2276]
            ]
          ],
          [
            [
              [124.2472, 8.228],
              [124.2468, 8.228],
              [124.2464, 8.228],
              [124.2464, 8.2276],
              [124.246, 8.2276],
              [124.246, 8.2272],
              [124.2464, 8.2272],
              [124.2464, 8.2276],
              [124.2468, 8.2276],
              [124.2468, 8.2272],
              [124.2472, 8.2272],
              [124.2468, 8.2272],
              [124.2468, 8.2268],
              [124.2472, 8.2268],
              [124.2472, 8.2272],
              [124.2476, 8.2276],
              [124.2472, 8.2276],
              [124.2476, 8.2276],
              [124.2472, 8.228]
            ]
          ],
          [
            [
              [124.25, 8.228],
              [124.2504, 8.228],
              [124.2508, 8.228],
              [124.2504, 8.2284],
              [124.25, 8.228]
            ]
          ],
          [
            [
              [124.2388, 8.2284],
              [124.2384, 8.2284],
              [124.2388, 8.228],
              [124.2392, 8.228],
              [124.2392, 8.2284],
              [124.2388, 8.2284]
            ]
          ],
          [
            [
              [124.2624, 8.2284],
              [124.262, 8.2284],
              [124.2612, 8.228],
              [124.2616, 8.228],
              [124.262, 8.2284],
              [124.2624, 8.2284]
            ]
          ],
          [
            [
              [124.2492, 8.228],
              [124.2496, 8.228],
              [124.2496, 8.2284],
              [124.2496, 8.2288],
              [124.2492, 8.2284],
              [124.2492, 8.228]
            ]
          ],
          [
            [
              [124.2696, 8.2288],
              [124.2692, 8.2284],
              [124.2692, 8.228],
              [124.2696, 8.228],
              [124.2696, 8.2288]
            ]
          ],
          [
            [
              [124.252, 8.2288],
              [124.252, 8.2284],
              [124.2528, 8.228],
              [124.2528, 8.2284],
              [124.2524, 8.2284],
              [124.2524, 8.2288],
              [124.252, 8.2288]
            ]
          ],
          [
            [
              [124.258, 8.2288],
              [124.2576, 8.2288],
              [124.258, 8.2284],
              [124.258, 8.228],
              [124.258, 8.2276],
              [124.2584, 8.228],
              [124.258, 8.2288]
            ]
          ],
          [
            [
              [124.2388, 8.2288],
              [124.2384, 8.2288],
              [124.2384, 8.2284],
              [124.2388, 8.2284],
              [124.2388, 8.2288]
            ]
          ],
          [
            [
              [124.27, 8.228],
              [124.2704, 8.2284],
              [124.27, 8.2292],
              [124.27, 8.2284],
              [124.27, 8.228]
            ]
          ],
          [
            [
              [124.2572, 8.2288],
              [124.2564, 8.2292],
              [124.2564, 8.2288],
              [124.2564, 8.2284],
              [124.256, 8.228],
              [124.256, 8.2276],
              [124.2564, 8.2276],
              [124.2568, 8.2276],
              [124.2568, 8.228],
              [124.2572, 8.228],
              [124.2576, 8.228],
              [124.2572, 8.2284],
              [124.2576, 8.2284],
              [124.2572, 8.2288]
            ]
          ],
          [
            [
              [124.2468, 8.2288],
              [124.2472, 8.2288],
              [124.2472, 8.2292],
              [124.2468, 8.2288]
            ]
          ],
          [
            [
              [124.248, 8.2288],
              [124.248, 8.2292],
              [124.2476, 8.2292],
              [124.248, 8.2292],
              [124.248, 8.2288],
              [124.2476, 8.2288],
              [124.2476, 8.2284],
              [124.2476, 8.228],
              [124.2484, 8.228],
              [124.2484, 8.2284],
              [124.248, 8.2288]
            ]
          ],
          [
            [
              [124.2388, 8.2292],
              [124.2384, 8.2292],
              [124.2388, 8.2288],
              [124.2388, 8.2292]
            ]
          ],
          [
            [
              [124.2464, 8.2292],
              [124.246, 8.2292],
              [124.246, 8.2288],
              [124.246, 8.2292],
              [124.2456, 8.2292],
              [124.2456, 8.2288],
              [124.246, 8.2288],
              [124.246, 8.228],
              [124.2464, 8.228],
              [124.2464, 8.2284],
              [124.2472, 8.2284],
              [124.2472, 8.2288],
              [124.2468, 8.2288],
              [124.2472, 8.2288],
              [124.2468, 8.2288],
              [124.2468, 8.2292],
              [124.2464, 8.2292]
            ]
          ],
          [
            [
              [124.2588, 8.2288],
              [124.2588, 8.2292],
              [124.2588, 8.2296],
              [124.2584, 8.2296],
              [124.2576, 8.2292],
              [124.2584, 8.2288],
              [124.2584, 8.2284],
              [124.2588, 8.2284],
              [124.2584, 8.228],
              [124.2584, 8.2272],
              [124.2588, 8.2268],
              [124.2592, 8.2272],
              [124.2596, 8.2276],
              [124.26, 8.2276],
              [124.26, 8.228],
              [124.2604, 8.228],
              [124.2608, 8.2276],
              [124.2612, 8.228],
              [124.2608, 8.228],
              [124.2604, 8.228],
              [124.26, 8.228],
              [124.2608, 8.2288],
              [124.2604, 8.2284],
              [124.2592, 8.2284],
              [124.2588, 8.2284],
              [124.2588, 8.2288]
            ]
          ],
          [
            [
              [124.2404, 8.2296],
              [124.2404, 8.2292],
              [124.2404, 8.228],
              [124.2408, 8.228],
              [124.2408, 8.2284],
              [124.242, 8.2284],
              [124.2424, 8.228],
              [124.2436, 8.228],
              [124.2444, 8.228],
              [124.244, 8.228],
              [124.2436, 8.228],
              [124.2436, 8.2288],
              [124.2428, 8.2284],
              [124.242, 8.2284],
              [124.2408, 8.2284],
              [124.2404, 8.2288],
              [124.2408, 8.2292],
              [124.2412, 8.2292],
              [124.2408, 8.2296],
              [124.2404, 8.2296]
            ]
          ],
          [
            [
              [124.2552, 8.226],
              [124.2552, 8.2268],
              [124.2556, 8.2268],
              [124.2556, 8.2272],
              [124.2556, 8.2276],
              [124.256, 8.228],
              [124.2556, 8.2288],
              [124.2556, 8.2292],
              [124.2552, 8.2296],
              [124.2552, 8.2292],
              [124.2556, 8.2292],
              [124.2552, 8.2288],
              [124.2552, 8.2276],
              [124.2552, 8.2264],
              [124.2548, 8.2264],
              [124.2548, 8.2256],
              [124.2552, 8.226]
            ]
          ],
          [
            [
              [124.2452, 8.2296],
              [124.2444, 8.2296],
              [124.2444, 8.2292],
              [124.2444, 8.2284],
              [124.244, 8.228],
              [124.2444, 8.228],
              [124.2444, 8.2288],
              [124.2448, 8.2288],
              [124.2448, 8.2284],
              [124.2452, 8.2288],
              [124.2452, 8.2284],
              [124.2456, 8.2284],
              [124.2452, 8.2284],
              [124.2452, 8.2288],
              [124.2448, 8.2288],
              [124.2448, 8.2292],
              [124.2452, 8.2296]
            ]
          ],
          [
            [
              [124.2492, 8.23],
              [124.2488, 8.23],
              [124.2488, 8.2296],
              [124.2492, 8.2296],
              [124.2492, 8.2292],
              [124.2492, 8.2288],
              [124.2496, 8.2288],
              [124.25, 8.2288],
              [124.25, 8.2292],
              [124.2496, 8.2288],
              [124.2496, 8.2296],
              [124.2492, 8.23]
            ]
          ],
          [
            [
              [124.2392, 8.23],
              [124.2388, 8.23],
              [124.2388, 8.2296],
              [124.2392, 8.2296],
              [124.2392, 8.23]
            ]
          ],
          [
            [
              [124.2536, 8.23],
              [124.2532, 8.2304],
              [124.2532, 8.2296],
              [124.2528, 8.2296],
              [124.2528, 8.2292],
              [124.2536, 8.2292],
              [124.2532, 8.2288],
              [124.2532, 8.2276],
              [124.254, 8.2276],
              [124.2536, 8.228],
              [124.2536, 8.2284],
              [124.254, 8.2284],
              [124.2544, 8.2288],
              [124.2536, 8.2288],
              [124.2536, 8.2292],
              [124.2536, 8.2296],
              [124.2536, 8.23]
            ]
          ],
          [
            [
              [124.2384, 8.2304],
              [124.238, 8.23],
              [124.2376, 8.23],
              [124.2376, 8.2296],
              [124.2372, 8.2296],
              [124.2372, 8.2292],
              [124.238, 8.2288],
              [124.2384, 8.2288],
              [124.2384, 8.2292],
              [124.238, 8.2296],
              [124.2384, 8.2304]
            ]
          ],
          [
            [
              [124.2464, 8.23],
              [124.2468, 8.23],
              [124.2464, 8.2304],
              [124.2464, 8.23]
            ]
          ],
          [
            [
              [124.2372, 8.2304],
              [124.2368, 8.23],
              [124.2372, 8.23],
              [124.2372, 8.2304]
            ]
          ],
          [
            [
              [124.2344, 8.2304],
              [124.234, 8.2304],
              [124.234, 8.23],
              [124.2336, 8.2304],
              [124.234, 8.23],
              [124.234, 8.2292],
              [124.2344, 8.2292],
              [124.2344, 8.2284],
              [124.2348, 8.2284],
              [124.2348, 8.2288],
              [124.2356, 8.2288],
              [124.2356, 8.2296],
              [124.2356, 8.23],
              [124.2352, 8.23],
              [124.2352, 8.2296],
              [124.2352, 8.2292],
              [124.2352, 8.2296],
              [124.2352, 8.23],
              [124.2348, 8.23],
              [124.2348, 8.2296],
              [124.2348, 8.23],
              [124.2348, 8.2296],
              [124.2344, 8.2292],
              [124.2344, 8.2296],
              [124.2344, 8.23],
              [124.2344, 8.2304]
            ]
          ],
          [
            [
              [124.2536, 8.23],
              [124.2536, 8.2304],
              [124.2532, 8.2304],
              [124.2536, 8.23]
            ]
          ],
          [
            [
              [124.2548, 8.2296],
              [124.2548, 8.2304],
              [124.2544, 8.2308],
              [124.2544, 8.2304],
              [124.254, 8.23],
              [124.2544, 8.2296],
              [124.2548, 8.2296]
            ]
          ],
          [
            [
              [124.2356, 8.23],
              [124.2356, 8.2304],
              [124.2356, 8.2308],
              [124.2352, 8.2304],
              [124.2356, 8.23]
            ]
          ],
          [
            [
              [124.2424, 8.23],
              [124.242, 8.2308],
              [124.242, 8.2312],
              [124.242, 8.2308],
              [124.2412, 8.2308],
              [124.2408, 8.2308],
              [124.2408, 8.23],
              [124.2412, 8.23],
              [124.2416, 8.23],
              [124.242, 8.23],
              [124.2416, 8.23],
              [124.2424, 8.2296],
              [124.2424, 8.23]
            ]
          ],
          [
            [
              [124.2484, 8.2308],
              [124.2484, 8.2312],
              [124.248, 8.2308],
              [124.248, 8.2312],
              [124.248, 8.2308],
              [124.2476, 8.2308],
              [124.2468, 8.2308],
              [124.2472, 8.2304],
              [124.2472, 8.23],
              [124.2476, 8.23],
              [124.248, 8.23],
              [124.248, 8.2292],
              [124.2484, 8.2292],
              [124.2484, 8.23],
              [124.2488, 8.23],
              [124.2492, 8.23],
              [124.25, 8.23],
              [124.25, 8.2304],
              [124.2504, 8.2304],
              [124.2504, 8.2308],
              [124.25, 8.2304],
              [124.2492, 8.2308],
              [124.2492, 8.2304],
              [124.2488, 8.2308],
              [124.2484, 8.2304],
              [124.2484, 8.2308]
            ]
          ],
          [
            [
              [124.2468, 8.2308],
              [124.2468, 8.2312],
              [124.2464, 8.2312],
              [124.2468, 8.2312],
              [124.2464, 8.2312],
              [124.2464, 8.2308],
              [124.2464, 8.2304],
              [124.2464, 8.2308],
              [124.2468, 8.2308]
            ]
          ],
          [
            [
              [124.2464, 8.2312],
              [124.246, 8.2312],
              [124.2448, 8.2312],
              [124.2444, 8.2308],
              [124.244, 8.2304],
              [124.2444, 8.23],
              [124.2452, 8.23],
              [124.2452, 8.2304],
              [124.2448, 8.2304],
              [124.2448, 8.2308],
              [124.2456, 8.2308],
              [124.2456, 8.2304],
              [124.246, 8.23],
              [124.2456, 8.2296],
              [124.2456, 8.2292],
              [124.2456, 8.2296],
              [124.246, 8.2296],
              [124.2464, 8.2296],
              [124.2468, 8.2296],
              [124.2468, 8.23],
              [124.2464, 8.23],
              [124.2464, 8.2304],
              [124.2464, 8.2308],
              [124.246, 8.2308],
              [124.2456, 8.2308],
              [124.246, 8.2308],
              [124.2464, 8.2312]
            ]
          ],
          [
            [
              [124.2536, 8.2316],
              [124.254, 8.2312],
              [124.254, 8.2316],
              [124.2536, 8.2316]
            ]
          ],
          [
            [
              [124.2348, 8.2316],
              [124.2344, 8.2312],
              [124.234, 8.2312],
              [124.2344, 8.2312],
              [124.2344, 8.2308],
              [124.2344, 8.2312],
              [124.2348, 8.2312],
              [124.2348, 8.2316]
            ]
          ],
          [
            [
              [124.2596, 8.2316],
              [124.26, 8.2312],
              [124.26, 8.2316],
              [124.2596, 8.2316]
            ]
          ],
          [
            [
              [124.2632, 8.232],
              [124.2628, 8.232],
              [124.2628, 8.2316],
              [124.2632, 8.232]
            ]
          ],
          [
            [
              [124.2364, 8.2308],
              [124.2368, 8.2308],
              [124.2368, 8.2312],
              [124.2368, 8.2316],
              [124.2364, 8.2316],
              [124.2364, 8.2308]
            ]
          ],
          [
            [
              [124.2436, 8.232],
              [124.2432, 8.232],
              [124.2432, 8.2316],
              [124.2436, 8.2316],
              [124.2436, 8.232]
            ]
          ],
          [
            [
              [124.2536, 8.2316],
              [124.2528, 8.2316],
              [124.2528, 8.232],
              [124.252, 8.232],
              [124.2516, 8.232],
              [124.252, 8.2316],
              [124.2524, 8.2316],
              [124.2528, 8.2316],
              [124.2532, 8.2316],
              [124.2536, 8.2316]
            ]
          ],
          [
            [
              [124.2504, 8.2316],
              [124.25, 8.2312],
              [124.2504, 8.2312],
              [124.2504, 8.2316],
              [124.2508, 8.2316],
              [124.2512, 8.2312],
              [124.2516, 8.2312],
              [124.2516, 8.2316],
              [124.2512, 8.2316],
              [124.2512, 8.232],
              [124.2508, 8.232],
              [124.2508, 8.2316],
              [124.2504, 8.232],
              [124.2504, 8.2316]
            ]
          ],
          [
            [
              [124.2424, 8.232],
              [124.242, 8.232],
              [124.2416, 8.2316],
              [124.2424, 8.232]
            ]
          ],
          [
            [
              [124.2348, 8.232],
              [124.2352, 8.232],
              [124.2348, 8.232],
              [124.2344, 8.2324],
              [124.2344, 8.2316],
              [124.2348, 8.2316],
              [124.2348, 8.232]
            ]
          ],
          [
            [
              [124.2488, 8.2324],
              [124.2484, 8.2324],
              [124.2488, 8.232],
              [124.2488, 8.2324]
            ]
          ],
          [
            [
              [124.2376, 8.232],
              [124.2372, 8.232],
              [124.2372, 8.2324],
              [124.2372, 8.232],
              [124.2372, 8.2316],
              [124.2368, 8.2316],
              [124.2368, 8.2312],
              [124.2372, 8.2312],
              [124.2376, 8.2312],
              [124.2376, 8.232],
              [124.238, 8.232],
              [124.2376, 8.232]
            ]
          ],
          [
            [
              [124.246, 8.2324],
              [124.2456, 8.2324],
              [124.2456, 8.232],
              [124.246, 8.2324]
            ]
          ],
          [
            [
              [124.24, 8.2316],
              [124.24, 8.2312],
              [124.2396, 8.2316],
              [124.2396, 8.232],
              [124.2392, 8.2324],
              [124.2392, 8.232],
              [124.2388, 8.2316],
              [124.2392, 8.2316],
              [124.2396, 8.2312],
              [124.2392, 8.2308],
              [124.2388, 8.2308],
              [124.2384, 8.2308],
              [124.2388, 8.2312],
              [124.2384, 8.2316],
              [124.238, 8.232],
              [124.238, 8.2312],
              [124.2376, 8.2308],
              [124.238, 8.2308],
              [124.2384, 8.2304],
              [124.2388, 8.23],
              [124.2388, 8.2304],
              [124.2396, 8.2304],
              [124.2396, 8.2308],
              [124.2396, 8.2304],
              [124.2404, 8.2308],
              [124.2404, 8.2312],
              [124.2408, 8.2312],
              [124.2404, 8.232],
              [124.24, 8.2316]
            ]
          ],
          [
            [
              [124.2408, 8.2328],
              [124.2408, 8.2324],
              [124.2404, 8.2324],
              [124.2404, 8.232],
              [124.2408, 8.232],
              [124.2408, 8.2324],
              [124.2408, 8.2328]
            ]
          ],
          [
            [
              [124.244, 8.2324],
              [124.244, 8.2328],
              [124.2436, 8.2324],
              [124.244, 8.2324]
            ]
          ],
          [
            [
              [124.266, 8.2328],
              [124.2664, 8.2324],
              [124.2664, 8.232],
              [124.2664, 8.2324],
              [124.2664, 8.2328],
              [124.2664, 8.2332],
              [124.266, 8.2328]
            ]
          ],
          [
            [
              [124.2348, 8.2332],
              [124.2344, 8.2332],
              [124.2344, 8.2328],
              [124.2348, 8.2328],
              [124.2348, 8.2332]
            ]
          ],
          [
            [
              [124.2368, 8.2324],
              [124.2364, 8.2332],
              [124.236, 8.2332],
              [124.236, 8.2328],
              [124.2368, 8.2324]
            ]
          ],
          [
            [
              [124.2508, 8.2328],
              [124.2512, 8.2324],
              [124.2516, 8.2328],
              [124.2516, 8.2332],
              [124.2512, 8.2332],
              [124.2508, 8.2336],
              [124.2508, 8.2328]
            ]
          ],
          [
            [
              [124.2452, 8.2336],
              [124.2448, 8.2336],
              [124.2452, 8.2332],
              [124.2448, 8.2332],
              [124.2448, 8.2328],
              [124.2444, 8.2332],
              [124.2444, 8.2328],
              [124.244, 8.2324],
              [124.2444, 8.232],
              [124.2444, 8.2324],
              [124.2452, 8.2324],
              [124.2452, 8.2328],
              [124.2456, 8.2328],
              [124.2456, 8.2332],
              [124.2456, 8.2328],
              [124.2456, 8.2332],
              [124.2452, 8.2332],
              [124.2452, 8.2336]
            ]
          ],
          [
            [
              [124.2372, 8.2332],
              [124.2376, 8.2332],
              [124.2376, 8.2336],
              [124.2372, 8.2336],
              [124.2368, 8.2332],
              [124.2372, 8.2332]
            ]
          ],
          [
            [
              [124.236, 8.2336],
              [124.2356, 8.2336],
              [124.2352, 8.2336],
              [124.2348, 8.2332],
              [124.2344, 8.2332],
              [124.2344, 8.2328],
              [124.2344, 8.2332],
              [124.2348, 8.2332],
              [124.2348, 8.2328],
              [124.2352, 8.2324],
              [124.2352, 8.2328],
              [124.2352, 8.2324],
              [124.2352, 8.232],
              [124.2348, 8.232],
              [124.2348, 8.2316],
              [124.2352, 8.2316],
              [124.2356, 8.2316],
              [124.2356, 8.232],
              [124.2356, 8.2328],
              [124.236, 8.2332],
              [124.236, 8.2336]
            ]
          ],
          [
            [
              [124.234, 8.2336],
              [124.2336, 8.2332],
              [124.234, 8.2332],
              [124.2344, 8.2336],
              [124.234, 8.2336]
            ]
          ],
          [
            [
              [124.24, 8.2332],
              [124.2404, 8.2332],
              [124.2408, 8.2332],
              [124.2412, 8.2332],
              [124.2408, 8.234],
              [124.2404, 8.2336],
              [124.24, 8.2336],
              [124.24, 8.2332]
            ]
          ],
          [
            [
              [124.2552, 8.2344],
              [124.2556, 8.2336],
              [124.2556, 8.234],
              [124.2552, 8.2344]
            ]
          ],
          [
            [
              [124.2524, 8.234],
              [124.2524, 8.2344],
              [124.252, 8.234],
              [124.2524, 8.234]
            ]
          ],
          [
            [
              [124.2448, 8.2344],
              [124.2444, 8.234],
              [124.2448, 8.234],
              [124.2448, 8.2344]
            ]
          ],
          [
            [
              [124.2528, 8.2344],
              [124.2524, 8.2344],
              [124.2524, 8.234],
              [124.2528, 8.234],
              [124.2528, 8.2344]
            ]
          ],
          [
            [
              [124.2532, 8.2344],
              [124.2528, 8.2344],
              [124.2532, 8.234],
              [124.2536, 8.234],
              [124.2536, 8.2344],
              [124.2532, 8.2344]
            ]
          ],
          [
            [
              [124.2536, 8.2348],
              [124.2532, 8.2344],
              [124.2536, 8.2344],
              [124.2536, 8.2348]
            ]
          ],
          [
            [
              [124.2404, 8.2344],
              [124.2408, 8.2344],
              [124.2408, 8.2348],
              [124.2404, 8.2344]
            ]
          ],
          [
            [
              [124.2392, 8.2348],
              [124.2388, 8.2348],
              [124.2388, 8.2344],
              [124.2392, 8.2344],
              [124.2396, 8.2344],
              [124.2392, 8.2348]
            ]
          ],
          [
            [
              [124.2352, 8.2336],
              [124.2356, 8.234],
              [124.2356, 8.2344],
              [124.2352, 8.2344],
              [124.2352, 8.2348],
              [124.2348, 8.234],
              [124.2348, 8.2336],
              [124.2348, 8.2332],
              [124.2348, 8.2336],
              [124.2352, 8.2336]
            ]
          ],
          [
            [
              [124.2528, 8.2344],
              [124.2528, 8.2348],
              [124.2524, 8.2348],
              [124.2524, 8.2344],
              [124.2528, 8.2344]
            ]
          ],
          [
            [
              [124.2436, 8.2348],
              [124.2432, 8.2348],
              [124.2432, 8.2344],
              [124.2436, 8.2344],
              [124.2436, 8.2348]
            ]
          ],
          [
            [
              [124.2688, 8.2348],
              [124.2684, 8.2352],
              [124.2684, 8.2348],
              [124.2688, 8.2348]
            ]
          ],
          [
            [
              [124.2668, 8.2352],
              [124.2664, 8.2352],
              [124.2668, 8.2348],
              [124.2668, 8.2352]
            ]
          ],
          [
            [
              [124.2416, 8.2348],
              [124.2412, 8.2352],
              [124.2412, 8.2348],
              [124.2416, 8.2348]
            ]
          ],
          [
            [
              [124.2412, 8.2352],
              [124.2412, 8.2348],
              [124.2408, 8.2348],
              [124.2412, 8.2344],
              [124.2412, 8.234],
              [124.2416, 8.234],
              [124.2412, 8.2344],
              [124.2412, 8.2348],
              [124.2412, 8.2352]
            ]
          ],
          [
            [
              [124.238, 8.2352],
              [124.238, 8.2348],
              [124.2384, 8.2348],
              [124.238, 8.2352]
            ]
          ],
          [
            [
              [124.2388, 8.2352],
              [124.2388, 8.2348],
              [124.2392, 8.2348],
              [124.2392, 8.2352],
              [124.2388, 8.2352]
            ]
          ],
          [
            [
              [124.242, 8.2356],
              [124.242, 8.2352],
              [124.2424, 8.2352],
              [124.2424, 8.2356],
              [124.242, 8.2356]
            ]
          ],
          [
            [
              [124.2512, 8.2356],
              [124.2508, 8.2356],
              [124.2508, 8.2352],
              [124.2508, 8.2348],
              [124.2516, 8.2348],
              [124.252, 8.2348],
              [124.2524, 8.2348],
              [124.2524, 8.2352],
              [124.252, 8.2352],
              [124.2512, 8.2356]
            ]
          ],
          [
            [
              [124.2676, 8.2356],
              [124.2672, 8.2356],
              [124.2676, 8.2352],
              [124.2676, 8.2356]
            ]
          ],
          [
            [
              [124.2504, 8.2352],
              [124.25, 8.2352],
              [124.25, 8.2356],
              [124.25, 8.2348],
              [124.2504, 8.2348],
              [124.2504, 8.2352]
            ]
          ],
          [
            [
              [124.2424, 8.2356],
              [124.242, 8.236],
              [124.242, 8.2356],
              [124.2424, 8.2356]
            ]
          ],
          [
            [
              [124.24, 8.2356],
              [124.2404, 8.2356],
              [124.24, 8.236],
              [124.24, 8.2356]
            ]
          ],
          [
            [
              [124.2424, 8.236],
              [124.2428, 8.236],
              [124.2428, 8.2364],
              [124.2424, 8.236]
            ]
          ],
          [
            [
              [124.2388, 8.2364],
              [124.2384, 8.236],
              [124.2388, 8.236],
              [124.2388, 8.2356],
              [124.2392, 8.2356],
              [124.2388, 8.236],
              [124.2388, 8.2364]
            ]
          ],
          [
            [
              [124.256, 8.2364],
              [124.256, 8.236],
              [124.2564, 8.2364],
              [124.256, 8.2364]
            ]
          ],
          [
            [
              [124.2636, 8.236],
              [124.2636, 8.2364],
              [124.2632, 8.2368],
              [124.2636, 8.236]
            ]
          ],
          [
            [
              [124.2612, 8.2368],
              [124.2608, 8.2364],
              [124.2612, 8.2364],
              [124.2612, 8.2368]
            ]
          ],
          [
            [
              [124.2396, 8.2368],
              [124.2392, 8.2368],
              [124.2392, 8.2364],
              [124.2396, 8.2364],
              [124.24, 8.2364],
              [124.2396, 8.2368]
            ]
          ],
          [
            [
              [124.26, 8.2372],
              [124.26, 8.2368],
              [124.2596, 8.236],
              [124.26, 8.2364],
              [124.2604, 8.2368],
              [124.26, 8.2372]
            ]
          ],
          [
            [
              [124.2664, 8.2372],
              [124.2664, 8.2368],
              [124.2668, 8.2368],
              [124.2664, 8.2372]
            ]
          ],
          [
            [
              [124.2592, 8.2376],
              [124.2588, 8.2372],
              [124.2592, 8.2372],
              [124.2592, 8.2376]
            ]
          ],
          [
            [
              [124.2516, 8.2376],
              [124.2512, 8.2376],
              [124.2512, 8.2372],
              [124.2516, 8.2372],
              [124.2516, 8.2376]
            ]
          ],
          [
            [
              [124.2736, 8.238],
              [124.2732, 8.238],
              [124.2732, 8.2376],
              [124.2736, 8.238]
            ]
          ],
          [
            [
              [124.2396, 8.238],
              [124.2392, 8.2376],
              [124.2396, 8.2376],
              [124.2396, 8.238]
            ]
          ],
          [
            [
              [124.2392, 8.2376],
              [124.2388, 8.2376],
              [124.2388, 8.2372],
              [124.2384, 8.2372],
              [124.238, 8.2372],
              [124.2384, 8.2364],
              [124.2384, 8.2372],
              [124.2388, 8.2372],
              [124.2392, 8.2368],
              [124.2396, 8.2376],
              [124.2392, 8.2376]
            ]
          ],
          [
            [
              [124.2408, 8.2372],
              [124.2408, 8.238],
              [124.2404, 8.238],
              [124.2404, 8.2376],
              [124.2404, 8.2372],
              [124.2404, 8.2368],
              [124.2404, 8.2364],
              [124.2404, 8.236],
              [124.2408, 8.236],
              [124.2408, 8.2364],
              [124.2408, 8.236],
              [124.2404, 8.236],
              [124.2408, 8.236],
              [124.2412, 8.236],
              [124.2412, 8.2364],
              [124.2412, 8.236],
              [124.2416, 8.236],
              [124.242, 8.236],
              [124.2416, 8.236],
              [124.242, 8.2364],
              [124.2416, 8.2364],
              [124.2416, 8.2368],
              [124.242, 8.2368],
              [124.2424, 8.2368],
              [124.2432, 8.2368],
              [124.2432, 8.236],
              [124.2428, 8.2356],
              [124.2432, 8.2356],
              [124.2428, 8.2356],
              [124.2428, 8.2352],
              [124.2432, 8.2352],
              [124.2436, 8.2352],
              [124.2436, 8.2356],
              [124.244, 8.2356],
              [124.2436, 8.236],
              [124.244, 8.236],
              [124.2436, 8.2364],
              [124.2436, 8.2368],
              [124.2432, 8.2372],
              [124.2428, 8.2368],
              [124.2424, 8.2368],
              [124.242, 8.2368],
              [124.242, 8.2372],
              [124.2416, 8.2372],
              [124.2412, 8.2368],
              [124.2416, 8.2364],
              [124.2412, 8.2364],
              [124.2412, 8.2368],
              [124.2412, 8.2364],
              [124.2408, 8.2368],
              [124.2412, 8.2368],
              [124.2412, 8.2372],
              [124.2408, 8.2372]
            ]
          ],
          [
            [
              [124.2748, 8.238],
              [124.2748, 8.2384],
              [124.2744, 8.2384],
              [124.2748, 8.238]
            ]
          ],
          [
            [
              [124.242, 8.238],
              [124.2424, 8.2376],
              [124.2428, 8.238],
              [124.242, 8.238]
            ]
          ],
          [
            [
              [124.2588, 8.238],
              [124.2584, 8.2384],
              [124.2584, 8.238],
              [124.2588, 8.238]
            ]
          ],
          [
            [
              [124.24, 8.238],
              [124.24, 8.2384],
              [124.2396, 8.238],
              [124.24, 8.238]
            ]
          ],
          [
            [
              [124.2584, 8.238],
              [124.258, 8.2384],
              [124.258, 8.2388],
              [124.258, 8.2384],
              [124.258, 8.238],
              [124.2576, 8.238],
              [124.2576, 8.2376],
              [124.258, 8.2376],
              [124.258, 8.2372],
              [124.2588, 8.2372],
              [124.2584, 8.2376],
              [124.2588, 8.2376],
              [124.2584, 8.2376],
              [124.2584, 8.238]
            ]
          ],
          [
            [
              [124.2712, 8.2388],
              [124.2708, 8.2388],
              [124.2708, 8.2384],
              [124.2712, 8.2384],
              [124.2712, 8.2388]
            ]
          ],
          [
            [
              [124.2412, 8.2392],
              [124.2408, 8.2388],
              [124.2412, 8.2388],
              [124.2412, 8.2392]
            ]
          ],
          [
            [
              [124.2656, 8.2392],
              [124.2652, 8.2392],
              [124.2656, 8.2388],
              [124.2656, 8.2392]
            ]
          ],
          [
            [
              [124.2444, 8.2392],
              [124.244, 8.2392],
              [124.2444, 8.2388],
              [124.2444, 8.2392]
            ]
          ],
          [
            [
              [124.2624, 8.2392],
              [124.262, 8.2392],
              [124.2616, 8.2392],
              [124.2612, 8.2392],
              [124.262, 8.2388],
              [124.2624, 8.2384],
              [124.2624, 8.2388],
              [124.2624, 8.2392]
            ]
          ],
          [
            [
              [124.2416, 8.2404],
              [124.2412, 8.24],
              [124.2408, 8.24],
              [124.2416, 8.2396],
              [124.2416, 8.2404]
            ]
          ],
          [
            [
              [124.2732, 8.2404],
              [124.2728, 8.2404],
              [124.2728, 8.24],
              [124.2732, 8.2404]
            ]
          ],
          [
            [
              [124.2644, 8.24],
              [124.2648, 8.2404],
              [124.2644, 8.2404],
              [124.2644, 8.24]
            ]
          ],
          [
            [
              [124.2508, 8.2404],
              [124.2504, 8.24],
              [124.2508, 8.24],
              [124.2508, 8.2404]
            ]
          ],
          [
            [
              [124.2404, 8.2404],
              [124.2408, 8.2404],
              [124.2408, 8.2408],
              [124.2404, 8.2404]
            ]
          ],
          [
            [
              [124.25, 8.2408],
              [124.25, 8.2412],
              [124.2492, 8.2408],
              [124.2496, 8.2408],
              [124.25, 8.2408]
            ]
          ],
          [
            [
              [124.2572, 8.2408],
              [124.2572, 8.2412],
              [124.2568, 8.2412],
              [124.2572, 8.2408],
              [124.2576, 8.2408],
              [124.2576, 8.2412],
              [124.2572, 8.2408]
            ]
          ],
          [
            [
              [124.2488, 8.2412],
              [124.2484, 8.2412],
              [124.2484, 8.2408],
              [124.248, 8.2408],
              [124.2476, 8.2404],
              [124.2488, 8.2404],
              [124.2488, 8.2408],
              [124.2488, 8.2412]
            ]
          ],
          [
            [
              [124.2692, 8.2412],
              [124.2688, 8.2412],
              [124.2688, 8.2408],
              [124.2692, 8.2408],
              [124.2692, 8.2412]
            ]
          ],
          [
            [
              [124.2476, 8.2412],
              [124.2468, 8.2412],
              [124.2464, 8.2412],
              [124.2468, 8.2408],
              [124.2468, 8.24],
              [124.2464, 8.2404],
              [124.2464, 8.24],
              [124.246, 8.24],
              [124.2464, 8.2404],
              [124.246, 8.2404],
              [124.2464, 8.2404],
              [124.2464, 8.2412],
              [124.246, 8.2412],
              [124.2456, 8.2404],
              [124.246, 8.24],
              [124.2464, 8.2396],
              [124.2468, 8.24],
              [124.2472, 8.24],
              [124.2476, 8.24],
              [124.248, 8.24],
              [124.2476, 8.2404],
              [124.2472, 8.2404],
              [124.2472, 8.2408],
              [124.2472, 8.2412],
              [124.2468, 8.2412],
              [124.2472, 8.2412],
              [124.2472, 8.2408],
              [124.2472, 8.2412],
              [124.2476, 8.2412]
            ]
          ],
          [
            [
              [124.2652, 8.2408],
              [124.2652, 8.2404],
              [124.2652, 8.24],
              [124.2656, 8.24],
              [124.2656, 8.2404],
              [124.2652, 8.2404],
              [124.2652, 8.2416],
              [124.2652, 8.2412],
              [124.2652, 8.2408]
            ]
          ],
          [
            [
              [124.246, 8.242],
              [124.2464, 8.2416],
              [124.2464, 8.242],
              [124.246, 8.242]
            ]
          ],
          [
            [
              [124.2632, 8.2416],
              [124.2636, 8.2416],
              [124.2636, 8.242],
              [124.2632, 8.2416]
            ]
          ],
          [
            [
              [124.2604, 8.2416],
              [124.2604, 8.242],
              [124.26, 8.242],
              [124.26, 8.2416],
              [124.2604, 8.2416]
            ]
          ],
          [
            [
              [124.2412, 8.2416],
              [124.2412, 8.242],
              [124.2408, 8.242],
              [124.2408, 8.2416],
              [124.2408, 8.2408],
              [124.2412, 8.2408],
              [124.2412, 8.2412],
              [124.2412, 8.2416]
            ]
          ],
          [
            [
              [124.2452, 8.242],
              [124.2456, 8.242],
              [124.246, 8.242],
              [124.246, 8.2424],
              [124.2456, 8.242],
              [124.2452, 8.242]
            ]
          ],
          [
            [
              [124.2432, 8.242],
              [124.2428, 8.2424],
              [124.2424, 8.242],
              [124.2428, 8.2416],
              [124.2432, 8.242]
            ]
          ],
          [
            [
              [124.2804, 8.2424],
              [124.28, 8.2424],
              [124.28, 8.242],
              [124.2804, 8.242],
              [124.2804, 8.2424]
            ]
          ],
          [
            [
              [124.2504, 8.2416],
              [124.25, 8.242],
              [124.25, 8.2416],
              [124.2496, 8.2416],
              [124.2492, 8.2416],
              [124.2496, 8.2412],
              [124.25, 8.2412],
              [124.2504, 8.2404],
              [124.2508, 8.2404],
              [124.2508, 8.2408],
              [124.2512, 8.2408],
              [124.2504, 8.2416]
            ]
          ],
          [
            [
              [124.2472, 8.2416],
              [124.2468, 8.242],
              [124.2468, 8.2416],
              [124.2472, 8.2416]
            ]
          ],
          [
            [
              [124.2768, 8.2424],
              [124.2764, 8.2424],
              [124.2764, 8.242],
              [124.2768, 8.242],
              [124.2768, 8.2424]
            ]
          ],
          [
            [
              [124.2584, 8.2424],
              [124.2584, 8.242],
              [124.2588, 8.242],
              [124.2588, 8.2428],
              [124.2584, 8.2424]
            ]
          ],
          [
            [
              [124.2452, 8.242],
              [124.2452, 8.2424],
              [124.2448, 8.2428],
              [124.2452, 8.2424],
              [124.2448, 8.242],
              [124.2444, 8.2416],
              [124.2444, 8.2412],
              [124.244, 8.2412],
              [124.244, 8.2408],
              [124.244, 8.2404],
              [124.2444, 8.2404],
              [124.244, 8.2404],
              [124.244, 8.24],
              [124.2444, 8.24],
              [124.244, 8.2396],
              [124.2444, 8.2392],
              [124.2448, 8.2396],
              [124.2452, 8.24],
              [124.2448, 8.2404],
              [124.2448, 8.2408],
              [124.2448, 8.2404],
              [124.2444, 8.2404],
              [124.2444, 8.2408],
              [124.2448, 8.2408],
              [124.2448, 8.2416],
              [124.2452, 8.2416],
              [124.2456, 8.2412],
              [124.2456, 8.2416],
              [124.2452, 8.242]
            ]
          ],
          [
            [
              [124.2584, 8.2428],
              [124.258, 8.2424],
              [124.2584, 8.2424],
              [124.2584, 8.2428]
            ]
          ],
          [
            [
              [124.2572, 8.2424],
              [124.2568, 8.2428],
              [124.256, 8.2428],
              [124.256, 8.2424],
              [124.2564, 8.242],
              [124.2568, 8.242],
              [124.2568, 8.2424],
              [124.2572, 8.2424]
            ]
          ],
          [
            [
              [124.2524, 8.2424],
              [124.2528, 8.242],
              [124.2532, 8.242],
              [124.2532, 8.2412],
              [124.2524, 8.2416],
              [124.2524, 8.2408],
              [124.252, 8.2412],
              [124.2516, 8.2412],
              [124.2512, 8.2412],
              [124.2512, 8.2408],
              [124.2516, 8.2408],
              [124.252, 8.2408],
              [124.2524, 8.2404],
              [124.2528, 8.2408],
              [124.2532, 8.2412],
              [124.2532, 8.2416],
              [124.2536, 8.2416],
              [124.2532, 8.2416],
              [124.254, 8.2412],
              [124.254, 8.2416],
              [124.254, 8.2412],
              [124.254, 8.2408],
              [124.2536, 8.2404],
              [124.254, 8.2404],
              [124.254, 8.2408],
              [124.2544, 8.2408],
              [124.2544, 8.2412],
              [124.254, 8.2416],
              [124.2544, 8.2416],
              [124.2552, 8.2416],
              [124.2552, 8.242],
              [124.2552, 8.2416],
              [124.2556, 8.2416],
              [124.2556, 8.242],
              [124.256, 8.2416],
              [124.2564, 8.242],
              [124.256, 8.242],
              [124.256, 8.2424],
              [124.256, 8.2428],
              [124.2556, 8.2424],
              [124.2552, 8.2424],
              [124.2552, 8.242],
              [124.254, 8.242],
              [124.2536, 8.242],
              [124.2524, 8.2424]
            ]
          ],
          [
            [
              [124.2808, 8.2428],
              [124.2804, 8.2428],
              [124.2804, 8.2424],
              [124.2808, 8.2428]
            ]
          ],
          [
            [
              [124.2596, 8.2428],
              [124.2592, 8.2428],
              [124.2596, 8.2424],
              [124.2596, 8.242],
              [124.2592, 8.2416],
              [124.2588, 8.2416],
              [124.2588, 8.2408],
              [124.2584, 8.2408],
              [124.258, 8.2408],
              [124.258, 8.2404],
              [124.2576, 8.2404],
              [124.258, 8.2408],
              [124.2576, 8.2404],
              [124.2568, 8.2404],
              [124.2568, 8.24],
              [124.2564, 8.24],
              [124.2564, 8.2396],
              [124.256, 8.24],
              [124.256, 8.2392],
              [124.2564, 8.2392],
              [124.2568, 8.2392],
              [124.2564, 8.2392],
              [124.2564, 8.2388],
              [124.256, 8.2384],
              [124.2564, 8.238],
              [124.256, 8.238],
              [124.256, 8.2376],
              [124.2564, 8.2372],
              [124.2564, 8.2376],
              [124.256, 8.2376],
              [124.2564, 8.2376],
              [124.2568, 8.2376],
              [124.2564, 8.2376],
              [124.2564, 8.2372],
              [124.2568, 8.2372],
              [124.2568, 8.2368],
              [124.2564, 8.2368],
              [124.2564, 8.2364],
              [124.2564, 8.236],
              [124.256, 8.236],
              [124.2564, 8.2356],
              [124.256, 8.2352],
              [124.2556, 8.2352],
              [124.2552, 8.2352],
              [124.2552, 8.2348],
              [124.2548, 8.2344],
              [124.2548, 8.234],
              [124.2544, 8.2336],
              [124.2548, 8.2336],
              [124.2552, 8.234],
              [124.2552, 8.2344],
              [124.2556, 8.2348],
              [124.256, 8.2348],
              [124.256, 8.2344],
              [124.256, 8.234],
              [124.2564, 8.2336],
              [124.2564, 8.2332],
              [124.2568, 8.2328],
              [124.2568, 8.2324],
              [124.2564, 8.2324],
              [124.2556, 8.2324],
              [124.2552, 8.2324],
              [124.2552, 8.2328],
              [124.2548, 8.2328],
              [124.2548, 8.2332],
              [124.2544, 8.2332],
              [124.254, 8.2336],
              [124.2544, 8.2336],
              [124.2544, 8.234],
              [124.254, 8.234],
              [124.254, 8.2344],
              [124.254, 8.2348],
              [124.2536, 8.2348],
              [124.2536, 8.2344],
              [124.254, 8.2344],
              [124.2536, 8.234],
              [124.254, 8.234],
              [124.254, 8.2336],
              [124.254, 8.234],
              [124.2536, 8.2336],
              [124.2536, 8.234],
              [124.2536, 8.2336],
              [124.2532, 8.2336],
              [124.2528, 8.2332],
              [124.2532, 8.2332],
              [124.2532, 8.2328],
              [124.2532, 8.2332],
              [124.2536, 8.2332],
              [124.2544, 8.2328],
              [124.2548, 8.2328],
              [124.2552, 8.2328],
              [124.2552, 8.2324],
              [124.2556, 8.232],
              [124.256, 8.232],
              [124.2556, 8.2316],
              [124.256, 8.2316],
              [124.256, 8.2312],
              [124.256, 8.2308],
              [124.256, 8.2304],
              [124.2564, 8.2304],
              [124.2564, 8.2296],
              [124.2568, 8.2292],
              [124.2572, 8.2292],
              [124.2576, 8.2288],
              [124.2576, 8.2292],
              [124.2568, 8.2296],
              [124.2568, 8.23],
              [124.2564, 8.2304],
              [124.2568, 8.2304],
              [124.2568, 8.2308],
              [124.2572, 8.2312],
              [124.2568, 8.2312],
              [124.2572, 8.2312],
              [124.2576, 8.2316],
              [124.2572, 8.232],
              [124.2576, 8.2324],
              [124.258, 8.2324],
              [124.2584, 8.2328],
              [124.2588, 8.2328],
              [124.2584, 8.2328],
              [124.2584, 8.2332],
              [124.2576, 8.2328],
              [124.2576, 8.2324],
              [124.2572, 8.2324],
              [124.2572, 8.2328],
              [124.2572, 8.2332],
              [124.2568, 8.2332],
              [124.2568, 8.2336],
              [124.2564, 8.2344],
              [124.256, 8.2348],
              [124.256, 8.2352],
              [124.256, 8.2356],
              [124.2568, 8.2356],
              [124.2568, 8.2352],
              [124.2568, 8.2356],
              [124.2576, 8.236],
              [124.2572, 8.2364],
              [124.2568, 8.236],
              [124.2564, 8.236],
              [124.2564, 8.2364],
              [124.2568, 8.2364],
              [124.2568, 8.2368],
              [124.2572, 8.2368],
              [124.2576, 8.2368],
              [124.258, 8.2372],
              [124.2576, 8.2372],
              [124.2576, 8.238],
              [124.2576, 8.2384],
              [124.2572, 8.2384],
              [124.2576, 8.2388],
              [124.258, 8.2384],
              [124.258, 8.2388],
              [124.258, 8.2392],
              [124.258, 8.2388],
              [124.2584, 8.2392],
              [124.258, 8.2396],
              [124.258, 8.24],
              [124.2584, 8.2396],
              [124.2584, 8.2388],
              [124.2588, 8.2384],
              [124.2584, 8.2384],
              [124.2588, 8.238],
              [124.2588, 8.2384],
              [124.2592, 8.2384],
              [124.2592, 8.2388],
              [124.2588, 8.2388],
              [124.2592, 8.2388],
              [124.2596, 8.2384],
              [124.26, 8.2388],
              [124.26, 8.2392],
              [124.2604, 8.2392],
              [124.2604, 8.2396],
              [124.26, 8.2396],
              [124.2604, 8.2396],
              [124.2604, 8.2392],
              [124.2608, 8.2392],
              [124.2608, 8.2396],
              [124.2612, 8.2396],
              [124.2604, 8.2396],
              [124.2604, 8.24],
              [124.2596, 8.24],
              [124.2592, 8.24],
              [124.2592, 8.2404],
              [124.2596, 8.2404],
              [124.2596, 8.2408],
              [124.2592, 8.2408],
              [124.26, 8.2408],
              [124.26, 8.2412],
              [124.2596, 8.2416],
              [124.2596, 8.2424],
              [124.2596, 8.2428]
            ],
            [
              [124.2572, 8.2392],
              [124.2576, 8.2396],
              [124.2576, 8.2392],
              [124.2572, 8.2392]
            ],
            [
              [124.2588, 8.24],
              [124.2592, 8.24],
              [124.2592, 8.2396],
              [124.2588, 8.24]
            ]
          ],
          [
            [
              [124.2456, 8.2432],
              [124.2456, 8.2428],
              [124.246, 8.2428],
              [124.2456, 8.2432]
            ]
          ],
          [
            [
              [124.2528, 8.2428],
              [124.2532, 8.2428],
              [124.2532, 8.2432],
              [124.2528, 8.2432],
              [124.2528, 8.2428]
            ]
          ],
          [
            [
              [124.2484, 8.2428],
              [124.2488, 8.2432],
              [124.2484, 8.2432],
              [124.2484, 8.2428]
            ]
          ],
          [
            [
              [124.244, 8.2428],
              [124.2436, 8.2428],
              [124.2432, 8.2436],
              [124.2428, 8.2428],
              [124.2424, 8.2432],
              [124.2424, 8.2428],
              [124.242, 8.2424],
              [124.2416, 8.2428],
              [124.2416, 8.242],
              [124.2412, 8.242],
              [124.2412, 8.2416],
              [124.2412, 8.2412],
              [124.2416, 8.2416],
              [124.2416, 8.242],
              [124.242, 8.2424],
              [124.2424, 8.2424],
              [124.2428, 8.2424],
              [124.2424, 8.2424],
              [124.2428, 8.2424],
              [124.2432, 8.2432],
              [124.2436, 8.2428],
              [124.2436, 8.2424],
              [124.2432, 8.2424],
              [124.2432, 8.242],
              [124.2432, 8.2416],
              [124.2436, 8.2412],
              [124.2436, 8.2416],
              [124.2432, 8.242],
              [124.2436, 8.242],
              [124.244, 8.242],
              [124.244, 8.2424],
              [124.244, 8.242],
              [124.2444, 8.242],
              [124.2444, 8.2424],
              [124.2444, 8.2428],
              [124.244, 8.2428]
            ]
          ],
          [
            [
              [124.2608, 8.2432],
              [124.2608, 8.2436],
              [124.2604, 8.2436],
              [124.26, 8.2432],
              [124.2596, 8.2432],
              [124.2596, 8.2428],
              [124.2596, 8.2424],
              [124.2604, 8.2428],
              [124.2608, 8.2428],
              [124.2608, 8.2432]
            ]
          ],
          [
            [
              [124.2808, 8.2436],
              [124.2804, 8.2436],
              [124.28, 8.2432],
              [124.2804, 8.2432],
              [124.2808, 8.2436]
            ]
          ],
          [
            [
              [124.2484, 8.2428],
              [124.248, 8.2428],
              [124.248, 8.2432],
              [124.2476, 8.2432],
              [124.2476, 8.2436],
              [124.2472, 8.2436],
              [124.2472, 8.2432],
              [124.248, 8.2428],
              [124.248, 8.2424],
              [124.248, 8.242],
              [124.2484, 8.242],
              [124.2484, 8.2424],
              [124.2484, 8.2428]
            ]
          ],
          [
            [
              [124.2804, 8.2436],
              [124.2808, 8.244],
              [124.2804, 8.244],
              [124.2804, 8.2436]
            ]
          ],
          [
            [
              [124.2756, 8.2432],
              [124.2752, 8.2436],
              [124.2748, 8.244],
              [124.2748, 8.2436],
              [124.2756, 8.2432]
            ]
          ],
          [
            [
              [124.2432, 8.2436],
              [124.2428, 8.244],
              [124.2428, 8.2436],
              [124.2428, 8.2432],
              [124.2432, 8.2436]
            ]
          ],
          [
            [
              [124.2588, 8.2436],
              [124.2576, 8.2436],
              [124.2576, 8.2432],
              [124.2572, 8.2432],
              [124.2572, 8.2428],
              [124.2576, 8.2428],
              [124.258, 8.2428],
              [124.2584, 8.2428],
              [124.2588, 8.2432],
              [124.2584, 8.2432],
              [124.2588, 8.2436]
            ]
          ],
          [
            [
              [124.2444, 8.244],
              [124.244, 8.244],
              [124.244, 8.2436],
              [124.2444, 8.2436],
              [124.2444, 8.244]
            ]
          ],
          [
            [
              [124.2464, 8.244],
              [124.246, 8.244],
              [124.2456, 8.2436],
              [124.2452, 8.2432],
              [124.2456, 8.2432],
              [124.2456, 8.2436],
              [124.246, 8.2436],
              [124.2464, 8.244]
            ]
          ],
          [
            [
              [124.2744, 8.2436],
              [124.2748, 8.2436],
              [124.2744, 8.244],
              [124.2744, 8.2436]
            ]
          ],
          [
            [
              [124.2668, 8.2444],
              [124.2664, 8.2444],
              [124.2664, 8.244],
              [124.2668, 8.2436],
              [124.2668, 8.244],
              [124.2668, 8.2444]
            ]
          ],
          [
            [
              [124.2572, 8.2448],
              [124.2568, 8.2444],
              [124.2568, 8.244],
              [124.2572, 8.244],
              [124.2576, 8.244],
              [124.2572, 8.2448]
            ]
          ],
          [
            [
              [124.2672, 8.2448],
              [124.2668, 8.2448],
              [124.2668, 8.2444],
              [124.2672, 8.2444],
              [124.2676, 8.2444],
              [124.2676, 8.2448],
              [124.2672, 8.2448]
            ]
          ],
          [
            [
              [124.258, 8.2444],
              [124.258, 8.2448],
              [124.2576, 8.2448],
              [124.2576, 8.2444],
              [124.258, 8.2444]
            ]
          ],
          [
            [
              [124.266, 8.2444],
              [124.2656, 8.2444],
              [124.2656, 8.244],
              [124.2648, 8.244],
              [124.2644, 8.2444],
              [124.2644, 8.2448],
              [124.2644, 8.2452],
              [124.264, 8.2448],
              [124.264, 8.2444],
              [124.2636, 8.2444],
              [124.264, 8.2444],
              [124.264, 8.2436],
              [124.2648, 8.2436],
              [124.2648, 8.244],
              [124.2656, 8.244],
              [124.266, 8.244],
              [124.266, 8.2444],
              [124.266, 8.244],
              [124.266, 8.2444]
            ]
          ],
          [
            [
              [124.2628, 8.2436],
              [124.2628, 8.2432],
              [124.2624, 8.2432],
              [124.2624, 8.244],
              [124.2624, 8.2444],
              [124.2624, 8.2448],
              [124.262, 8.2448],
              [124.262, 8.2452],
              [124.2616, 8.2452],
              [124.2616, 8.2444],
              [124.262, 8.2444],
              [124.262, 8.244],
              [124.2616, 8.244],
              [124.2616, 8.2436],
              [124.2612, 8.2436],
              [124.2612, 8.2428],
              [124.2616, 8.2428],
              [124.262, 8.2428],
              [124.2616, 8.2428],
              [124.2616, 8.2424],
              [124.2612, 8.2424],
              [124.2612, 8.2416],
              [124.2616, 8.2412],
              [124.2612, 8.2412],
              [124.2612, 8.2408],
              [124.2616, 8.2408],
              [124.2624, 8.2408],
              [124.2628, 8.2408],
              [124.2632, 8.2404],
              [124.2636, 8.2404],
              [124.264, 8.24],
              [124.2644, 8.24],
              [124.264, 8.24],
              [124.264, 8.2404],
              [124.2636, 8.2404],
              [124.2632, 8.2408],
              [124.2628, 8.2408],
              [124.262, 8.2412],
              [124.2628, 8.2416],
              [124.2632, 8.2416],
              [124.2632, 8.242],
              [124.2628, 8.242],
              [124.2632, 8.2424],
              [124.2632, 8.242],
              [124.2636, 8.242],
              [124.2632, 8.242],
              [124.2636, 8.242],
              [124.2632, 8.2424],
              [124.2632, 8.2428],
              [124.2632, 8.2436],
              [124.2628, 8.2436]
            ]
          ],
          [
            [
              [124.2692, 8.2452],
              [124.2696, 8.2448],
              [124.27, 8.2448],
              [124.27, 8.2452],
              [124.2696, 8.2452],
              [124.2692, 8.2452]
            ]
          ],
          [
            [
              [124.2688, 8.2444],
              [124.2684, 8.2448],
              [124.2684, 8.2452],
              [124.2676, 8.2452],
              [124.2676, 8.2448],
              [124.268, 8.2444],
              [124.268, 8.2436],
              [124.2684, 8.2436],
              [124.2684, 8.244],
              [124.2688, 8.2444],
              [124.2692, 8.2444],
              [124.2688, 8.244],
              [124.2684, 8.244],
              [124.2684, 8.2436],
              [124.2688, 8.2432],
              [124.2692, 8.2432],
              [124.2692, 8.2428],
              [124.2688, 8.2424],
              [124.2692, 8.242],
              [124.2692, 8.2424],
              [124.27, 8.2416],
              [124.2696, 8.2412],
              [124.27, 8.2412],
              [124.27, 8.2408],
              [124.2696, 8.2412],
              [124.2692, 8.2416],
              [124.2696, 8.242],
              [124.2692, 8.242],
              [124.2688, 8.242],
              [124.2688, 8.2424],
              [124.2684, 8.2424],
              [124.2684, 8.242],
              [124.2684, 8.2424],
              [124.2684, 8.242],
              [124.2684, 8.2416],
              [124.2688, 8.242],
              [124.2688, 8.2416],
              [124.2688, 8.2412],
              [124.2692, 8.2412],
              [124.2696, 8.2412],
              [124.2696, 8.2408],
              [124.27, 8.2404],
              [124.2704, 8.2396],
              [124.2704, 8.24],
              [124.2708, 8.24],
              [124.2708, 8.2396],
              [124.2708, 8.2392],
              [124.2712, 8.2388],
              [124.2712, 8.2396],
              [124.2716, 8.24],
              [124.2712, 8.2404],
              [124.2712, 8.24],
              [124.2712, 8.2404],
              [124.2708, 8.2412],
              [124.2708, 8.242],
              [124.2704, 8.242],
              [124.2704, 8.2424],
              [124.27, 8.2428],
              [124.27, 8.2432],
              [124.2704, 8.2432],
              [124.2712, 8.2432],
              [124.2708, 8.2436],
              [124.2708, 8.244],
              [124.2704, 8.2444],
              [124.27, 8.2444],
              [124.27, 8.2448],
              [124.27, 8.2444],
              [124.2692, 8.2444],
              [124.2692, 8.2448],
              [124.2688, 8.2444]
            ]
          ],
          [
            [
              [124.2636, 8.2448],
              [124.2636, 8.2452],
              [124.2632, 8.2452],
              [124.2632, 8.2448],
              [124.2636, 8.2448]
            ]
          ],
          [
            [
              [124.2476, 8.2452],
              [124.2472, 8.2452],
              [124.2468, 8.2448],
              [124.2468, 8.2444],
              [124.2472, 8.2444],
              [124.2472, 8.2448],
              [124.2472, 8.2452],
              [124.2476, 8.2452]
            ]
          ],
          [
            [
              [124.2612, 8.2444],
              [124.2608, 8.2444],
              [124.2604, 8.2444],
              [124.2604, 8.2448],
              [124.26, 8.2448],
              [124.26, 8.2452],
              [124.2596, 8.2452],
              [124.2592, 8.2452],
              [124.2584, 8.2452],
              [124.258, 8.2452],
              [124.258, 8.2448],
              [124.2584, 8.2448],
              [124.258, 8.2444],
              [124.2584, 8.2444],
              [124.2588, 8.2444],
              [124.2588, 8.2436],
              [124.2592, 8.2436],
              [124.2592, 8.244],
              [124.2592, 8.2444],
              [124.2592, 8.2448],
              [124.2592, 8.2444],
              [124.2592, 8.2448],
              [124.2596, 8.2448],
              [124.2596, 8.2452],
              [124.26, 8.2452],
              [124.26, 8.2448],
              [124.26, 8.2444],
              [124.26, 8.244],
              [124.2608, 8.244],
              [124.2616, 8.244],
              [124.2616, 8.2444],
              [124.2612, 8.2444]
            ]
          ],
          [
            [
              [124.2644, 8.2452],
              [124.264, 8.2452],
              [124.264, 8.2456],
              [124.264, 8.2452],
              [124.264, 8.2448],
              [124.2644, 8.2452]
            ]
          ],
          [
            [
              [124.2612, 8.2456],
              [124.2608, 8.2456],
              [124.2608, 8.2452],
              [124.2612, 8.2456]
            ]
          ],
          [
            [
              [124.2608, 8.2456],
              [124.2604, 8.2456],
              [124.2608, 8.2452],
              [124.2608, 8.2456]
            ]
          ],
          [
            [
              [124.2604, 8.2456],
              [124.26, 8.2456],
              [124.26, 8.2452],
              [124.2604, 8.2456]
            ]
          ],
          [
            [
              [124.2768, 8.2448],
              [124.2768, 8.2456],
              [124.2764, 8.2456],
              [124.2768, 8.2448]
            ]
          ],
          [
            [
              [124.2504, 8.2452],
              [124.25, 8.2452],
              [124.25, 8.2448],
              [124.2504, 8.2448],
              [124.2504, 8.2452]
            ]
          ],
          [
            [
              [124.2464, 8.2452],
              [124.246, 8.2456],
              [124.246, 8.2452],
              [124.2464, 8.2452]
            ]
          ],
          [
            [
              [124.258, 8.2456],
              [124.2572, 8.2456],
              [124.2572, 8.2452],
              [124.2576, 8.2456],
              [124.258, 8.2456]
            ]
          ],
          [
            [
              [124.262, 8.2452],
              [124.2624, 8.2452],
              [124.262, 8.2456],
              [124.262, 8.2452]
            ]
          ],
          [
            [
              [124.244, 8.246],
              [124.2432, 8.2456],
              [124.2432, 8.2452],
              [124.2436, 8.2456],
              [124.244, 8.2456],
              [124.244, 8.246]
            ]
          ],
          [
            [
              [124.2492, 8.2452],
              [124.2492, 8.246],
              [124.2484, 8.246],
              [124.2488, 8.2452],
              [124.248, 8.2452],
              [124.2476, 8.2452],
              [124.2476, 8.2448],
              [124.2472, 8.2448],
              [124.2476, 8.2444],
              [124.248, 8.2444],
              [124.248, 8.244],
              [124.2484, 8.2444],
              [124.248, 8.2444],
              [124.248, 8.2448],
              [124.2484, 8.2448],
              [124.2484, 8.2444],
              [124.2484, 8.244],
              [124.2488, 8.244],
              [124.2484, 8.244],
              [124.2488, 8.244],
              [124.2488, 8.2436],
              [124.2488, 8.2432],
              [124.2492, 8.2432],
              [124.2496, 8.2432],
              [124.2496, 8.2428],
              [124.25, 8.2428],
              [124.2504, 8.2432],
              [124.25, 8.2436],
              [124.2512, 8.2436],
              [124.2512, 8.244],
              [124.2504, 8.244],
              [124.25, 8.244],
              [124.25, 8.2436],
              [124.2496, 8.244],
              [124.25, 8.2436],
              [124.25, 8.244],
              [124.2496, 8.244],
              [124.2492, 8.244],
              [124.2492, 8.2448],
              [124.2492, 8.2452]
            ]
          ],
          [
            [
              [124.2472, 8.246],
              [124.2468, 8.246],
              [124.2464, 8.2456],
              [124.2468, 8.2452],
              [124.2472, 8.2456],
              [124.2472, 8.246]
            ]
          ],
          [
            [
              [124.2528, 8.2452],
              [124.2528, 8.246],
              [124.2524, 8.2456],
              [124.2524, 8.2452],
              [124.2524, 8.2448],
              [124.252, 8.2444],
              [124.2516, 8.2444],
              [124.2516, 8.244],
              [124.2512, 8.244],
              [124.2512, 8.2448],
              [124.2508, 8.2444],
              [124.2512, 8.2444],
              [124.2512, 8.2436],
              [124.252, 8.2436],
              [124.252, 8.244],
              [124.2524, 8.244],
              [124.2528, 8.2444],
              [124.2528, 8.2448],
              [124.2532, 8.2448],
              [124.2532, 8.2452],
              [124.2528, 8.2452]
            ]
          ],
          [
            [
              [124.2532, 8.246],
              [124.2532, 8.2456],
              [124.2532, 8.2452],
              [124.2536, 8.2448],
              [124.254, 8.2444],
              [124.254, 8.244],
              [124.2548, 8.2448],
              [124.2544, 8.2448],
              [124.2548, 8.2448],
              [124.2552, 8.2448],
              [124.2548, 8.2452],
              [124.2548, 8.2456],
              [124.254, 8.2456],
              [124.2536, 8.246],
              [124.2532, 8.246]
            ],
            [
              [124.2536, 8.2456],
              [124.2532, 8.2456],
              [124.2536, 8.2456],
              [124.2536, 8.2452],
              [124.254, 8.2452],
              [124.2536, 8.2448],
              [124.2536, 8.2452],
              [124.2536, 8.2456]
            ]
          ],
          [
            [
              [124.2672, 8.2456],
              [124.2672, 8.246],
              [124.2672, 8.2464],
              [124.2668, 8.246],
              [124.2672, 8.2456]
            ]
          ],
          [
            [
              [124.2632, 8.2452],
              [124.2632, 8.2456],
              [124.264, 8.2456],
              [124.264, 8.246],
              [124.2636, 8.246],
              [124.2632, 8.246],
              [124.2628, 8.246],
              [124.2624, 8.246],
              [124.262, 8.246],
              [124.2628, 8.246],
              [124.2628, 8.2452],
              [124.2632, 8.2452]
            ]
          ],
          [
            [
              [124.25, 8.2464],
              [124.2492, 8.2464],
              [124.2496, 8.246],
              [124.25, 8.2464]
            ]
          ],
          [
            [
              [124.2432, 8.2452],
              [124.2432, 8.246],
              [124.2428, 8.2464],
              [124.2424, 8.246],
              [124.2424, 8.2456],
              [124.2428, 8.2456],
              [124.2424, 8.2456],
              [124.2424, 8.2452],
              [124.2424, 8.2448],
              [124.2428, 8.2448],
              [124.2428, 8.2444],
              [124.2424, 8.2444],
              [124.242, 8.244],
              [124.242, 8.2444],
              [124.2424, 8.2448],
              [124.242, 8.2448],
              [124.242, 8.2444],
              [124.2416, 8.2444],
              [124.2416, 8.2436],
              [124.242, 8.2432],
              [124.242, 8.2436],
              [124.242, 8.244],
              [124.242, 8.2436],
              [124.242, 8.2432],
              [124.2424, 8.2436],
              [124.2428, 8.2444],
              [124.2432, 8.244],
              [124.2436, 8.244],
              [124.2432, 8.244],
              [124.2432, 8.2444],
              [124.2428, 8.2448],
              [124.2432, 8.2452]
            ]
          ],
          [
            [
              [124.2648, 8.2464],
              [124.2644, 8.2464],
              [124.264, 8.2464],
              [124.2636, 8.2464],
              [124.264, 8.2464],
              [124.2644, 8.246],
              [124.2648, 8.246],
              [124.2652, 8.2452],
              [124.2656, 8.2452],
              [124.266, 8.2448],
              [124.266, 8.2444],
              [124.2668, 8.2444],
              [124.2668, 8.2448],
              [124.266, 8.2448],
              [124.266, 8.2452],
              [124.266, 8.2456],
              [124.2656, 8.2456],
              [124.2656, 8.246],
              [124.2648, 8.246],
              [124.2648, 8.2464]
            ]
          ],
          [
            [
              [124.2452, 8.2448],
              [124.2456, 8.2448],
              [124.246, 8.2448],
              [124.246, 8.2452],
              [124.2456, 8.2452],
              [124.2452, 8.2452],
              [124.2452, 8.246],
              [124.2452, 8.2464],
              [124.2448, 8.2464],
              [124.2448, 8.2468],
              [124.2444, 8.2468],
              [124.244, 8.2464],
              [124.244, 8.246],
              [124.2444, 8.246],
              [124.2448, 8.246],
              [124.2448, 8.2456],
              [124.2448, 8.2448],
              [124.2452, 8.2444],
              [124.2448, 8.244],
              [124.2448, 8.2444],
              [124.2444, 8.2444],
              [124.2444, 8.244],
              [124.2444, 8.2436],
              [124.2448, 8.2436],
              [124.2452, 8.2436],
              [124.2452, 8.244],
              [124.2452, 8.2448]
            ]
          ],
          [
            [
              [124.2432, 8.2464],
              [124.2436, 8.2472],
              [124.2432, 8.2472],
              [124.2432, 8.2468],
              [124.2432, 8.2464]
            ]
          ],
          [
            [
              [124.2532, 8.2472],
              [124.2524, 8.2468],
              [124.2528, 8.2468],
              [124.2532, 8.2472]
            ]
          ],
          [
            [
              [124.2596, 8.2464],
              [124.26, 8.2472],
              [124.2596, 8.2472],
              [124.2596, 8.2468],
              [124.2592, 8.2468],
              [124.2592, 8.2464],
              [124.2588, 8.2464],
              [124.2588, 8.246],
              [124.2592, 8.2464],
              [124.2596, 8.2464]
            ]
          ],
          [
            [
              [124.2484, 8.2464],
              [124.2484, 8.2468],
              [124.2484, 8.2476],
              [124.2484, 8.2472],
              [124.2484, 8.2464],
              [124.248, 8.2464],
              [124.2484, 8.246],
              [124.248, 8.2456],
              [124.2484, 8.2456],
              [124.2484, 8.2464]
            ]
          ],
          [
            [
              [124.2496, 8.2476],
              [124.2492, 8.2472],
              [124.2492, 8.2468],
              [124.2492, 8.2464],
              [124.2484, 8.2464],
              [124.2492, 8.2464],
              [124.2496, 8.2468],
              [124.2496, 8.2472],
              [124.2496, 8.2476]
            ]
          ],
          [
            [
              [124.2496, 8.2468],
              [124.25, 8.2468],
              [124.25, 8.2476],
              [124.25, 8.248],
              [124.2496, 8.2476],
              [124.2496, 8.2472],
              [124.2496, 8.2468]
            ]
          ],
          [
            [
              [124.2796, 8.2484],
              [124.2796, 8.248],
              [124.28, 8.2484],
              [124.2796, 8.2484]
            ]
          ],
          [
            [
              [124.2792, 8.2484],
              [124.2788, 8.2484],
              [124.2788, 8.248],
              [124.2792, 8.2484]
            ]
          ],
          [
            [
              [124.252, 8.2476],
              [124.252, 8.248],
              [124.2516, 8.248],
              [124.2516, 8.2484],
              [124.2512, 8.2484],
              [124.2512, 8.248],
              [124.2512, 8.2476],
              [124.2516, 8.2472],
              [124.252, 8.2476]
            ]
          ],
          [
            [
              [124.256, 8.2484],
              [124.256, 8.2488],
              [124.2556, 8.2488],
              [124.2556, 8.2484],
              [124.256, 8.2484]
            ]
          ],
          [
            [
              [124.2832, 8.2492],
              [124.2828, 8.2492],
              [124.2828, 8.2488],
              [124.2832, 8.2492]
            ]
          ],
          [
            [
              [124.2808, 8.2488],
              [124.2812, 8.2492],
              [124.2808, 8.2492],
              [124.2808, 8.2488]
            ]
          ],
          [
            [
              [124.2804, 8.2488],
              [124.2804, 8.2492],
              [124.28, 8.2492],
              [124.28, 8.2488],
              [124.2804, 8.2488]
            ]
          ],
          [
            [
              [124.2612, 8.2492],
              [124.2616, 8.2492],
              [124.2616, 8.2496],
              [124.2612, 8.2492]
            ]
          ],
          [
            [
              [124.244, 8.2496],
              [124.244, 8.2492],
              [124.2444, 8.2492],
              [124.2444, 8.2496],
              [124.244, 8.2496]
            ]
          ],
          [
            [
              [124.2612, 8.2492],
              [124.2612, 8.2496],
              [124.2608, 8.2496],
              [124.2612, 8.2492],
              [124.2612, 8.2488],
              [124.2612, 8.2492]
            ]
          ],
          [
            [
              [124.2496, 8.2496],
              [124.2492, 8.2496],
              [124.2484, 8.2492],
              [124.2488, 8.2488],
              [124.2492, 8.2484],
              [124.2496, 8.2484],
              [124.2496, 8.2492],
              [124.2496, 8.2496]
            ]
          ],
          [
            [
              [124.2832, 8.25],
              [124.2832, 8.2496],
              [124.2836, 8.25],
              [124.2832, 8.25]
            ]
          ],
          [
            [
              [124.2804, 8.25],
              [124.28, 8.25],
              [124.2804, 8.2496],
              [124.2804, 8.25]
            ]
          ],
          [
            [
              [124.2588, 8.2496],
              [124.258, 8.2496],
              [124.2576, 8.2496],
              [124.2572, 8.25],
              [124.2572, 8.2496],
              [124.2584, 8.2496],
              [124.2584, 8.2492],
              [124.2588, 8.2496]
            ]
          ],
          [
            [
              [124.2572, 8.2496],
              [124.2572, 8.25],
              [124.2568, 8.25],
              [124.2572, 8.2496]
            ]
          ],
          [
            [
              [124.2488, 8.2504],
              [124.2484, 8.25],
              [124.2488, 8.25],
              [124.2492, 8.2504],
              [124.2488, 8.2504]
            ]
          ],
          [
            [
              [124.2488, 8.2504],
              [124.2484, 8.2504],
              [124.248, 8.2504],
              [124.2484, 8.25],
              [124.2488, 8.2504]
            ]
          ],
          [
            [
              [124.26, 8.25],
              [124.2596, 8.2496],
              [124.2596, 8.2504],
              [124.26, 8.25],
              [124.26, 8.2504],
              [124.2596, 8.2504],
              [124.2592, 8.2504],
              [124.2588, 8.2504],
              [124.2584, 8.2504],
              [124.2592, 8.25],
              [124.2592, 8.2496],
              [124.2588, 8.2496],
              [124.2592, 8.2492],
              [124.2596, 8.2492],
              [124.2596, 8.2488],
              [124.2592, 8.2484],
              [124.2596, 8.2484],
              [124.26, 8.2488],
              [124.2604, 8.2488],
              [124.2608, 8.2484],
              [124.2608, 8.2492],
              [124.2608, 8.2496],
              [124.2604, 8.2496],
              [124.2604, 8.25],
              [124.26, 8.25]
            ]
          ],
          [
            [
              [124.276, 8.2508],
              [124.2756, 8.2508],
              [124.2752, 8.2508],
              [124.2756, 8.2504],
              [124.276, 8.2508]
            ]
          ],
          [
            [
              [124.2728, 8.2508],
              [124.2724, 8.2508],
              [124.2724, 8.2504],
              [124.272, 8.2504],
              [124.272, 8.25],
              [124.2728, 8.25],
              [124.2724, 8.25],
              [124.2724, 8.2504],
              [124.2728, 8.2508]
            ]
          ],
          [
            [
              [124.2672, 8.2508],
              [124.2668, 8.2504],
              [124.2664, 8.2504],
              [124.2668, 8.25],
              [124.266, 8.25],
              [124.266, 8.2496],
              [124.266, 8.2504],
              [124.2656, 8.2504],
              [124.2656, 8.2496],
              [124.266, 8.2492],
              [124.2664, 8.2488],
              [124.2668, 8.2488],
              [124.2672, 8.2488],
              [124.2668, 8.2496],
              [124.2672, 8.2496],
              [124.2672, 8.25],
              [124.2676, 8.25],
              [124.2676, 8.2496],
              [124.268, 8.2496],
              [124.268, 8.2492],
              [124.2684, 8.2492],
              [124.268, 8.2492],
              [124.268, 8.2488],
              [124.2684, 8.2488],
              [124.2684, 8.2484],
              [124.268, 8.2488],
              [124.268, 8.2492],
              [124.268, 8.2484],
              [124.268, 8.248],
              [124.2684, 8.248],
              [124.2684, 8.2476],
              [124.268, 8.2476],
              [124.2672, 8.2476],
              [124.2672, 8.2472],
              [124.2684, 8.2472],
              [124.2688, 8.2472],
              [124.2688, 8.2468],
              [124.2684, 8.2468],
              [124.2684, 8.2472],
              [124.2688, 8.2472],
              [124.2684, 8.2472],
              [124.268, 8.2472],
              [124.2672, 8.2472],
              [124.2668, 8.2472],
              [124.2668, 8.2468],
              [124.2672, 8.2468],
              [124.2676, 8.2468],
              [124.2684, 8.2468],
              [124.2684, 8.2464],
              [124.2684, 8.246],
              [124.2688, 8.2464],
              [124.2688, 8.246],
              [124.2684, 8.246],
              [124.2688, 8.246],
              [124.2688, 8.2456],
              [124.2692, 8.2452],
              [124.2692, 8.246],
              [124.2692, 8.2464],
              [124.2696, 8.2464],
              [124.2692, 8.2464],
              [124.2696, 8.2464],
              [124.2696, 8.246],
              [124.27, 8.246],
              [124.2704, 8.2456],
              [124.2708, 8.2452],
              [124.2712, 8.2448],
              [124.2716, 8.2444],
              [124.272, 8.244],
              [124.2724, 8.244],
              [124.2728, 8.244],
              [124.2732, 8.244],
              [124.2736, 8.244],
              [124.274, 8.244],
              [124.2744, 8.244],
              [124.2744, 8.2444],
              [124.2728, 8.2444],
              [124.2724, 8.2444],
              [124.2724, 8.2448],
              [124.2716, 8.2452],
              [124.2712, 8.2452],
              [124.2712, 8.2456],
              [124.2716, 8.2456],
              [124.2716, 8.2452],
              [124.2724, 8.2452],
              [124.2724, 8.2456],
              [124.2728, 8.2452],
              [124.274, 8.2452],
              [124.274, 8.2456],
              [124.274, 8.246],
              [124.2728, 8.246],
              [124.2728, 8.2456],
              [124.2724, 8.2456],
              [124.272, 8.2456],
              [124.2724, 8.2456],
              [124.272, 8.246],
              [124.272, 8.2456],
              [124.272, 8.246],
              [124.2716, 8.246],
              [124.2712, 8.2464],
              [124.2708, 8.2472],
              [124.2712, 8.2476],
              [124.272, 8.2476],
              [124.2732, 8.2476],
              [124.2736, 8.2476],
              [124.274, 8.2476],
              [124.274, 8.248],
              [124.2736, 8.248],
              [124.2732, 8.248],
              [124.2728, 8.248],
              [124.2728, 8.2484],
              [124.2724, 8.2488],
              [124.2724, 8.2492],
              [124.272, 8.2492],
              [124.2708, 8.2496],
              [124.2704, 8.2496],
              [124.2704, 8.2492],
              [124.27, 8.2492],
              [124.27, 8.2496],
              [124.2696, 8.2496],
              [124.2692, 8.25],
              [124.2688, 8.25],
              [124.2688, 8.2504],
              [124.2684, 8.2508],
              [124.2676, 8.2508],
              [124.2676, 8.25],
              [124.2672, 8.25],
              [124.2672, 8.2508]
            ],
            [
              [124.2696, 8.2492],
              [124.27, 8.2492],
              [124.2696, 8.2488],
              [124.2712, 8.2488],
              [124.272, 8.2488],
              [124.272, 8.2484],
              [124.2716, 8.248],
              [124.2712, 8.2484],
              [124.2704, 8.2484],
              [124.2696, 8.2484],
              [124.2696, 8.2492]
            ],
            [
              [124.27, 8.248],
              [124.2704, 8.248],
              [124.27, 8.2476],
              [124.27, 8.248]
            ],
            [
              [124.27, 8.2472],
              [124.27, 8.2468],
              [124.2704, 8.2468],
              [124.2704, 8.2464],
              [124.2708, 8.2464],
              [124.2704, 8.246],
              [124.27, 8.246],
              [124.27, 8.2464],
              [124.27, 8.2468],
              [124.2696, 8.2472],
              [124.2692, 8.2472],
              [124.2692, 8.2464],
              [124.2688, 8.2464],
              [124.2692, 8.2472],
              [124.2692, 8.2476],
              [124.2696, 8.2472],
              [124.27, 8.2472]
            ]
          ],
          [
            [
              [124.258, 8.2504],
              [124.2572, 8.2504],
              [124.2572, 8.25],
              [124.2576, 8.2504],
              [124.258, 8.2504]
            ]
          ],
          [
            [
              [124.244, 8.2508],
              [124.244, 8.2504],
              [124.2436, 8.2504],
              [124.244, 8.2508],
              [124.2432, 8.2504],
              [124.2432, 8.25],
              [124.2436, 8.25],
              [124.2436, 8.2496],
              [124.2436, 8.2492],
              [124.2436, 8.2496],
              [124.244, 8.2496],
              [124.244, 8.25],
              [124.244, 8.2504],
              [124.244, 8.2508]
            ]
          ],
          [
            [
              [124.2652, 8.2508],
              [124.2648, 8.2504],
              [124.2652, 8.2504],
              [124.2652, 8.2508]
            ]
          ],
          [
            [
              [124.2608, 8.2504],
              [124.26, 8.2508],
              [124.26, 8.2504],
              [124.2596, 8.2504],
              [124.2604, 8.2504],
              [124.2608, 8.2504]
            ]
          ],
          [
            [
              [124.2652, 8.2508],
              [124.2656, 8.2508],
              [124.2652, 8.2512],
              [124.2652, 8.2508]
            ]
          ],
          [
            [
              [124.2856, 8.2512],
              [124.2852, 8.2512],
              [124.2852, 8.2508],
              [124.2856, 8.2512]
            ]
          ],
          [
            [
              [124.266, 8.2504],
              [124.2664, 8.2504],
              [124.2664, 8.2508],
              [124.2664, 8.2512],
              [124.266, 8.2512],
              [124.2656, 8.2512],
              [124.2656, 8.2508],
              [124.266, 8.2508],
              [124.266, 8.2504]
            ]
          ],
          [
            [
              [124.2596, 8.2512],
              [124.2596, 8.2508],
              [124.26, 8.2508],
              [124.2596, 8.2512]
            ]
          ],
          [
            [
              [124.2736, 8.2516],
              [124.2736, 8.2512],
              [124.2736, 8.2516],
              [124.2728, 8.2516],
              [124.2732, 8.2512],
              [124.2736, 8.2512],
              [124.274, 8.2512],
              [124.274, 8.2516],
              [124.2736, 8.2516]
            ]
          ],
          [
            [
              [124.2536, 8.2516],
              [124.2532, 8.252],
              [124.2532, 8.2516],
              [124.2536, 8.2516]
            ]
          ],
          [
            [
              [124.2532, 8.252],
              [124.2528, 8.2516],
              [124.2532, 8.2516],
              [124.2532, 8.252]
            ]
          ],
          [
            [
              [124.2744, 8.252],
              [124.274, 8.252],
              [124.274, 8.2516],
              [124.2744, 8.252]
            ]
          ],
          [
            [
              [124.244, 8.2516],
              [124.2444, 8.2516],
              [124.244, 8.252],
              [124.244, 8.2516]
            ]
          ],
          [
            [
              [124.246, 8.252],
              [124.2464, 8.2516],
              [124.2464, 8.252],
              [124.246, 8.252]
            ]
          ],
          [
            [
              [124.2608, 8.2524],
              [124.2608, 8.252],
              [124.2612, 8.252],
              [124.2608, 8.2524]
            ]
          ],
          [
            [
              [124.266, 8.2532],
              [124.2656, 8.2528],
              [124.266, 8.2528],
              [124.2664, 8.2528],
              [124.266, 8.2532],
              [124.266, 8.2528],
              [124.266, 8.2532]
            ]
          ],
          [
            [
              [124.2604, 8.2528],
              [124.2604, 8.2532],
              [124.26, 8.2532],
              [124.26, 8.2528],
              [124.2604, 8.2528]
            ]
          ],
          [
            [
              [124.2512, 8.2532],
              [124.2508, 8.2536],
              [124.2508, 8.2532],
              [124.2508, 8.2528],
              [124.2512, 8.2528],
              [124.2512, 8.2532]
            ]
          ],
          [
            [
              [124.2704, 8.2532],
              [124.2704, 8.2524],
              [124.27, 8.2524],
              [124.27, 8.2528],
              [124.27, 8.2532],
              [124.2704, 8.2532],
              [124.2704, 8.2536],
              [124.2696, 8.2536],
              [124.2696, 8.2532],
              [124.2692, 8.2528],
              [124.2692, 8.252],
              [124.2688, 8.252],
              [124.2684, 8.2516],
              [124.2684, 8.2512],
              [124.2688, 8.2516],
              [124.2688, 8.2508],
              [124.2692, 8.2508],
              [124.2696, 8.2512],
              [124.2696, 8.2508],
              [124.27, 8.2508],
              [124.2708, 8.25],
              [124.2712, 8.25],
              [124.2716, 8.25],
              [124.2712, 8.25],
              [124.2708, 8.2508],
              [124.2712, 8.2508],
              [124.2708, 8.2516],
              [124.2712, 8.2516],
              [124.2712, 8.2524],
              [124.2708, 8.2528],
              [124.2704, 8.2532]
            ]
          ],
          [
            [
              [124.2648, 8.2532],
              [124.2644, 8.2532],
              [124.2644, 8.2536],
              [124.264, 8.2536],
              [124.2636, 8.2532],
              [124.264, 8.2532],
              [124.2644, 8.2532],
              [124.2644, 8.2528],
              [124.2648, 8.2532]
            ]
          ],
          [
            [
              [124.2828, 8.2536],
              [124.2828, 8.254],
              [124.2824, 8.254],
              [124.2828, 8.2536]
            ]
          ],
          [
            [
              [124.2504, 8.254],
              [124.25, 8.254],
              [124.2504, 8.2536],
              [124.2504, 8.254]
            ]
          ],
          [
            [
              [124.284, 8.254],
              [124.2836, 8.2536],
              [124.2832, 8.2532],
              [124.2836, 8.2532],
              [124.284, 8.254]
            ]
          ],
          [
            [
              [124.2524, 8.2536],
              [124.2524, 8.254],
              [124.252, 8.254],
              [124.2516, 8.254],
              [124.2516, 8.2536],
              [124.252, 8.2536],
              [124.252, 8.254],
              [124.2524, 8.2536]
            ]
          ],
          [
            [
              [124.2624, 8.2544],
              [124.262, 8.254],
              [124.2624, 8.254],
              [124.2624, 8.2544]
            ]
          ],
          [
            [
              [124.256, 8.2544],
              [124.2556, 8.2544],
              [124.2556, 8.254],
              [124.256, 8.254],
              [124.256, 8.2544]
            ]
          ],
          [
            [
              [124.2516, 8.254],
              [124.2516, 8.2544],
              [124.2512, 8.254],
              [124.2516, 8.254]
            ]
          ],
          [
            [
              [124.2632, 8.254],
              [124.2636, 8.2544],
              [124.2632, 8.2544],
              [124.2628, 8.254],
              [124.2632, 8.254]
            ]
          ],
          [
            [
              [124.2628, 8.254],
              [124.2628, 8.2544],
              [124.2624, 8.2544],
              [124.2624, 8.254],
              [124.2628, 8.254]
            ]
          ],
          [
            [
              [124.2528, 8.2544],
              [124.2528, 8.254],
              [124.2532, 8.254],
              [124.2532, 8.2544],
              [124.2528, 8.2544]
            ]
          ],
          [
            [
              [124.2656, 8.2544],
              [124.2652, 8.2544],
              [124.2648, 8.2548],
              [124.2644, 8.2544],
              [124.2648, 8.254],
              [124.2648, 8.2536],
              [124.2648, 8.2532],
              [124.2652, 8.2536],
              [124.2652, 8.254],
              [124.2656, 8.254],
              [124.2656, 8.2544]
            ]
          ],
          [
            [
              [124.262, 8.2548],
              [124.2616, 8.2548],
              [124.2616, 8.2544],
              [124.262, 8.2544],
              [124.262, 8.2548]
            ]
          ],
          [
            [
              [124.278, 8.2544],
              [124.2784, 8.2544],
              [124.278, 8.2548],
              [124.278, 8.2544],
              [124.278, 8.254],
              [124.278, 8.2544]
            ]
          ],
          [
            [
              [124.2548, 8.2548],
              [124.2544, 8.2544],
              [124.2548, 8.2544],
              [124.2548, 8.2548]
            ]
          ],
          [
            [
              [124.2724, 8.2548],
              [124.2728, 8.2548],
              [124.2724, 8.2552],
              [124.2724, 8.2548]
            ]
          ],
          [
            [
              [124.278, 8.2548],
              [124.2784, 8.2552],
              [124.278, 8.2552],
              [124.278, 8.2548]
            ]
          ],
          [
            [
              [124.2508, 8.2548],
              [124.2512, 8.2548],
              [124.2512, 8.2552],
              [124.2508, 8.2552],
              [124.2504, 8.2552],
              [124.2504, 8.2548],
              [124.25, 8.2544],
              [124.2504, 8.2544],
              [124.2512, 8.254],
              [124.2508, 8.2544],
              [124.2512, 8.2544],
              [124.2512, 8.2548],
              [124.2508, 8.2548]
            ]
          ],
          [
            [
              [124.258, 8.2552],
              [124.2576, 8.2556],
              [124.2576, 8.2552],
              [124.258, 8.2552]
            ]
          ],
          [
            [
              [124.256, 8.2552],
              [124.2556, 8.2556],
              [124.2556, 8.2548],
              [124.256, 8.2552]
            ]
          ],
          [
            [
              [124.2512, 8.2552],
              [124.2504, 8.2556],
              [124.2504, 8.2552],
              [124.2508, 8.2552],
              [124.2512, 8.2552]
            ]
          ],
          [
            [
              [124.2496, 8.2556],
              [124.2492, 8.2552],
              [124.2496, 8.2552],
              [124.2496, 8.2556]
            ]
          ],
          [
            [
              [124.2588, 8.2556],
              [124.2584, 8.2556],
              [124.258, 8.2556],
              [124.258, 8.2552],
              [124.2584, 8.2552],
              [124.2588, 8.2552],
              [124.2588, 8.2556]
            ]
          ],
          [
            [
              [124.2572, 8.256],
              [124.2568, 8.256],
              [124.2572, 8.2556],
              [124.2572, 8.256]
            ]
          ],
          [
            [
              [124.2836, 8.256],
              [124.2832, 8.2556],
              [124.2836, 8.2556],
              [124.2836, 8.256]
            ]
          ],
          [
            [
              [124.2696, 8.2556],
              [124.27, 8.2556],
              [124.2692, 8.2556],
              [124.2692, 8.2552],
              [124.2688, 8.2552],
              [124.2684, 8.2552],
              [124.268, 8.2544],
              [124.268, 8.2548],
              [124.268, 8.2552],
              [124.2676, 8.2552],
              [124.2676, 8.2556],
              [124.2672, 8.2552],
              [124.2668, 8.2552],
              [124.2668, 8.2548],
              [124.2664, 8.2548],
              [124.2664, 8.254],
              [124.2668, 8.254],
              [124.2668, 8.2544],
              [124.2668, 8.254],
              [124.2664, 8.254],
              [124.2664, 8.2536],
              [124.2664, 8.2528],
              [124.2672, 8.2528],
              [124.2672, 8.2524],
              [124.2676, 8.2528],
              [124.2676, 8.2536],
              [124.2672, 8.2532],
              [124.2672, 8.254],
              [124.2672, 8.2544],
              [124.2672, 8.2548],
              [124.2676, 8.2548],
              [124.2676, 8.254],
              [124.268, 8.2532],
              [124.268, 8.2536],
              [124.2684, 8.2536],
              [124.2692, 8.2536],
              [124.2696, 8.2536],
              [124.2696, 8.254],
              [124.2692, 8.254],
              [124.2696, 8.2544],
              [124.2692, 8.2544],
              [124.2692, 8.254],
              [124.2688, 8.254],
              [124.2688, 8.2544],
              [124.2692, 8.2548],
              [124.2696, 8.2544],
              [124.27, 8.2548],
              [124.2696, 8.2548],
              [124.2696, 8.2552],
              [124.2696, 8.2556]
            ]
          ],
          [
            [
              [124.2516, 8.2556],
              [124.2512, 8.256],
              [124.2508, 8.256],
              [124.2508, 8.2556],
              [124.2512, 8.2556],
              [124.2512, 8.2552],
              [124.2516, 8.2552],
              [124.2516, 8.2556]
            ]
          ],
          [
            [
              [124.252, 8.256],
              [124.2516, 8.2556],
              [124.2524, 8.2556],
              [124.252, 8.256]
            ]
          ],
          [
            [
              [124.2704, 8.2564],
              [124.27, 8.256],
              [124.27, 8.2556],
              [124.2704, 8.2556],
              [124.2704, 8.2564]
            ]
          ],
          [
            [
              [124.2584, 8.256],
              [124.2584, 8.2564],
              [124.258, 8.256],
              [124.2584, 8.256]
            ]
          ],
          [
            [
              [124.2608, 8.2564],
              [124.2608, 8.256],
              [124.2608, 8.2564],
              [124.2604, 8.2564],
              [124.26, 8.256],
              [124.2604, 8.256],
              [124.2608, 8.256],
              [124.2608, 8.2564]
            ]
          ],
          [
            [
              [124.2592, 8.2556],
              [124.2592, 8.256],
              [124.2588, 8.256],
              [124.2588, 8.2564],
              [124.2584, 8.256],
              [124.2584, 8.2556],
              [124.2588, 8.2556],
              [124.2592, 8.2556]
            ]
          ],
          [
            [
              [124.2836, 8.256],
              [124.2832, 8.256],
              [124.2832, 8.2564],
              [124.2832, 8.2556],
              [124.2836, 8.256]
            ]
          ],
          [
            [
              [124.2568, 8.256],
              [124.2564, 8.2564],
              [124.2564, 8.256],
              [124.256, 8.2564],
              [124.256, 8.2556],
              [124.2564, 8.2552],
              [124.2568, 8.2556],
              [124.2568, 8.256]
            ]
          ],
          [
            [
              [124.2616, 8.2564],
              [124.2612, 8.2564],
              [124.2616, 8.256],
              [124.2616, 8.2564]
            ]
          ],
          [
            [
              [124.2572, 8.2564],
              [124.2568, 8.2564],
              [124.2572, 8.2564],
              [124.2572, 8.256],
              [124.2576, 8.2564],
              [124.2572, 8.2564]
            ]
          ],
          [
            [
              [124.2856, 8.2564],
              [124.2852, 8.2568],
              [124.2852, 8.2564],
              [124.2856, 8.2564]
            ]
          ],
          [
            [
              [124.2816, 8.2568],
              [124.2808, 8.2564],
              [124.2812, 8.256],
              [124.2812, 8.2564],
              [124.2816, 8.2568]
            ]
          ],
          [
            [
              [124.2524, 8.2568],
              [124.2524, 8.2564],
              [124.2524, 8.2556],
              [124.2524, 8.2552],
              [124.2528, 8.2548],
              [124.2528, 8.2552],
              [124.2528, 8.2556],
              [124.2528, 8.256],
              [124.2528, 8.2564],
              [124.2524, 8.2564],
              [124.2524, 8.2568]
            ]
          ],
          [
            [
              [124.2828, 8.2568],
              [124.2824, 8.2568],
              [124.2828, 8.2564],
              [124.2828, 8.2568]
            ]
          ],
          [
            [
              [124.2488, 8.2568],
              [124.2484, 8.2568],
              [124.2484, 8.2564],
              [124.2484, 8.256],
              [124.2488, 8.256],
              [124.2484, 8.2564],
              [124.2488, 8.2568]
            ]
          ],
          [
            [
              [124.2484, 8.2564],
              [124.2484, 8.2568],
              [124.2476, 8.2568],
              [124.2476, 8.2564],
              [124.248, 8.2564],
              [124.2484, 8.2564]
            ]
          ],
          [
            [
              [124.2584, 8.2568],
              [124.2588, 8.2564],
              [124.2592, 8.2568],
              [124.2588, 8.2568],
              [124.2584, 8.2568]
            ]
          ],
          [
            [
              [124.2816, 8.2568],
              [124.282, 8.2568],
              [124.282, 8.2572],
              [124.2816, 8.2568]
            ]
          ],
          [
            [
              [124.2456, 8.2564],
              [124.2456, 8.2572],
              [124.2452, 8.2572],
              [124.2452, 8.2568],
              [124.2456, 8.2564],
              [124.2456, 8.2568],
              [124.2456, 8.2564]
            ]
          ],
          [
            [
              [124.2836, 8.2568],
              [124.2828, 8.2572],
              [124.2828, 8.2568],
              [124.2836, 8.2568]
            ]
          ],
          [
            [
              [124.2512, 8.2572],
              [124.2508, 8.2572],
              [124.2508, 8.2568],
              [124.25, 8.2568],
              [124.2496, 8.2568],
              [124.2496, 8.2564],
              [124.25, 8.2564],
              [124.2496, 8.2564],
              [124.25, 8.2564],
              [124.25, 8.2568],
              [124.2504, 8.2564],
              [124.2504, 8.256],
              [124.2508, 8.256],
              [124.2508, 8.2564],
              [124.2512, 8.2572]
            ]
          ],
          [
            [
              [124.2816, 8.2568],
              [124.2816, 8.2572],
              [124.2812, 8.2568],
              [124.2816, 8.2568]
            ]
          ],
          [
            [
              [124.246, 8.2576],
              [124.2452, 8.2576],
              [124.2452, 8.2572],
              [124.2456, 8.2572],
              [124.2456, 8.2576],
              [124.246, 8.2576]
            ]
          ],
          [
            [
              [124.2576, 8.2576],
              [124.2576, 8.258],
              [124.2572, 8.258],
              [124.2572, 8.2576],
              [124.2576, 8.2572],
              [124.2576, 8.2568],
              [124.258, 8.2568],
              [124.258, 8.2564],
              [124.2584, 8.2568],
              [124.258, 8.2572],
              [124.258, 8.2576],
              [124.258, 8.2572],
              [124.2576, 8.2572],
              [124.2576, 8.2576]
            ]
          ],
          [
            [
              [124.2764, 8.2576],
              [124.276, 8.258],
              [124.276, 8.2576],
              [124.2764, 8.2576]
            ]
          ],
          [
            [
              [124.2528, 8.2572],
              [124.2524, 8.258],
              [124.2528, 8.258],
              [124.2524, 8.258],
              [124.2524, 8.2576],
              [124.252, 8.2576],
              [124.252, 8.2572],
              [124.2524, 8.2572],
              [124.2524, 8.2568],
              [124.2524, 8.2572],
              [124.2528, 8.2572]
            ]
          ],
          [
            [
              [124.2608, 8.258],
              [124.2608, 8.2584],
              [124.2604, 8.258],
              [124.2608, 8.258]
            ]
          ],
          [
            [
              [124.2468, 8.2584],
              [124.2464, 8.2584],
              [124.2468, 8.258],
              [124.2468, 8.2584]
            ]
          ],
          [
            [
              [124.2528, 8.2576],
              [124.2528, 8.258],
              [124.2532, 8.258],
              [124.2532, 8.2584],
              [124.2528, 8.258],
              [124.2528, 8.2576]
            ]
          ],
          [
            [
              [124.2504, 8.2584],
              [124.25, 8.2584],
              [124.2504, 8.258],
              [124.2504, 8.2584]
            ]
          ],
          [
            [
              [124.2848, 8.258],
              [124.2844, 8.2584],
              [124.2844, 8.258],
              [124.2848, 8.258]
            ]
          ],
          [
            [
              [124.252, 8.258],
              [124.252, 8.2584],
              [124.2516, 8.2584],
              [124.252, 8.258],
              [124.2516, 8.2584],
              [124.2516, 8.258],
              [124.252, 8.258]
            ]
          ],
          [
            [
              [124.25, 8.2584],
              [124.25, 8.2588],
              [124.2492, 8.2588],
              [124.2492, 8.2584],
              [124.2496, 8.2584],
              [124.2496, 8.258],
              [124.25, 8.2584],
              [124.2496, 8.2584],
              [124.25, 8.2584]
            ]
          ],
          [
            [
              [124.266, 8.2584],
              [124.2664, 8.2584],
              [124.2664, 8.258],
              [124.2668, 8.2576],
              [124.2664, 8.2584],
              [124.2668, 8.2588],
              [124.2664, 8.2588],
              [124.266, 8.2588],
              [124.266, 8.2584]
            ]
          ],
          [
            [
              [124.2512, 8.2584],
              [124.2516, 8.2584],
              [124.2516, 8.2588],
              [124.2512, 8.2588],
              [124.2508, 8.2584],
              [124.2516, 8.258],
              [124.2516, 8.2584],
              [124.2512, 8.2584]
            ]
          ],
          [
            [
              [124.27, 8.2592],
              [124.2696, 8.2588],
              [124.2692, 8.2588],
              [124.2696, 8.2588],
              [124.2696, 8.2584],
              [124.27, 8.2584],
              [124.27, 8.2592]
            ]
          ],
          [
            [
              [124.2676, 8.2592],
              [124.2672, 8.2588],
              [124.2676, 8.2588],
              [124.2676, 8.2592]
            ]
          ],
          [
            [
              [124.2616, 8.258],
              [124.2616, 8.2584],
              [124.262, 8.2584],
              [124.2624, 8.2584],
              [124.2628, 8.2588],
              [124.2632, 8.2588],
              [124.2636, 8.2592],
              [124.2632, 8.2592],
              [124.2628, 8.2592],
              [124.2628, 8.2588],
              [124.262, 8.2588],
              [124.2612, 8.2588],
              [124.2608, 8.2592],
              [124.2608, 8.2588],
              [124.2612, 8.2588],
              [124.2612, 8.258],
              [124.2608, 8.258],
              [124.2612, 8.2576],
              [124.2616, 8.2576],
              [124.2616, 8.258]
            ]
          ],
          [
            [
              [124.2528, 8.2596],
              [124.2524, 8.2596],
              [124.2524, 8.2592],
              [124.2528, 8.2596]
            ]
          ],
          [
            [
              [124.2476, 8.2592],
              [124.2468, 8.2596],
              [124.2468, 8.2588],
              [124.2464, 8.2588],
              [124.2464, 8.2584],
              [124.2468, 8.2584],
              [124.2464, 8.2584],
              [124.2468, 8.2584],
              [124.2468, 8.258],
              [124.2472, 8.2584],
              [124.2468, 8.2584],
              [124.2472, 8.2584],
              [124.2472, 8.258],
              [124.2476, 8.258],
              [124.2472, 8.258],
              [124.2472, 8.2576],
              [124.2468, 8.2576],
              [124.246, 8.2576],
              [124.246, 8.2572],
              [124.246, 8.2568],
              [124.2456, 8.2564],
              [124.246, 8.2564],
              [124.2464, 8.2564],
              [124.2468, 8.2564],
              [124.2472, 8.2568],
              [124.2472, 8.2564],
              [124.2468, 8.2564],
              [124.2472, 8.2564],
              [124.2476, 8.2564],
              [124.2476, 8.2568],
              [124.2476, 8.2572],
              [124.2476, 8.2576],
              [124.2476, 8.258],
              [124.248, 8.258],
              [124.2484, 8.258],
              [124.2488, 8.258],
              [124.2492, 8.258],
              [124.2492, 8.2584],
              [124.2488, 8.258],
              [124.2488, 8.2588],
              [124.2484, 8.2592],
              [124.2476, 8.2592]
            ]
          ],
          [
            [
              [124.2684, 8.2596],
              [124.2684, 8.2592],
              [124.2688, 8.2592],
              [124.2684, 8.2596]
            ]
          ],
          [
            [
              [124.268, 8.2596],
              [124.2676, 8.2596],
              [124.2676, 8.2592],
              [124.2676, 8.2588],
              [124.2672, 8.2588],
              [124.2668, 8.2584],
              [124.2672, 8.258],
              [124.2676, 8.258],
              [124.2676, 8.2584],
              [124.2676, 8.2592],
              [124.268, 8.2592],
              [124.268, 8.2588],
              [124.2684, 8.2588],
              [124.2684, 8.2592],
              [124.268, 8.2596]
            ]
          ],
          [
            [
              [124.2508, 8.2596],
              [124.2504, 8.26],
              [124.2508, 8.2592],
              [124.2516, 8.2592],
              [124.2516, 8.2588],
              [124.252, 8.2588],
              [124.2524, 8.2588],
              [124.2528, 8.2584],
              [124.2528, 8.2588],
              [124.2536, 8.2588],
              [124.2532, 8.2592],
              [124.2524, 8.2592],
              [124.252, 8.2588],
              [124.252, 8.2592],
              [124.252, 8.2596],
              [124.2516, 8.2596],
              [124.2516, 8.2592],
              [124.2512, 8.2596],
              [124.2508, 8.2596]
            ]
          ],
          [
            [
              [124.2616, 8.2596],
              [124.2612, 8.2596],
              [124.2612, 8.2592],
              [124.2616, 8.2592],
              [124.2616, 8.2596]
            ]
          ],
          [
            [
              [124.2724, 8.26],
              [124.272, 8.26],
              [124.2716, 8.26],
              [124.2716, 8.2596],
              [124.2724, 8.26]
            ]
          ],
          [
            [
              [124.27, 8.26],
              [124.2696, 8.26],
              [124.2692, 8.26],
              [124.2696, 8.26],
              [124.2696, 8.2596],
              [124.2692, 8.2596],
              [124.2688, 8.2596],
              [124.2688, 8.2592],
              [124.2692, 8.2592],
              [124.2696, 8.2592],
              [124.2696, 8.2596],
              [124.2696, 8.26],
              [124.27, 8.26]
            ]
          ],
          [
            [
              [124.2712, 8.26],
              [124.2708, 8.2604],
              [124.2708, 8.26],
              [124.27, 8.26],
              [124.2704, 8.26],
              [124.2704, 8.2596],
              [124.2708, 8.2596],
              [124.2712, 8.26]
            ]
          ],
          [
            [
              [124.248, 8.2596],
              [124.2484, 8.2604],
              [124.2476, 8.26],
              [124.248, 8.2596]
            ]
          ],
          [
            [
              [124.2756, 8.2608],
              [124.2752, 8.2608],
              [124.2752, 8.2604],
              [124.2756, 8.2604],
              [124.2756, 8.2608]
            ]
          ],
          [
            [
              [124.2684, 8.2608],
              [124.268, 8.2608],
              [124.268, 8.2604],
              [124.2684, 8.2604],
              [124.2684, 8.2608]
            ]
          ],
          [
            [
              [124.2568, 8.2608],
              [124.2564, 8.2608],
              [124.2568, 8.26],
              [124.2568, 8.2608]
            ]
          ],
          [
            [
              [124.2492, 8.2604],
              [124.2492, 8.2608],
              [124.2488, 8.2604],
              [124.2488, 8.26],
              [124.2492, 8.2604]
            ]
          ],
          [
            [
              [124.2712, 8.2604],
              [124.2712, 8.2608],
              [124.2712, 8.26],
              [124.2716, 8.26],
              [124.2712, 8.2604]
            ]
          ],
          [
            [
              [124.2516, 8.2608],
              [124.2512, 8.2608],
              [124.2508, 8.2604],
              [124.2508, 8.26],
              [124.2512, 8.26],
              [124.2516, 8.26],
              [124.2516, 8.2604],
              [124.252, 8.26],
              [124.252, 8.2596],
              [124.2524, 8.2596],
              [124.2528, 8.2596],
              [124.2528, 8.26],
              [124.2524, 8.26],
              [124.2524, 8.2604],
              [124.252, 8.2604],
              [124.2516, 8.2604],
              [124.2516, 8.2608]
            ]
          ],
          [
            [
              [124.2708, 8.2612],
              [124.2708, 8.2608],
              [124.2704, 8.2608],
              [124.2704, 8.2604],
              [124.2708, 8.2608],
              [124.2708, 8.2612]
            ]
          ],
          [
            [
              [124.2556, 8.2612],
              [124.2552, 8.2612],
              [124.2556, 8.2608],
              [124.2556, 8.2612]
            ]
          ],
          [
            [
              [124.2752, 8.2608],
              [124.2752, 8.2612],
              [124.2748, 8.2612],
              [124.2752, 8.2608],
              [124.2752, 8.26],
              [124.2748, 8.26],
              [124.2744, 8.26],
              [124.2748, 8.26],
              [124.2748, 8.2596],
              [124.2752, 8.2596],
              [124.2756, 8.2596],
              [124.2756, 8.26],
              [124.2752, 8.26],
              [124.2752, 8.2608]
            ]
          ],
          [
            [
              [124.25, 8.2612],
              [124.2504, 8.2612],
              [124.25, 8.2616],
              [124.2496, 8.2616],
              [124.2492, 8.2616],
              [124.2492, 8.2612],
              [124.2488, 8.2612],
              [124.2492, 8.2612],
              [124.2492, 8.2608],
              [124.2492, 8.2604],
              [124.2492, 8.26],
              [124.2496, 8.26],
              [124.2492, 8.2596],
              [124.2492, 8.2592],
              [124.2496, 8.2592],
              [124.2496, 8.2596],
              [124.25, 8.2592],
              [124.25, 8.26],
              [124.2504, 8.26],
              [124.2504, 8.2604],
              [124.2504, 8.2608],
              [124.25, 8.2608],
              [124.2504, 8.26],
              [124.2496, 8.26],
              [124.2496, 8.2604],
              [124.2496, 8.2612],
              [124.25, 8.2608],
              [124.25, 8.2612]
            ]
          ],
          [
            [
              [124.2632, 8.2616],
              [124.2632, 8.262],
              [124.2628, 8.262],
              [124.2628, 8.2616],
              [124.2632, 8.2616]
            ]
          ],
          [
            [
              [124.2488, 8.262],
              [124.2488, 8.2612],
              [124.2492, 8.262],
              [124.2488, 8.262]
            ]
          ],
          [
            [
              [124.2792, 8.2616],
              [124.2796, 8.262],
              [124.2792, 8.262],
              [124.2792, 8.2616],
              [124.2788, 8.2616],
              [124.2792, 8.2616]
            ]
          ],
          [
            [
              [124.26, 8.2624],
              [124.2596, 8.2624],
              [124.26, 8.262],
              [124.26, 8.2624]
            ]
          ],
          [
            [
              [124.2504, 8.262],
              [124.2504, 8.2616],
              [124.2508, 8.262],
              [124.2504, 8.2624],
              [124.2504, 8.262]
            ]
          ],
          [
            [
              [124.25, 8.2624],
              [124.2496, 8.2624],
              [124.2492, 8.262],
              [124.2496, 8.262],
              [124.25, 8.262],
              [124.25, 8.2624]
            ]
          ],
          [
            [
              [124.2524, 8.262],
              [124.2524, 8.2624],
              [124.252, 8.2624],
              [124.252, 8.262],
              [124.2524, 8.262]
            ]
          ],
          [
            [
              [124.2732, 8.2616],
              [124.2732, 8.262],
              [124.2736, 8.262],
              [124.2736, 8.2624],
              [124.2732, 8.2624],
              [124.2732, 8.262],
              [124.2728, 8.2616],
              [124.2724, 8.2612],
              [124.2728, 8.2612],
              [124.2724, 8.2612],
              [124.2724, 8.262],
              [124.272, 8.2616],
              [124.2724, 8.2616],
              [124.2724, 8.2612],
              [124.272, 8.2612],
              [124.272, 8.2616],
              [124.2716, 8.2616],
              [124.2716, 8.2612],
              [124.2712, 8.2612],
              [124.2716, 8.2616],
              [124.2716, 8.262],
              [124.2712, 8.262],
              [124.2712, 8.2612],
              [124.2708, 8.2612],
              [124.2712, 8.2608],
              [124.2712, 8.2612],
              [124.2716, 8.2608],
              [124.2712, 8.2604],
              [124.2716, 8.2604],
              [124.272, 8.2604],
              [124.272, 8.2608],
              [124.2724, 8.2604],
              [124.2728, 8.2604],
              [124.2732, 8.2608],
              [124.2736, 8.2612],
              [124.2732, 8.2616]
            ]
          ],
          [
            [
              [124.2788, 8.262],
              [124.2792, 8.262],
              [124.2792, 8.2628],
              [124.2788, 8.2624],
              [124.2788, 8.262]
            ]
          ],
          [
            [
              [124.25, 8.2628],
              [124.2496, 8.2624],
              [124.25, 8.2624],
              [124.25, 8.262],
              [124.2504, 8.262],
              [124.2504, 8.2624],
              [124.25, 8.2628]
            ]
          ],
          [
            [
              [124.2684, 8.2628],
              [124.2676, 8.2632],
              [124.2676, 8.2628],
              [124.2684, 8.2628]
            ]
          ],
          [
            [
              [124.2616, 8.262],
              [124.2612, 8.262],
              [124.2616, 8.262],
              [124.262, 8.2628],
              [124.2616, 8.2632],
              [124.2616, 8.2628],
              [124.2616, 8.2624],
              [124.2608, 8.2624],
              [124.2612, 8.262],
              [124.2624, 8.262],
              [124.2616, 8.262]
            ]
          ],
          [
            [
              [124.2492, 8.2628],
              [124.2488, 8.2624],
              [124.2492, 8.262],
              [124.2496, 8.2628],
              [124.2496, 8.2632],
              [124.2492, 8.2628]
            ]
          ],
          [
            [
              [124.2736, 8.2632],
              [124.2732, 8.2632],
              [124.2732, 8.2628],
              [124.2736, 8.2632]
            ]
          ],
          [
            [
              [124.2744, 8.2628],
              [124.2748, 8.2628],
              [124.2748, 8.2632],
              [124.2744, 8.2628]
            ]
          ],
          [
            [
              [124.2664, 8.2636],
              [124.266, 8.2632],
              [124.2664, 8.2632],
              [124.2664, 8.2636]
            ]
          ],
          [
            [
              [124.2628, 8.2632],
              [124.262, 8.2632],
              [124.262, 8.2636],
              [124.262, 8.2632],
              [124.262, 8.2628],
              [124.2628, 8.2632]
            ]
          ],
          [
            [
              [124.2772, 8.2628],
              [124.2772, 8.2632],
              [124.2776, 8.2636],
              [124.2772, 8.2636],
              [124.2768, 8.2632],
              [124.2764, 8.2628],
              [124.276, 8.2632],
              [124.276, 8.2628],
              [124.2764, 8.2628],
              [124.2764, 8.2624],
              [124.2768, 8.2628],
              [124.2772, 8.2624],
              [124.2768, 8.262],
              [124.2772, 8.262],
              [124.278, 8.262],
              [124.278, 8.2624],
              [124.2772, 8.2624],
              [124.2772, 8.2628]
            ]
          ],
          [
            [
              [124.2668, 8.2632],
              [124.2668, 8.2636],
              [124.2664, 8.2636],
              [124.2664, 8.2632],
              [124.2668, 8.2632]
            ]
          ],
          [
            [
              [124.2776, 8.2636],
              [124.2776, 8.264],
              [124.2776, 8.2644],
              [124.2772, 8.2636],
              [124.2776, 8.2636]
            ]
          ],
          [
            [
              [124.2852, 8.2644],
              [124.2848, 8.2644],
              [124.2844, 8.2648],
              [124.2844, 8.2644],
              [124.2848, 8.264],
              [124.2852, 8.2644]
            ]
          ],
          [
            [
              [124.26, 8.2644],
              [124.2596, 8.2648],
              [124.2592, 8.2648],
              [124.2588, 8.2644],
              [124.258, 8.2644],
              [124.2576, 8.2648],
              [124.2572, 8.2648],
              [124.2572, 8.2644],
              [124.2572, 8.264],
              [124.2576, 8.264],
              [124.2584, 8.264],
              [124.2588, 8.2644],
              [124.2592, 8.2644],
              [124.2596, 8.2644],
              [124.26, 8.2644]
            ]
          ],
          [
            [
              [124.2536, 8.2648],
              [124.2532, 8.2648],
              [124.2536, 8.2644],
              [124.2536, 8.2648]
            ]
          ],
          [
            [
              [124.2568, 8.2652],
              [124.2564, 8.2648],
              [124.2568, 8.2648],
              [124.2568, 8.2652]
            ]
          ],
          [
            [
              [124.2548, 8.2644],
              [124.2548, 8.2648],
              [124.2548, 8.2644],
              [124.2548, 8.2648],
              [124.2548, 8.2652],
              [124.2544, 8.2652],
              [124.2544, 8.2648],
              [124.2548, 8.2644],
              [124.2548, 8.264],
              [124.2544, 8.264],
              [124.2544, 8.2636],
              [124.2544, 8.2632],
              [124.2544, 8.2636],
              [124.2548, 8.2632],
              [124.2548, 8.2636],
              [124.2552, 8.2636],
              [124.2556, 8.264],
              [124.2556, 8.2644],
              [124.256, 8.2644],
              [124.2564, 8.2648],
              [124.2556, 8.2652],
              [124.2556, 8.2648],
              [124.2552, 8.2648],
              [124.2548, 8.2648],
              [124.2548, 8.2644]
            ]
          ],
          [
            [
              [124.2504, 8.2648],
              [124.2508, 8.2648],
              [124.2508, 8.2652],
              [124.2504, 8.2652],
              [124.25, 8.2648],
              [124.2504, 8.2648]
            ]
          ],
          [
            [
              [124.2708, 8.2652],
              [124.2704, 8.2656],
              [124.2704, 8.2652],
              [124.2708, 8.2652]
            ]
          ],
          [
            [
              [124.2856, 8.2656],
              [124.2852, 8.2652],
              [124.2856, 8.2652],
              [124.2856, 8.2656]
            ]
          ],
          [
            [
              [124.27, 8.2656],
              [124.2704, 8.2652],
              [124.2704, 8.2656],
              [124.27, 8.2656]
            ]
          ],
          [
            [
              [124.2668, 8.2656],
              [124.2668, 8.266],
              [124.2664, 8.2656],
              [124.2668, 8.2656]
            ]
          ],
          [
            [
              [124.2664, 8.266],
              [124.266, 8.266],
              [124.2664, 8.2656],
              [124.2664, 8.266]
            ]
          ],
          [
            [
              [124.27, 8.2656],
              [124.2696, 8.266],
              [124.2696, 8.2656],
              [124.27, 8.2656]
            ]
          ],
          [
            [
              [124.2788, 8.2668],
              [124.2784, 8.2664],
              [124.2788, 8.2664],
              [124.2788, 8.2668]
            ]
          ],
          [
            [
              [124.26, 8.2668],
              [124.2596, 8.2668],
              [124.2596, 8.2664],
              [124.26, 8.2664],
              [124.26, 8.2668]
            ]
          ],
          [
            [
              [124.254, 8.2668],
              [124.2536, 8.2664],
              [124.254, 8.2664],
              [124.254, 8.2668]
            ]
          ],
          [
            [
              [124.2664, 8.2668],
              [124.2656, 8.2668],
              [124.2652, 8.2664],
              [124.2652, 8.266],
              [124.2664, 8.2668]
            ]
          ],
          [
            [
              [124.2556, 8.2664],
              [124.2552, 8.2668],
              [124.2548, 8.2668],
              [124.2548, 8.2664],
              [124.2548, 8.266],
              [124.2552, 8.2656],
              [124.2556, 8.2652],
              [124.2556, 8.2648],
              [124.2556, 8.2652],
              [124.2556, 8.2656],
              [124.2556, 8.266],
              [124.2556, 8.2664]
            ]
          ],
          [
            [
              [124.256, 8.2672],
              [124.2556, 8.2672],
              [124.2556, 8.2668],
              [124.256, 8.2672]
            ]
          ],
          [
            [
              [124.2584, 8.2672],
              [124.2584, 8.2676],
              [124.2576, 8.2672],
              [124.2568, 8.2672],
              [124.2564, 8.2672],
              [124.2564, 8.2668],
              [124.256, 8.2668],
              [124.256, 8.2664],
              [124.2568, 8.2664],
              [124.2568, 8.2668],
              [124.2576, 8.2668],
              [124.2576, 8.2672],
              [124.258, 8.2672],
              [124.2584, 8.2668],
              [124.2588, 8.2668],
              [124.2584, 8.2672]
            ]
          ],
          [
            [
              [124.256, 8.2672],
              [124.2564, 8.2676],
              [124.2572, 8.2676],
              [124.2576, 8.2676],
              [124.2588, 8.2676],
              [124.2588, 8.268],
              [124.2572, 8.268],
              [124.2572, 8.2676],
              [124.256, 8.2676],
              [124.256, 8.2672]
            ]
          ],
          [
            [
              [124.2624, 8.2676],
              [124.2624, 8.268],
              [124.262, 8.268],
              [124.262, 8.2684],
              [124.2616, 8.2684],
              [124.262, 8.268],
              [124.2624, 8.2676]
            ]
          ],
          [
            [
              [124.2692, 8.2688],
              [124.2692, 8.2684],
              [124.2696, 8.2684],
              [124.2692, 8.2688]
            ]
          ],
          [
            [
              [124.2724, 8.2692],
              [124.272, 8.2692],
              [124.272, 8.2688],
              [124.2724, 8.2688],
              [124.2724, 8.2692]
            ]
          ],
          [
            [
              [124.2664, 8.2684],
              [124.2664, 8.2692],
              [124.266, 8.2692],
              [124.2664, 8.2688],
              [124.2664, 8.2684]
            ]
          ],
          [
            [
              [124.2656, 8.27],
              [124.266, 8.2696],
              [124.266, 8.27],
              [124.2656, 8.27]
            ]
          ],
          [
            [
              [124.2672, 8.2712],
              [124.2668, 8.2712],
              [124.2668, 8.2708],
              [124.2672, 8.2708],
              [124.2672, 8.2712]
            ]
          ],
          [
            [
              [124.268, 8.2708],
              [124.2676, 8.2712],
              [124.2676, 8.2708],
              [124.268, 8.2708]
            ]
          ],
          [
            [
              [124.2648, 8.272],
              [124.2648, 8.2716],
              [124.2652, 8.2716],
              [124.2656, 8.2716],
              [124.2648, 8.272]
            ]
          ],
          [
            [
              [124.2696, 8.2716],
              [124.2692, 8.272],
              [124.2692, 8.2716],
              [124.2696, 8.2716]
            ]
          ],
          [
            [
              [124.4388, 8.2736],
              [124.4388, 8.2732],
              [124.4396, 8.2732],
              [124.4396, 8.2736],
              [124.4392, 8.2736],
              [124.4388, 8.2736]
            ]
          ],
          [
            [
              [124.3528, 8.2752],
              [124.3524, 8.2748],
              [124.3528, 8.2748],
              [124.3528, 8.2752]
            ]
          ],
          [
            [
              [124.4356, 8.2752],
              [124.4356, 8.2756],
              [124.4352, 8.2756],
              [124.4356, 8.2752]
            ]
          ],
          [
            [
              [124.4344, 8.2808],
              [124.434, 8.2812],
              [124.434, 8.2808],
              [124.4344, 8.2808]
            ]
          ],
          [
            [
              [124.3648, 8.2844],
              [124.3644, 8.2844],
              [124.3644, 8.284],
              [124.3648, 8.2844]
            ]
          ],
          [
            [
              [124.4592, 8.2856],
              [124.4588, 8.286],
              [124.4588, 8.2856],
              [124.4592, 8.2856]
            ]
          ],
          [
            [
              [124.366, 8.2872],
              [124.366, 8.2876],
              [124.3656, 8.2876],
              [124.3656, 8.2872],
              [124.366, 8.2872]
            ]
          ],
          [
            [
              [124.4344, 8.288],
              [124.434, 8.288],
              [124.4344, 8.2876],
              [124.4344, 8.288]
            ]
          ],
          [
            [
              [124.4364, 8.2908],
              [124.436, 8.2912],
              [124.436, 8.2908],
              [124.4364, 8.2908]
            ]
          ],
          [
            [
              [124.4404, 8.2928],
              [124.44, 8.2928],
              [124.44, 8.2924],
              [124.4404, 8.2928]
            ]
          ],
          [
            [
              [124.4276, 8.2952],
              [124.4272, 8.2948],
              [124.4276, 8.2948],
              [124.4276, 8.2952]
            ]
          ],
          [
            [
              [124.4272, 8.2976],
              [124.4268, 8.2972],
              [124.4272, 8.2972],
              [124.4272, 8.2976]
            ]
          ],
          [
            [
              [124.4316, 8.3012],
              [124.4312, 8.3008],
              [124.4316, 8.3008],
              [124.4316, 8.3012]
            ]
          ],
          [
            [
              [124.4324, 8.3016],
              [124.432, 8.3016],
              [124.432, 8.3012],
              [124.4324, 8.3016]
            ]
          ],
          [
            [
              [124.3524, 8.302],
              [124.3528, 8.3016],
              [124.3528, 8.302],
              [124.3524, 8.302]
            ]
          ],
          [
            [
              [124.444, 8.304],
              [124.4436, 8.3036],
              [124.444, 8.3036],
              [124.444, 8.304]
            ]
          ],
          [
            [
              [124.444, 8.304],
              [124.444, 8.3044],
              [124.4436, 8.3044],
              [124.4436, 8.304],
              [124.444, 8.304]
            ]
          ],
          [
            [
              [124.4272, 8.3048],
              [124.4268, 8.3044],
              [124.4272, 8.3044],
              [124.4272, 8.3048]
            ]
          ],
          [
            [
              [124.3756, 8.3056],
              [124.3752, 8.3056],
              [124.3752, 8.3052],
              [124.3756, 8.3056]
            ]
          ],
          [
            [
              [124.434, 8.3056],
              [124.4336, 8.306],
              [124.4336, 8.3056],
              [124.434, 8.3056]
            ]
          ],
          [
            [
              [124.428, 8.306],
              [124.4284, 8.3064],
              [124.428, 8.3064],
              [124.428, 8.306]
            ]
          ],
          [
            [
              [124.426, 8.308],
              [124.4256, 8.3084],
              [124.4256, 8.308],
              [124.426, 8.308]
            ]
          ],
          [
            [
              [124.4036, 8.3088],
              [124.4032, 8.3088],
              [124.4036, 8.3084],
              [124.4036, 8.3088]
            ]
          ],
          [
            [
              [124.4344, 8.3104],
              [124.434, 8.31],
              [124.4344, 8.31],
              [124.4344, 8.3104]
            ]
          ],
          [
            [
              [124.4152, 8.3108],
              [124.4152, 8.3104],
              [124.4156, 8.3104],
              [124.4152, 8.3108]
            ]
          ],
          [
            [
              [124.4188, 8.3116],
              [124.4184, 8.3112],
              [124.4188, 8.3112],
              [124.4188, 8.3116]
            ]
          ],
          [
            [
              [124.4112, 8.3116],
              [124.4108, 8.3112],
              [124.4112, 8.3112],
              [124.4112, 8.3116]
            ]
          ],
          [
            [
              [124.4356, 8.3116],
              [124.4356, 8.3112],
              [124.4364, 8.3112],
              [124.436, 8.3116],
              [124.4356, 8.3116]
            ]
          ],
          [
            [
              [124.3116, 8.314],
              [124.3112, 8.3144],
              [124.3112, 8.314],
              [124.3116, 8.314]
            ]
          ],
          [
            [
              [124.3744, 8.3152],
              [124.374, 8.3148],
              [124.3744, 8.3148],
              [124.3744, 8.3152]
            ]
          ],
          [
            [
              [124.4548, 8.3152],
              [124.454, 8.3156],
              [124.4536, 8.3156],
              [124.454, 8.3156],
              [124.4544, 8.3152],
              [124.4548, 8.3152]
            ]
          ],
          [
            [
              [124.4548, 8.3152],
              [124.4548, 8.3164],
              [124.4544, 8.3164],
              [124.454, 8.316],
              [124.4536, 8.316],
              [124.4544, 8.3156],
              [124.4544, 8.3164],
              [124.4548, 8.3164],
              [124.4548, 8.3152]
            ]
          ],
          [
            [
              [124.3764, 8.318],
              [124.376, 8.3184],
              [124.376, 8.318],
              [124.3764, 8.318]
            ]
          ],
          [
            [
              [124.4568, 8.3212],
              [124.4564, 8.3212],
              [124.4568, 8.3208],
              [124.4568, 8.3212]
            ]
          ],
          [
            [
              [124.3188, 8.3228],
              [124.3184, 8.3232],
              [124.3184, 8.3228],
              [124.3188, 8.3228]
            ]
          ],
          [
            [
              [124.2544, 8.326],
              [124.254, 8.326],
              [124.254, 8.3256],
              [124.2544, 8.3256],
              [124.2544, 8.326]
            ]
          ],
          [
            [
              [124.2464, 8.3256],
              [124.2468, 8.3256],
              [124.2472, 8.3256],
              [124.2476, 8.326],
              [124.248, 8.326],
              [124.2484, 8.326],
              [124.2484, 8.3264],
              [124.2472, 8.3264],
              [124.2468, 8.326],
              [124.2464, 8.326],
              [124.2464, 8.3256]
            ]
          ],
          [
            [
              [124.2772, 8.3264],
              [124.2776, 8.326],
              [124.278, 8.326],
              [124.2772, 8.3264]
            ]
          ],
          [
            [
              [124.2592, 8.3268],
              [124.2592, 8.3272],
              [124.2588, 8.3272],
              [124.2592, 8.3268]
            ]
          ],
          [
            [
              [124.2788, 8.3268],
              [124.2792, 8.3268],
              [124.2796, 8.3268],
              [124.2792, 8.3272],
              [124.2788, 8.3268]
            ]
          ],
          [
            [
              [124.2548, 8.3276],
              [124.2544, 8.3272],
              [124.2548, 8.3272],
              [124.2548, 8.3276]
            ]
          ],
          [
            [
              [124.2744, 8.3276],
              [124.2748, 8.328],
              [124.2744, 8.328],
              [124.274, 8.328],
              [124.274, 8.3276],
              [124.2744, 8.3276]
            ]
          ],
          [
            [
              [124.2468, 8.3288],
              [124.2464, 8.3284],
              [124.2464, 8.328],
              [124.2468, 8.328],
              [124.2472, 8.3284],
              [124.2468, 8.3288]
            ]
          ],
          [
            [
              [124.2756, 8.3288],
              [124.2752, 8.3288],
              [124.276, 8.3284],
              [124.2756, 8.328],
              [124.276, 8.3272],
              [124.2764, 8.3268],
              [124.2764, 8.3272],
              [124.2764, 8.3276],
              [124.276, 8.328],
              [124.276, 8.3284],
              [124.2756, 8.3288]
            ]
          ],
          [
            [
              [124.2576, 8.3288],
              [124.2572, 8.3292],
              [124.2572, 8.3288],
              [124.2576, 8.3288]
            ]
          ],
          [
            [
              [124.2748, 8.3292],
              [124.2744, 8.3292],
              [124.2748, 8.3288],
              [124.2748, 8.3292]
            ]
          ]
        ]
      },
      "properties": { "lvl": 1 }
    },
    {
      "type": "Feature",
      "geometry": {
        "type": "MultiPolygon",
        "coordinates": [
          [
            [
              [124.246, 8.208],
              [124.246, 8.2076],
              [124.2456, 8.2076],
              [124.246, 8.2076],
              [124.2468, 8.2076],
              [124.2472, 8.2076],
              [124.2472, 8.2084],
              [124.2468, 8.2084],
              [124.2464, 8.2084],
              [124.2464, 8.208],
              [124.246, 8.208]
            ]
          ],
          [
            [
              [124.2496, 8.2088],
              [124.2492, 8.2088],
              [124.2492, 8.2084],
              [124.2496, 8.2084],
              [124.2496, 8.2088]
            ]
          ],
          [
            [
              [124.2516, 8.2092],
              [124.2512, 8.2088],
              [124.2516, 8.2088],
              [124.2516, 8.2084],
              [124.252, 8.2084],
              [124.2524, 8.2088],
              [124.252, 8.2088],
              [124.2516, 8.2088],
              [124.2516, 8.2092]
            ]
          ],
          [
            [
              [124.2496, 8.2092],
              [124.2492, 8.2092],
              [124.2496, 8.2088],
              [124.2496, 8.2092]
            ]
          ],
          [
            [
              [124.2516, 8.2092],
              [124.2516, 8.2096],
              [124.2512, 8.2096],
              [124.2512, 8.21],
              [124.2508, 8.21],
              [124.2508, 8.2092],
              [124.2516, 8.2092]
            ]
          ],
          [
            [
              [124.2512, 8.21],
              [124.2516, 8.21],
              [124.2516, 8.2108],
              [124.2504, 8.2112],
              [124.2504, 8.2108],
              [124.2512, 8.21]
            ]
          ],
          [
            [
              [124.246, 8.2112],
              [124.246, 8.2108],
              [124.2464, 8.2108],
              [124.2464, 8.2104],
              [124.2468, 8.2112],
              [124.2464, 8.2112],
              [124.2464, 8.212],
              [124.246, 8.2124],
              [124.246, 8.2128],
              [124.246, 8.2124],
              [124.2464, 8.212],
              [124.246, 8.2116],
              [124.246, 8.2112]
            ]
          ],
          [
            [
              [124.2516, 8.2112],
              [124.2516, 8.2116],
              [124.2512, 8.2116],
              [124.2516, 8.2112]
            ]
          ],
          [
            [
              [124.2504, 8.2116],
              [124.2504, 8.2112],
              [124.2508, 8.2112],
              [124.2508, 8.2116],
              [124.2504, 8.2116]
            ]
          ],
          [
            [
              [124.2304, 8.2148],
              [124.23, 8.2148],
              [124.23, 8.2144],
              [124.2296, 8.2144],
              [124.2292, 8.2144],
              [124.2292, 8.214],
              [124.2296, 8.214],
              [124.2296, 8.2136],
              [124.2296, 8.2132],
              [124.23, 8.2132],
              [124.23, 8.2136],
              [124.23, 8.214],
              [124.23, 8.2144],
              [124.2304, 8.2144],
              [124.2308, 8.2148],
              [124.2304, 8.2148]
            ]
          ],
          [
            [
              [124.2444, 8.2148],
              [124.244, 8.2148],
              [124.244, 8.2144],
              [124.2436, 8.2144],
              [124.2436, 8.214],
              [124.244, 8.214],
              [124.244, 8.2144],
              [124.2444, 8.2144],
              [124.2444, 8.2148]
            ]
          ],
          [
            [
              [124.2472, 8.2152],
              [124.2472, 8.2148],
              [124.2476, 8.2148],
              [124.2472, 8.2152]
            ]
          ],
          [
            [
              [124.2276, 8.2152],
              [124.228, 8.2152],
              [124.228, 8.216],
              [124.2276, 8.216],
              [124.2276, 8.2156],
              [124.2276, 8.216],
              [124.2272, 8.216],
              [124.2272, 8.2156],
              [124.2268, 8.2156],
              [124.2272, 8.2152],
              [124.2276, 8.2156],
              [124.2276, 8.2152]
            ]
          ],
          [
            [
              [124.2372, 8.2156],
              [124.2368, 8.216],
              [124.2368, 8.2156],
              [124.2372, 8.2156]
            ]
          ],
          [
            [
              [124.2284, 8.216],
              [124.2288, 8.216],
              [124.2288, 8.2164],
              [124.2284, 8.216]
            ]
          ],
          [
            [
              [124.244, 8.216],
              [124.244, 8.2164],
              [124.2436, 8.2164],
              [124.2436, 8.216],
              [124.244, 8.216]
            ]
          ],
          [
            [
              [124.2328, 8.2164],
              [124.2328, 8.2168],
              [124.2324, 8.2168],
              [124.2324, 8.2164],
              [124.2328, 8.2164]
            ]
          ],
          [
            [
              [124.23, 8.2168],
              [124.2296, 8.2168],
              [124.2292, 8.2168],
              [124.2292, 8.2164],
              [124.2288, 8.2164],
              [124.2292, 8.2164],
              [124.2296, 8.2164],
              [124.23, 8.2164],
              [124.23, 8.2168]
            ]
          ],
          [
            [
              [124.234, 8.2164],
              [124.2344, 8.2168],
              [124.234, 8.2168],
              [124.234, 8.2164]
            ]
          ],
          [
            [
              [124.232, 8.2176],
              [124.2316, 8.2184],
              [124.2316, 8.218],
              [124.2312, 8.218],
              [124.2312, 8.2176],
              [124.2308, 8.2176],
              [124.2308, 8.2172],
              [124.2304, 8.2172],
              [124.2304, 8.2168],
              [124.23, 8.2168],
              [124.2304, 8.2164],
              [124.2304, 8.2168],
              [124.2308, 8.2172],
              [124.2312, 8.2172],
              [124.2316, 8.2176],
              [124.232, 8.2176]
            ]
          ],
          [
            [
              [124.2504, 8.2164],
              [124.2504, 8.2168],
              [124.25, 8.2172],
              [124.25, 8.2168],
              [124.2504, 8.2164]
            ]
          ],
          [
            [
              [124.2412, 8.2172],
              [124.2408, 8.2176],
              [124.2404, 8.2172],
              [124.2404, 8.2168],
              [124.2408, 8.2168],
              [124.2412, 8.2168],
              [124.2416, 8.2168],
              [124.2416, 8.2172],
              [124.2412, 8.2172],
              [124.2412, 8.2176],
              [124.2412, 8.2172]
            ]
          ],
          [
            [
              [124.2424, 8.2172],
              [124.242, 8.2172],
              [124.242, 8.2168],
              [124.2424, 8.2168],
              [124.2424, 8.2172]
            ]
          ],
          [
            [
              [124.252, 8.2176],
              [124.2516, 8.2176],
              [124.2516, 8.2184],
              [124.2512, 8.2184],
              [124.2508, 8.218],
              [124.2504, 8.2176],
              [124.2508, 8.2172],
              [124.2516, 8.2172],
              [124.252, 8.2172],
              [124.2524, 8.2172],
              [124.2528, 8.2176],
              [124.2524, 8.2176],
              [124.252, 8.2176]
            ]
          ],
          [
            [
              [124.234, 8.2176],
              [124.2336, 8.2176],
              [124.2336, 8.2172],
              [124.234, 8.2172],
              [124.234, 8.2176]
            ]
          ],
          [
            [
              [124.234, 8.2172],
              [124.2344, 8.2176],
              [124.234, 8.2176],
              [124.234, 8.2172]
            ]
          ],
          [
            [
              [124.2332, 8.2172],
              [124.2332, 8.2176],
              [124.2328, 8.2176],
              [124.2332, 8.2172]
            ]
          ],
          [
            [
              [124.2324, 8.218],
              [124.232, 8.2176],
              [124.2324, 8.2176],
              [124.2324, 8.218]
            ]
          ],
          [
            [
              [124.2416, 8.2192],
              [124.2416, 8.2188],
              [124.2412, 8.2188],
              [124.2412, 8.2192],
              [124.2404, 8.2192],
              [124.24, 8.2192],
              [124.2396, 8.2192],
              [124.2392, 8.2196],
              [124.2388, 8.2196],
              [124.238, 8.22],
              [124.2376, 8.22],
              [124.2372, 8.22],
              [124.2368, 8.2208],
              [124.2368, 8.2204],
              [124.2364, 8.22],
              [124.236, 8.22],
              [124.2356, 8.22],
              [124.2352, 8.22],
              [124.2352, 8.2196],
              [124.2356, 8.2196],
              [124.236, 8.2192],
              [124.2356, 8.2192],
              [124.236, 8.2188],
              [124.2356, 8.2188],
              [124.2352, 8.2188],
              [124.2352, 8.2192],
              [124.2352, 8.2196],
              [124.2348, 8.2196],
              [124.2348, 8.2192],
              [124.2344, 8.2192],
              [124.234, 8.2192],
              [124.234, 8.2188],
              [124.2332, 8.2188],
              [124.2328, 8.2188],
              [124.2324, 8.2188],
              [124.232, 8.2184],
              [124.2316, 8.2184],
              [124.232, 8.2184],
              [124.232, 8.218],
              [124.2324, 8.218],
              [124.2328, 8.218],
              [124.2332, 8.218],
              [124.2336, 8.218],
              [124.234, 8.218],
              [124.2344, 8.218],
              [124.2348, 8.218],
              [124.2352, 8.218],
              [124.2356, 8.218],
              [124.2356, 8.2184],
              [124.2356, 8.218],
              [124.236, 8.218],
              [124.236, 8.2184],
              [124.2364, 8.2184],
              [124.2368, 8.2188],
              [124.2372, 8.2184],
              [124.2376, 8.2184],
              [124.238, 8.218],
              [124.2384, 8.2184],
              [124.238, 8.2188],
              [124.2376, 8.2188],
              [124.2372, 8.2188],
              [124.2368, 8.2192],
              [124.2364, 8.2192],
              [124.2368, 8.2196],
              [124.2372, 8.2192],
              [124.238, 8.2192],
              [124.2384, 8.2188],
              [124.2388, 8.2188],
              [124.2392, 8.2188],
              [124.2392, 8.2192],
              [124.24, 8.2188],
              [124.24, 8.2184],
              [124.24, 8.2188],
              [124.2408, 8.2188],
              [124.2412, 8.2188],
              [124.2416, 8.2184],
              [124.2416, 8.2188],
              [124.242, 8.2188],
              [124.2424, 8.2184],
              [124.2428, 8.2188],
              [124.2432, 8.2188],
              [124.2436, 8.2188],
              [124.2436, 8.218],
              [124.244, 8.218],
              [124.244, 8.2176],
              [124.2444, 8.2176],
              [124.2448, 8.2176],
              [124.2452, 8.2176],
              [124.2456, 8.2176],
              [124.246, 8.2176],
              [124.2464, 8.2176],
              [124.2468, 8.2176],
              [124.2472, 8.2184],
              [124.2476, 8.2188],
              [124.2476, 8.2192],
              [124.2476, 8.2196],
              [124.2472, 8.22],
              [124.2468, 8.22],
              [124.2468, 8.2196],
              [124.2464, 8.2196],
              [124.2464, 8.22],
              [124.2464, 8.2196],
              [124.2468, 8.2196],
              [124.2468, 8.22],
              [124.2464, 8.2204],
              [124.246, 8.2204],
              [124.2452, 8.2204],
              [124.2452, 8.22],
              [124.2448, 8.22],
              [124.2444, 8.2196],
              [124.2444, 8.2192],
              [124.2444, 8.2196],
              [124.2444, 8.2192],
              [124.2444, 8.2196],
              [124.244, 8.2196],
              [124.2436, 8.2188],
              [124.2424, 8.2188],
              [124.2424, 8.2192],
              [124.242, 8.2192],
              [124.2416, 8.2192]
            ],
            [
              [124.2444, 8.2188],
              [124.2448, 8.2188],
              [124.2452, 8.2184],
              [124.2452, 8.2188],
              [124.2456, 8.2184],
              [124.246, 8.2184],
              [124.246, 8.218],
              [124.2456, 8.218],
              [124.2452, 8.218],
              [124.2448, 8.218],
              [124.2444, 8.2184],
              [124.2444, 8.2188]
            ],
            [
              [124.246, 8.2192],
              [124.2464, 8.2192],
              [124.2468, 8.2192],
              [124.2468, 8.2188],
              [124.2464, 8.2188],
              [124.246, 8.2188],
              [124.246, 8.2192]
            ],
            [
              [124.2472, 8.2188],
              [124.2468, 8.2188],
              [124.2468, 8.2192],
              [124.2472, 8.2188]
            ],
            [
              [124.2384, 8.2196],
              [124.2388, 8.2192],
              [124.2384, 8.2192],
              [124.2384, 8.2196]
            ]
          ],
          [
            [
              [124.2336, 8.2172],
              [124.2332, 8.2172],
              [124.2332, 8.2168],
              [124.2336, 8.2168],
              [124.2336, 8.2172]
            ]
          ],
          [
            [
              [124.252, 8.2184],
              [124.252, 8.218],
              [124.2528, 8.218],
              [124.2532, 8.218],
              [124.2536, 8.2184],
              [124.254, 8.2192],
              [124.2536, 8.2192],
              [124.2532, 8.2196],
              [124.2528, 8.2196],
              [124.2528, 8.2192],
              [124.2528, 8.2188],
              [124.2528, 8.2184],
              [124.252, 8.2184]
            ]
          ],
          [
            [
              [124.2316, 8.2184],
              [124.2316, 8.2188],
              [124.2316, 8.2192],
              [124.2312, 8.2192],
              [124.2312, 8.2188],
              [124.2316, 8.2184]
            ]
          ],
          [
            [
              [124.2572, 8.22],
              [124.2568, 8.22],
              [124.2568, 8.2196],
              [124.2568, 8.2192],
              [124.2568, 8.2188],
              [124.2568, 8.2192],
              [124.2576, 8.2192],
              [124.2572, 8.2192],
              [124.2572, 8.2196],
              [124.2572, 8.22]
            ]
          ],
          [
            [
              [124.2556, 8.2188],
              [124.2552, 8.2192],
              [124.2548, 8.2192],
              [124.2552, 8.2192],
              [124.2552, 8.2188],
              [124.2556, 8.2188]
            ]
          ],
          [
            [
              [124.2544, 8.2196],
              [124.254, 8.2192],
              [124.2544, 8.2192],
              [124.2544, 8.2196]
            ]
          ],
          [
            [
              [124.2528, 8.2196],
              [124.2528, 8.22],
              [124.2524, 8.2196],
              [124.2528, 8.2196]
            ]
          ],
          [
            [
              [124.2432, 8.22],
              [124.2428, 8.2196],
              [124.2428, 8.22],
              [124.2428, 8.2192],
              [124.2432, 8.22]
            ]
          ],
          [
            [
              [124.2524, 8.2216],
              [124.252, 8.2216],
              [124.2516, 8.222],
              [124.2512, 8.222],
              [124.2508, 8.222],
              [124.25, 8.222],
              [124.2504, 8.2212],
              [124.2508, 8.2212],
              [124.2512, 8.2208],
              [124.2516, 8.2208],
              [124.2516, 8.2212],
              [124.2524, 8.2208],
              [124.2524, 8.2212],
              [124.252, 8.2212],
              [124.2524, 8.2216]
            ]
          ],
          [
            [
              [124.2368, 8.2212],
              [124.2364, 8.2216],
              [124.2364, 8.2212],
              [124.2368, 8.2212]
            ]
          ],
          [
            [
              [124.236, 8.2264],
              [124.2356, 8.2276],
              [124.2352, 8.2276],
              [124.2344, 8.2276],
              [124.234, 8.2272],
              [124.2336, 8.2268],
              [124.2332, 8.2264],
              [124.2328, 8.2264],
              [124.2328, 8.226],
              [124.2328, 8.2256],
              [124.2332, 8.2256],
              [124.2328, 8.2256],
              [124.2328, 8.2248],
              [124.2328, 8.2244],
              [124.2324, 8.2244],
              [124.2324, 8.224],
              [124.2324, 8.2236],
              [124.232, 8.2236],
              [124.2324, 8.2232],
              [124.232, 8.2228],
              [124.2324, 8.2224],
              [124.232, 8.2224],
              [124.232, 8.222],
              [124.2324, 8.222],
              [124.2324, 8.2224],
              [124.2328, 8.2224],
              [124.2324, 8.2224],
              [124.2324, 8.2228],
              [124.2328, 8.2228],
              [124.2332, 8.2228],
              [124.2332, 8.2224],
              [124.2336, 8.2224],
              [124.234, 8.2224],
              [124.2344, 8.2228],
              [124.2348, 8.2224],
              [124.2352, 8.2224],
              [124.2352, 8.2228],
              [124.2356, 8.2228],
              [124.2364, 8.2228],
              [124.2364, 8.2224],
              [124.2368, 8.2224],
              [124.2368, 8.2236],
              [124.2364, 8.2236],
              [124.2364, 8.224],
              [124.236, 8.224],
              [124.236, 8.2236],
              [124.236, 8.224],
              [124.2364, 8.224],
              [124.236, 8.2244],
              [124.2356, 8.2244],
              [124.2352, 8.2248],
              [124.2356, 8.2256],
              [124.2356, 8.226],
              [124.236, 8.226],
              [124.236, 8.2264]
            ],
            [
              [124.2348, 8.2264],
              [124.2352, 8.2264],
              [124.2352, 8.226],
              [124.2352, 8.2256],
              [124.2348, 8.2256],
              [124.2352, 8.2264],
              [124.2348, 8.2264]
            ]
          ],
          [
            [
              [124.2432, 8.2232],
              [124.2428, 8.2232],
              [124.2424, 8.2232],
              [124.2424, 8.2236],
              [124.242, 8.2236],
              [124.242, 8.224],
              [124.2416, 8.224],
              [124.2412, 8.224],
              [124.2408, 8.224],
              [124.2404, 8.2244],
              [124.2404, 8.224],
              [124.2404, 8.2236],
              [124.2404, 8.2232],
              [124.2404, 8.2228],
              [124.2404, 8.2224],
              [124.2408, 8.2224],
              [124.2412, 8.2228],
              [124.2412, 8.2224],
              [124.2412, 8.222],
              [124.242, 8.222],
              [124.2424, 8.222],
              [124.2428, 8.2224],
              [124.2428, 8.222],
              [124.2436, 8.2228],
              [124.244, 8.2228],
              [124.2436, 8.2228],
              [124.2432, 8.2228],
              [124.2432, 8.2232]
            ]
          ],
          [
            [
              [124.262, 8.2232],
              [124.2612, 8.2232],
              [124.2612, 8.2228],
              [124.2616, 8.2228],
              [124.262, 8.2228],
              [124.2624, 8.2228],
              [124.2624, 8.2232],
              [124.262, 8.2232]
            ]
          ],
          [
            [
              [124.2444, 8.2224],
              [124.2456, 8.2232],
              [124.2456, 8.2236],
              [124.2452, 8.2236],
              [124.2448, 8.2236],
              [124.2444, 8.2236],
              [124.2444, 8.2232],
              [124.244, 8.2228],
              [124.2444, 8.2224]
            ]
          ],
          [
            [
              [124.2492, 8.2236],
              [124.2488, 8.224],
              [124.2488, 8.2244],
              [124.2488, 8.2236],
              [124.2492, 8.2236]
            ]
          ],
          [
            [
              [124.24, 8.2244],
              [124.2396, 8.2248],
              [124.2392, 8.2248],
              [124.2388, 8.2248],
              [124.2392, 8.2248],
              [124.2392, 8.2244],
              [124.2396, 8.2244],
              [124.24, 8.2244],
              [124.2404, 8.224],
              [124.24, 8.2244]
            ]
          ],
          [
            [
              [124.2488, 8.2244],
              [124.2488, 8.2248],
              [124.2484, 8.2248],
              [124.2488, 8.2244]
            ]
          ],
          [
            [
              [124.2464, 8.2244],
              [124.2472, 8.2248],
              [124.2468, 8.2252],
              [124.2464, 8.2244]
            ]
          ],
          [
            [
              [124.2572, 8.2256],
              [124.2576, 8.2256],
              [124.258, 8.2256],
              [124.2584, 8.2256],
              [124.258, 8.226],
              [124.258, 8.2264],
              [124.2576, 8.2264],
              [124.2572, 8.2264],
              [124.2568, 8.226],
              [124.2564, 8.226],
              [124.256, 8.226],
              [124.2556, 8.226],
              [124.2552, 8.226],
              [124.2548, 8.2256],
              [124.2544, 8.2256],
              [124.2544, 8.2252],
              [124.2544, 8.2248],
              [124.2544, 8.2244],
              [124.2548, 8.2248],
              [124.2552, 8.2248],
              [124.2548, 8.2248],
              [124.2552, 8.2248],
              [124.2556, 8.2248],
              [124.256, 8.2252],
              [124.256, 8.2256],
              [124.2564, 8.2256],
              [124.2568, 8.2256],
              [124.2572, 8.2256]
            ]
          ],
          [
            [
              [124.2544, 8.2248],
              [124.2544, 8.2252],
              [124.254, 8.2248],
              [124.2544, 8.2248]
            ]
          ],
          [
            [
              [124.248, 8.2256],
              [124.2476, 8.2248],
              [124.2484, 8.2248],
              [124.248, 8.2252],
              [124.248, 8.2256]
            ]
          ],
          [
            [
              [124.2468, 8.2264],
              [124.2464, 8.2264],
              [124.2464, 8.226],
              [124.246, 8.2256],
              [124.246, 8.2252],
              [124.2464, 8.2252],
              [124.2464, 8.2256],
              [124.2464, 8.226],
              [124.2468, 8.2264]
            ]
          ],
          [
            [
              [124.238, 8.2268],
              [124.2384, 8.2264],
              [124.2384, 8.226],
              [124.2384, 8.2256],
              [124.2384, 8.226],
              [124.2384, 8.2264],
              [124.2384, 8.2268],
              [124.238, 8.2268]
            ]
          ],
          [
            [
              [124.2584, 8.2256],
              [124.2588, 8.2252],
              [124.2588, 8.2256],
              [124.2584, 8.2256]
            ]
          ],
          [
            [
              [124.2476, 8.2264],
              [124.248, 8.2268],
              [124.2476, 8.2268],
              [124.2472, 8.2268],
              [124.2476, 8.2264]
            ]
          ],
          [
            [
              [124.256, 8.2392],
              [124.256, 8.24],
              [124.2564, 8.2396],
              [124.2564, 8.24],
              [124.2568, 8.24],
              [124.2568, 8.2404],
              [124.2576, 8.2404],
              [124.258, 8.2408],
              [124.2584, 8.2408],
              [124.2588, 8.2408],
              [124.2588, 8.2416],
              [124.2592, 8.2416],
              [124.2596, 8.242],
              [124.2596, 8.2424],
              [124.2592, 8.2428],
              [124.2588, 8.2428],
              [124.2588, 8.242],
              [124.2584, 8.242],
              [124.2584, 8.2424],
              [124.258, 8.2424],
              [124.2584, 8.2428],
              [124.258, 8.2428],
              [124.2576, 8.2428],
              [124.2572, 8.2428],
              [124.2572, 8.2424],
              [124.2568, 8.2424],
              [124.2568, 8.242],
              [124.2564, 8.242],
              [124.256, 8.2416],
              [124.2556, 8.242],
              [124.2556, 8.2416],
              [124.2552, 8.2416],
              [124.2552, 8.242],
              [124.2552, 8.2416],
              [124.2544, 8.2416],
              [124.254, 8.2416],
              [124.2544, 8.2412],
              [124.2544, 8.2408],
              [124.254, 8.2408],
              [124.254, 8.2404],
              [124.2536, 8.2404],
              [124.254, 8.2408],
              [124.254, 8.2412],
              [124.2532, 8.2416],
              [124.2536, 8.2416],
              [124.2532, 8.2416],
              [124.2532, 8.2412],
              [124.2528, 8.2408],
              [124.2524, 8.2404],
              [124.252, 8.2408],
              [124.2516, 8.2408],
              [124.2512, 8.2404],
              [124.2512, 8.2408],
              [124.2508, 8.2408],
              [124.2508, 8.2404],
              [124.2504, 8.2404],
              [124.25, 8.2412],
              [124.25, 8.2408],
              [124.2496, 8.2408],
              [124.2492, 8.2408],
              [124.2492, 8.2404],
              [124.2492, 8.2408],
              [124.2488, 8.2408],
              [124.2488, 8.2404],
              [124.2476, 8.2404],
              [124.248, 8.24],
              [124.2476, 8.24],
              [124.2472, 8.24],
              [124.2468, 8.24],
              [124.2464, 8.2396],
              [124.246, 8.24],
              [124.2456, 8.2404],
              [124.2452, 8.2404],
              [124.2452, 8.24],
              [124.2448, 8.2396],
              [124.2444, 8.2392],
              [124.2444, 8.2388],
              [124.244, 8.2392],
              [124.2444, 8.2392],
              [124.244, 8.2396],
              [124.2444, 8.24],
              [124.244, 8.24],
              [124.244, 8.2404],
              [124.2444, 8.2404],
              [124.244, 8.2404],
              [124.244, 8.2408],
              [124.244, 8.2412],
              [124.244, 8.2416],
              [124.2444, 8.2416],
              [124.2444, 8.242],
              [124.244, 8.242],
              [124.2436, 8.242],
              [124.2432, 8.242],
              [124.2436, 8.2416],
              [124.2436, 8.2412],
              [124.2432, 8.2412],
              [124.2432, 8.2408],
              [124.2432, 8.2412],
              [124.2432, 8.2416],
              [124.2432, 8.242],
              [124.2428, 8.2416],
              [124.2424, 8.242],
              [124.2428, 8.2424],
              [124.2424, 8.2424],
              [124.242, 8.2424],
              [124.2416, 8.242],
              [124.2416, 8.2416],
              [124.2412, 8.2412],
              [124.2416, 8.2412],
              [124.2416, 8.2408],
              [124.2416, 8.2404],
              [124.242, 8.24],
              [124.2424, 8.24],
              [124.2424, 8.2396],
              [124.2428, 8.2392],
              [124.2432, 8.2392],
              [124.2432, 8.2388],
              [124.2432, 8.238],
              [124.2432, 8.2376],
              [124.2432, 8.2372],
              [124.2432, 8.2376],
              [124.2436, 8.2376],
              [124.2436, 8.2372],
              [124.2436, 8.2368],
              [124.2436, 8.2364],
              [124.244, 8.236],
              [124.244, 8.2356],
              [124.2444, 8.2356],
              [124.2444, 8.2364],
              [124.244, 8.2368],
              [124.2444, 8.2368],
              [124.2444, 8.2372],
              [124.2448, 8.2372],
              [124.2452, 8.2372],
              [124.2452, 8.2368],
              [124.2452, 8.2364],
              [124.2448, 8.236],
              [124.2448, 8.2356],
              [124.2452, 8.2356],
              [124.2456, 8.2352],
              [124.2456, 8.2356],
              [124.246, 8.2356],
              [124.2464, 8.2352],
              [124.2464, 8.2348],
              [124.2468, 8.2348],
              [124.2468, 8.2352],
              [124.2468, 8.2356],
              [124.2472, 8.2356],
              [124.2472, 8.2352],
              [124.2476, 8.2352],
              [124.2476, 8.2348],
              [124.248, 8.2348],
              [124.248, 8.234],
              [124.248, 8.2344],
              [124.2484, 8.2348],
              [124.2484, 8.2356],
              [124.2488, 8.2356],
              [124.2492, 8.2356],
              [124.2492, 8.236],
              [124.2496, 8.2364],
              [124.2492, 8.2368],
              [124.2496, 8.2372],
              [124.25, 8.2372],
              [124.25, 8.238],
              [124.2496, 8.238],
              [124.2492, 8.2384],
              [124.2488, 8.2384],
              [124.2484, 8.2384],
              [124.248, 8.2384],
              [124.2472, 8.2384],
              [124.2468, 8.2384],
              [124.2468, 8.2388],
              [124.246, 8.2388],
              [124.2456, 8.238],
              [124.2456, 8.2376],
              [124.2452, 8.2376],
              [124.2448, 8.238],
              [124.2452, 8.2384],
              [124.2452, 8.2388],
              [124.2452, 8.2396],
              [124.246, 8.2396],
              [124.246, 8.2392],
              [124.2468, 8.2392],
              [124.2472, 8.2392],
              [124.2472, 8.2396],
              [124.2476, 8.2396],
              [124.2472, 8.2392],
              [124.2476, 8.2392],
              [124.2484, 8.2392],
              [124.248, 8.2384],
              [124.2488, 8.2384],
              [124.2492, 8.2384],
              [124.2492, 8.2392],
              [124.25, 8.2388],
              [124.25, 8.2392],
              [124.2504, 8.2392],
              [124.2512, 8.2392],
              [124.2512, 8.2396],
              [124.2512, 8.2392],
              [124.2504, 8.2388],
              [124.2504, 8.2384],
              [124.25, 8.2384],
              [124.25, 8.238],
              [124.25, 8.2372],
              [124.2504, 8.2372],
              [124.2504, 8.238],
              [124.2508, 8.238],
              [124.2512, 8.2384],
              [124.252, 8.2384],
              [124.252, 8.2376],
              [124.2524, 8.2376],
              [124.2524, 8.2372],
              [124.252, 8.2376],
              [124.2524, 8.2372],
              [124.2528, 8.2376],
              [124.2528, 8.238],
              [124.2532, 8.2376],
              [124.2528, 8.2372],
              [124.2532, 8.2368],
              [124.2528, 8.236],
              [124.2524, 8.2356],
              [124.252, 8.236],
              [124.2516, 8.2364],
              [124.2516, 8.2368],
              [124.2512, 8.2368],
              [124.2512, 8.2372],
              [124.2512, 8.2376],
              [124.2516, 8.2376],
              [124.2516, 8.238],
              [124.2512, 8.238],
              [124.2508, 8.238],
              [124.2508, 8.2376],
              [124.2508, 8.2372],
              [124.25, 8.2368],
              [124.2504, 8.2364],
              [124.25, 8.236],
              [124.2496, 8.2356],
              [124.2492, 8.2352],
              [124.25, 8.2348],
              [124.2496, 8.234],
              [124.25, 8.234],
              [124.2496, 8.2336],
              [124.2496, 8.2332],
              [124.2492, 8.2332],
              [124.2492, 8.2328],
              [124.2484, 8.2328],
              [124.2484, 8.2332],
              [124.248, 8.2332],
              [124.248, 8.232],
              [124.2476, 8.232],
              [124.2476, 8.2324],
              [124.2468, 8.2324],
              [124.2468, 8.2332],
              [124.2468, 8.2328],
              [124.2464, 8.2324],
              [124.246, 8.2324],
              [124.246, 8.2328],
              [124.2464, 8.2328],
              [124.2464, 8.2332],
              [124.246, 8.2328],
              [124.2456, 8.2328],
              [124.2456, 8.2332],
              [124.2456, 8.2328],
              [124.2452, 8.2328],
              [124.2452, 8.2324],
              [124.2456, 8.2324],
              [124.2452, 8.2324],
              [124.2456, 8.2324],
              [124.246, 8.2324],
              [124.246, 8.232],
              [124.246, 8.2316],
              [124.2464, 8.2316],
              [124.2464, 8.2312],
              [124.246, 8.2308],
              [124.2464, 8.2308],
              [124.2464, 8.2304],
              [124.2464, 8.23],
              [124.2464, 8.2304],
              [124.2464, 8.2308],
              [124.2464, 8.2312],
              [124.2468, 8.2312],
              [124.2468, 8.2308],
              [124.2476, 8.2308],
              [124.248, 8.2308],
              [124.248, 8.2312],
              [124.2484, 8.2312],
              [124.2488, 8.2312],
              [124.2488, 8.2316],
              [124.2492, 8.2316],
              [124.2496, 8.232],
              [124.2496, 8.2316],
              [124.25, 8.2316],
              [124.25, 8.232],
              [124.2504, 8.232],
              [124.2508, 8.2316],
              [124.2512, 8.2316],
              [124.2512, 8.232],
              [124.2508, 8.232],
              [124.2512, 8.232],
              [124.2516, 8.232],
              [124.252, 8.232],
              [124.2528, 8.232],
              [124.2528, 8.2316],
              [124.2536, 8.2316],
              [124.254, 8.2316],
              [124.254, 8.2312],
              [124.2544, 8.2308],
              [124.2548, 8.2304],
              [124.2548, 8.2308],
              [124.2548, 8.2304],
              [124.2548, 8.2296],
              [124.2552, 8.2296],
              [124.2556, 8.2292],
              [124.2556, 8.2288],
              [124.256, 8.228],
              [124.2556, 8.2276],
              [124.2556, 8.2272],
              [124.2556, 8.2268],
              [124.256, 8.2272],
              [124.256, 8.2276],
              [124.256, 8.228],
              [124.2564, 8.2284],
              [124.2564, 8.2288],
              [124.2564, 8.2284],
              [124.2564, 8.2288],
              [124.2564, 8.2292],
              [124.2572, 8.2288],
              [124.2576, 8.2284],
              [124.2576, 8.2288],
              [124.258, 8.2288],
              [124.2584, 8.2288],
              [124.2576, 8.2292],
              [124.2576, 8.2288],
              [124.2572, 8.2292],
              [124.2568, 8.2292],
              [124.2564, 8.2296],
              [124.2564, 8.2304],
              [124.256, 8.2304],
              [124.256, 8.2308],
              [124.256, 8.2312],
              [124.256, 8.2316],
              [124.2556, 8.2316],
              [124.256, 8.232],
              [124.2556, 8.232],
              [124.2552, 8.2324],
              [124.2552, 8.2328],
              [124.2548, 8.2328],
              [124.2544, 8.2328],
              [124.2536, 8.2332],
              [124.2532, 8.2332],
              [124.2528, 8.2332],
              [124.2532, 8.2336],
              [124.2528, 8.2336],
              [124.2532, 8.2336],
              [124.2532, 8.234],
              [124.2528, 8.234],
              [124.2528, 8.2344],
              [124.2528, 8.234],
              [124.2524, 8.234],
              [124.252, 8.234],
              [124.252, 8.2344],
              [124.2524, 8.2344],
              [124.2528, 8.2344],
              [124.2524, 8.2344],
              [124.2524, 8.2348],
              [124.252, 8.2348],
              [124.2516, 8.2348],
              [124.2508, 8.2348],
              [124.2508, 8.2352],
              [124.2508, 8.2356],
              [124.2512, 8.2356],
              [124.252, 8.2352],
              [124.2524, 8.2352],
              [124.2524, 8.2348],
              [124.2528, 8.2348],
              [124.2528, 8.2344],
              [124.2532, 8.2344],
              [124.2532, 8.2348],
              [124.2532, 8.2344],
              [124.2536, 8.2348],
              [124.254, 8.2348],
              [124.254, 8.2344],
              [124.254, 8.234],
              [124.254, 8.2344],
              [124.2544, 8.2344],
              [124.254, 8.2344],
              [124.2544, 8.2344],
              [124.2548, 8.2348],
              [124.2548, 8.2344],
              [124.2552, 8.2348],
              [124.2552, 8.2352],
              [124.2556, 8.2352],
              [124.256, 8.2352],
              [124.2564, 8.2356],
              [124.256, 8.236],
              [124.256, 8.2364],
              [124.2556, 8.2364],
              [124.2556, 8.236],
              [124.2556, 8.2364],
              [124.256, 8.2364],
              [124.2564, 8.2364],
              [124.2564, 8.2368],
              [124.2564, 8.2372],
              [124.2564, 8.2376],
              [124.2564, 8.2372],
              [124.256, 8.2376],
              [124.256, 8.238],
              [124.2564, 8.238],
              [124.256, 8.2384],
              [124.2564, 8.2388],
              [124.2564, 8.2392],
              [124.256, 8.2392]
            ],
            [
              [124.2552, 8.2304],
              [124.2556, 8.2304],
              [124.2552, 8.23],
              [124.2552, 8.2304]
            ],
            [
              [124.2488, 8.2324],
              [124.2488, 8.232],
              [124.2484, 8.2324],
              [124.2488, 8.2324]
            ],
            [
              [124.2504, 8.2332],
              [124.2504, 8.2336],
              [124.2508, 8.2336],
              [124.2512, 8.2332],
              [124.2516, 8.2332],
              [124.2516, 8.2328],
              [124.2512, 8.2324],
              [124.2508, 8.2328],
              [124.2504, 8.2328],
              [124.2504, 8.2332]
            ],
            [
              [124.25, 8.2348],
              [124.25, 8.2356],
              [124.2504, 8.2356],
              [124.2504, 8.2352],
              [124.2504, 8.2348],
              [124.25, 8.2348]
            ],
            [
              [124.2528, 8.2352],
              [124.2524, 8.2352],
              [124.2524, 8.2356],
              [124.2528, 8.2352]
            ],
            [
              [124.254, 8.2376],
              [124.254, 8.2372],
              [124.2536, 8.2376],
              [124.2536, 8.238],
              [124.254, 8.238],
              [124.254, 8.2376]
            ],
            [
              [124.2512, 8.24],
              [124.2508, 8.2396],
              [124.2508, 8.24],
              [124.2512, 8.24]
            ],
            [
              [124.2548, 8.24],
              [124.2544, 8.24],
              [124.2544, 8.2404],
              [124.2548, 8.2404],
              [124.2548, 8.24]
            ],
            [
              [124.2572, 8.2408],
              [124.2568, 8.2412],
              [124.2572, 8.2412],
              [124.2572, 8.2408],
              [124.2576, 8.2412],
              [124.2576, 8.2408],
              [124.2572, 8.2408]
            ]
          ],
          [
            [
              [124.2652, 8.2268],
              [124.2652, 8.2272],
              [124.2648, 8.2272],
              [124.2652, 8.2268]
            ]
          ],
          [
            [
              [124.2448, 8.2268],
              [124.2448, 8.2272],
              [124.2444, 8.2272],
              [124.2448, 8.2268]
            ]
          ],
          [
            [
              [124.2484, 8.2272],
              [124.248, 8.2272],
              [124.2484, 8.2268],
              [124.2484, 8.2272]
            ]
          ],
          [
            [
              [124.2576, 8.2276],
              [124.2576, 8.228],
              [124.2572, 8.228],
              [124.2568, 8.228],
              [124.2572, 8.228],
              [124.2572, 8.2276],
              [124.2568, 8.2276],
              [124.2564, 8.2276],
              [124.2564, 8.2272],
              [124.2568, 8.2272],
              [124.2572, 8.2268],
              [124.2572, 8.2272],
              [124.2576, 8.2276]
            ]
          ],
          [
            [
              [124.246, 8.2276],
              [124.246, 8.2272],
              [124.2456, 8.2276],
              [124.2456, 8.2272],
              [124.246, 8.2272],
              [124.246, 8.2276]
            ]
          ],
          [
            [
              [124.2692, 8.2276],
              [124.2692, 8.228],
              [124.2688, 8.228],
              [124.2688, 8.2276],
              [124.2692, 8.2276]
            ]
          ],
          [
            [
              [124.2388, 8.228],
              [124.2388, 8.2276],
              [124.2388, 8.2272],
              [124.2392, 8.2272],
              [124.2392, 8.2276],
              [124.2392, 8.228],
              [124.2388, 8.228]
            ]
          ],
          [
            [
              [124.2604, 8.228],
              [124.26, 8.228],
              [124.26, 8.2276],
              [124.2604, 8.2276],
              [124.2608, 8.2276],
              [124.2604, 8.228]
            ]
          ],
          [
            [
              [124.246, 8.228],
              [124.2456, 8.228],
              [124.2452, 8.228],
              [124.2448, 8.228],
              [124.2444, 8.228],
              [124.2448, 8.228],
              [124.2452, 8.228],
              [124.2456, 8.228],
              [124.246, 8.228],
              [124.2464, 8.2276],
              [124.2464, 8.228],
              [124.246, 8.228]
            ]
          ],
          [
            [
              [124.248, 8.226],
              [124.2476, 8.226],
              [124.2472, 8.226],
              [124.2472, 8.2256],
              [124.2476, 8.226],
              [124.248, 8.226]
            ]
          ],
          [
            [
              [124.2484, 8.2256],
              [124.248, 8.2252],
              [124.2484, 8.2252],
              [124.2484, 8.2256]
            ]
          ],
          [
            [
              [124.2472, 8.2268],
              [124.2468, 8.2268],
              [124.2468, 8.2264],
              [124.2472, 8.2264],
              [124.2472, 8.2268]
            ]
          ],
          [
            [
              [124.236, 8.228],
              [124.236, 8.2284],
              [124.2356, 8.2284],
              [124.2352, 8.2284],
              [124.2352, 8.228],
              [124.236, 8.228]
            ]
          ],
          [
            [
              [124.2476, 8.2288],
              [124.2472, 8.2288],
              [124.2472, 8.2284],
              [124.2472, 8.228],
              [124.2476, 8.228],
              [124.2476, 8.2284],
              [124.2476, 8.2288]
            ]
          ],
          [
            [
              [124.2472, 8.2272],
              [124.2468, 8.2276],
              [124.2468, 8.2272],
              [124.2472, 8.2272]
            ]
          ],
          [
            [
              [124.2388, 8.2288],
              [124.2388, 8.2284],
              [124.2384, 8.2284],
              [124.2388, 8.2284],
              [124.2392, 8.2284],
              [124.2388, 8.2288]
            ]
          ],
          [
            [
              [124.2388, 8.23],
              [124.2392, 8.23],
              [124.2392, 8.2304],
              [124.2396, 8.2304],
              [124.2396, 8.2308],
              [124.2396, 8.2304],
              [124.2388, 8.2304],
              [124.2388, 8.23],
              [124.2384, 8.23],
              [124.2384, 8.2304],
              [124.238, 8.2296],
              [124.2384, 8.2292],
              [124.2384, 8.2288],
              [124.2388, 8.2288],
              [124.2384, 8.2292],
              [124.2388, 8.2292],
              [124.2388, 8.2296],
              [124.2388, 8.2292],
              [124.2388, 8.2296],
              [124.2388, 8.23]
            ]
          ],
          [
            [
              [124.2468, 8.2292],
              [124.2468, 8.2288],
              [124.2472, 8.2288],
              [124.2468, 8.2288],
              [124.2472, 8.2292],
              [124.2472, 8.2296],
              [124.2472, 8.23],
              [124.2472, 8.2304],
              [124.2468, 8.2304],
              [124.2468, 8.23],
              [124.2464, 8.23],
              [124.2468, 8.23],
              [124.2468, 8.2296],
              [124.2464, 8.2296],
              [124.2464, 8.2292],
              [124.2468, 8.2292]
            ]
          ],
          [
            [
              [124.2348, 8.2312],
              [124.2344, 8.2312],
              [124.2344, 8.2308],
              [124.2344, 8.2304],
              [124.2344, 8.23],
              [124.2344, 8.2296],
              [124.2344, 8.2292],
              [124.2344, 8.2288],
              [124.2344, 8.2292],
              [124.2348, 8.2296],
              [124.2348, 8.23],
              [124.2348, 8.2304],
              [124.2348, 8.2308],
              [124.2348, 8.2312]
            ]
          ],
          [
            [
              [124.2372, 8.2304],
              [124.2372, 8.23],
              [124.2376, 8.23],
              [124.2376, 8.2304],
              [124.2384, 8.2304],
              [124.238, 8.2308],
              [124.2376, 8.2308],
              [124.2376, 8.2312],
              [124.2372, 8.2312],
              [124.2368, 8.2312],
              [124.2368, 8.2308],
              [124.2368, 8.2304],
              [124.2368, 8.2308],
              [124.2364, 8.2308],
              [124.236, 8.2308],
              [124.236, 8.2304],
              [124.2356, 8.2304],
              [124.2356, 8.23],
              [124.2356, 8.2296],
              [124.236, 8.2296],
              [124.2364, 8.2296],
              [124.2364, 8.23],
              [124.2368, 8.23],
              [124.2368, 8.2304],
              [124.2368, 8.23],
              [124.2372, 8.2304]
            ]
          ],
          [
            [
              [124.2404, 8.2312],
              [124.2404, 8.2308],
              [124.2404, 8.2304],
              [124.2408, 8.2308],
              [124.2408, 8.2312],
              [124.2404, 8.2312]
            ]
          ],
          [
            [
              [124.2432, 8.2332],
              [124.2428, 8.2336],
              [124.2428, 8.2332],
              [124.2424, 8.2332],
              [124.2424, 8.2328],
              [124.242, 8.2324],
              [124.242, 8.2328],
              [124.2416, 8.2324],
              [124.2416, 8.232],
              [124.2416, 8.2316],
              [124.242, 8.232],
              [124.2424, 8.232],
              [124.2424, 8.2324],
              [124.2424, 8.2328],
              [124.2428, 8.2328],
              [124.2432, 8.2332]
            ]
          ],
          [
            [
              [124.2588, 8.2332],
              [124.2592, 8.2332],
              [124.2592, 8.2336],
              [124.2588, 8.2336],
              [124.2584, 8.2332],
              [124.258, 8.2332],
              [124.2576, 8.2332],
              [124.2572, 8.2332],
              [124.2572, 8.2328],
              [124.2572, 8.2332],
              [124.2568, 8.2332],
              [124.2572, 8.2328],
              [124.2572, 8.2324],
              [124.2576, 8.2324],
              [124.2576, 8.2328],
              [124.2584, 8.2332],
              [124.2584, 8.2328],
              [124.2588, 8.2328],
              [124.2592, 8.2324],
              [124.2596, 8.2324],
              [124.2596, 8.232],
              [124.2596, 8.2324],
              [124.2596, 8.2328],
              [124.2592, 8.2328],
              [124.2592, 8.2332],
              [124.2588, 8.2332]
            ]
          ],
          [
            [
              [124.2352, 8.2324],
              [124.2348, 8.2324],
              [124.2352, 8.2324],
              [124.2348, 8.2328],
              [124.2344, 8.2328],
              [124.2344, 8.2324],
              [124.2348, 8.232],
              [124.2352, 8.232],
              [124.2348, 8.232],
              [124.2352, 8.232],
              [124.2352, 8.2316],
              [124.2352, 8.232],
              [124.2352, 8.2324]
            ]
          ],
          [
            [
              [124.2684, 8.2328],
              [124.2684, 8.2324],
              [124.2688, 8.2324],
              [124.2684, 8.2328]
            ]
          ],
          [
            [
              [124.2636, 8.2328],
              [124.2632, 8.2328],
              [124.2632, 8.2324],
              [124.2636, 8.2324],
              [124.2636, 8.2328]
            ]
          ],
          [
            [
              [124.2644, 8.2328],
              [124.264, 8.2332],
              [124.264, 8.2328],
              [124.2644, 8.2328]
            ]
          ],
          [
            [
              [124.2444, 8.2352],
              [124.244, 8.2356],
              [124.244, 8.2352],
              [124.2436, 8.2352],
              [124.2436, 8.2348],
              [124.2436, 8.2344],
              [124.2432, 8.2344],
              [124.2436, 8.2344],
              [124.2432, 8.2344],
              [124.2432, 8.234],
              [124.2432, 8.2336],
              [124.2432, 8.2332],
              [124.2432, 8.2336],
              [124.2436, 8.2336],
              [124.2436, 8.2332],
              [124.2436, 8.2336],
              [124.244, 8.2336],
              [124.244, 8.234],
              [124.2444, 8.234],
              [124.2448, 8.2344],
              [124.2448, 8.234],
              [124.2448, 8.2336],
              [124.2444, 8.2336],
              [124.2444, 8.2332],
              [124.2448, 8.2328],
              [124.2448, 8.2332],
              [124.2448, 8.2336],
              [124.2452, 8.2336],
              [124.2448, 8.234],
              [124.2452, 8.2344],
              [124.2448, 8.2344],
              [124.2444, 8.2348],
              [124.2444, 8.2352]
            ]
          ],
          [
            [
              [124.244, 8.2324],
              [124.2444, 8.2328],
              [124.2444, 8.2332],
              [124.244, 8.2332],
              [124.244, 8.2328],
              [124.244, 8.2324]
            ]
          ],
          [
            [
              [124.266, 8.2332],
              [124.266, 8.2328],
              [124.2664, 8.2332],
              [124.266, 8.2332]
            ]
          ],
          [
            [
              [124.268, 8.2336],
              [124.2676, 8.2336],
              [124.2676, 8.2332],
              [124.268, 8.2332],
              [124.268, 8.2336]
            ]
          ],
          [
            [
              [124.2608, 8.2336],
              [124.2604, 8.2336],
              [124.2604, 8.2332],
              [124.2608, 8.2332],
              [124.2608, 8.2336]
            ]
          ],
          [
            [
              [124.2332, 8.2336],
              [124.2328, 8.2332],
              [124.2332, 8.2332],
              [124.2332, 8.2336]
            ]
          ],
          [
            [
              [124.2692, 8.234],
              [124.2692, 8.2344],
              [124.2688, 8.234],
              [124.2692, 8.234]
            ]
          ],
          [
            [
              [124.2416, 8.2344],
              [124.2412, 8.2344],
              [124.2416, 8.234],
              [124.2416, 8.2344]
            ]
          ],
          [
            [
              [124.2632, 8.234],
              [124.2632, 8.2344],
              [124.2628, 8.2344],
              [124.2628, 8.234],
              [124.2632, 8.234]
            ]
          ],
          [
            [
              [124.456, 8.2348],
              [124.4556, 8.2344],
              [124.4548, 8.2344],
              [124.4544, 8.2344],
              [124.454, 8.2344],
              [124.4536, 8.2344],
              [124.4532, 8.2344],
              [124.4528, 8.2344],
              [124.4524, 8.2348],
              [124.452, 8.2348],
              [124.4524, 8.2344],
              [124.4528, 8.2344],
              [124.4548, 8.2344],
              [124.4556, 8.2344],
              [124.4556, 8.234],
              [124.4556, 8.2328],
              [124.456, 8.2324],
              [124.456, 8.232],
              [124.4564, 8.232],
              [124.456, 8.2324],
              [124.456, 8.2328],
              [124.456, 8.2332],
              [124.456, 8.2344],
              [124.456, 8.2348]
            ]
          ],
          [
            [
              [124.2668, 8.2348],
              [124.2664, 8.2348],
              [124.2664, 8.2344],
              [124.2668, 8.2344],
              [124.2668, 8.2348]
            ]
          ],
          [
            [
              [124.2396, 8.2344],
              [124.2396, 8.2348],
              [124.2392, 8.2348],
              [124.2396, 8.2344]
            ]
          ],
          [
            [
              [124.2408, 8.2352],
              [124.2404, 8.2352],
              [124.2404, 8.2348],
              [124.2408, 8.2348],
              [124.2408, 8.2352]
            ]
          ],
          [
            [
              [124.4564, 8.2352],
              [124.456, 8.2352],
              [124.456, 8.2348],
              [124.4564, 8.2348],
              [124.4564, 8.2352]
            ]
          ],
          [
            [
              [124.2412, 8.2352],
              [124.2408, 8.2352],
              [124.2408, 8.2348],
              [124.2412, 8.2348],
              [124.2412, 8.2352]
            ]
          ],
          [
            [
              [124.2684, 8.2352],
              [124.268, 8.2352],
              [124.268, 8.2348],
              [124.2684, 8.2348],
              [124.2684, 8.2352]
            ]
          ],
          [
            [
              [124.4572, 8.2352],
              [124.4572, 8.2356],
              [124.4568, 8.2356],
              [124.4564, 8.2356],
              [124.4568, 8.2356],
              [124.4568, 8.2352],
              [124.4564, 8.2352],
              [124.4564, 8.2348],
              [124.4568, 8.2348],
              [124.4568, 8.2352],
              [124.4572, 8.2352]
            ]
          ],
          [
            [
              [124.2424, 8.2356],
              [124.242, 8.2356],
              [124.242, 8.2352],
              [124.2424, 8.2352],
              [124.2424, 8.2356]
            ]
          ],
          [
            [
              [124.2416, 8.236],
              [124.2412, 8.236],
              [124.2408, 8.236],
              [124.2404, 8.236],
              [124.2404, 8.2356],
              [124.24, 8.2356],
              [124.2404, 8.2356],
              [124.2408, 8.2356],
              [124.2412, 8.2356],
              [124.2416, 8.2352],
              [124.242, 8.2352],
              [124.242, 8.2356],
              [124.242, 8.236],
              [124.2416, 8.236]
            ]
          ],
          [
            [
              [124.24, 8.2356],
              [124.2396, 8.2356],
              [124.2396, 8.2352],
              [124.24, 8.2356]
            ]
          ],
          [
            [
              [124.46, 8.2356],
              [124.4596, 8.2356],
              [124.4588, 8.2356],
              [124.4592, 8.2356],
              [124.4592, 8.2352],
              [124.46, 8.2356]
            ]
          ],
          [
            [
              [124.24, 8.2356],
              [124.24, 8.236],
              [124.24, 8.2364],
              [124.2396, 8.2364],
              [124.2392, 8.2364],
              [124.2388, 8.2364],
              [124.2388, 8.236],
              [124.2392, 8.2356],
              [124.2396, 8.2356],
              [124.24, 8.2356]
            ]
          ],
          [
            [
              [124.2424, 8.2356],
              [124.2424, 8.236],
              [124.242, 8.2364],
              [124.2416, 8.236],
              [124.242, 8.236],
              [124.2424, 8.2356]
            ]
          ],
          [
            [
              [124.4564, 8.236],
              [124.4564, 8.2364],
              [124.456, 8.2368],
              [124.4552, 8.2372],
              [124.4548, 8.2372],
              [124.4544, 8.2372],
              [124.4548, 8.2368],
              [124.4552, 8.2368],
              [124.4556, 8.2364],
              [124.456, 8.2364],
              [124.4564, 8.236]
            ]
          ],
          [
            [
              [124.2388, 8.2372],
              [124.2384, 8.2372],
              [124.2384, 8.2364],
              [124.2388, 8.2368],
              [124.2388, 8.2372]
            ]
          ],
          [
            [
              [124.2412, 8.2364],
              [124.2412, 8.2368],
              [124.2408, 8.2368],
              [124.2412, 8.2364]
            ]
          ],
          [
            [
              [124.2612, 8.2368],
              [124.2616, 8.2368],
              [124.2616, 8.2372],
              [124.2612, 8.2372],
              [124.2612, 8.2368]
            ]
          ],
          [
            [
              [124.2388, 8.2368],
              [124.2392, 8.2368],
              [124.2388, 8.2372],
              [124.2388, 8.2368]
            ]
          ],
          [
            [
              [124.26, 8.2368],
              [124.26, 8.2372],
              [124.2596, 8.2372],
              [124.2592, 8.2372],
              [124.26, 8.2368]
            ]
          ],
          [
            [
              [124.2588, 8.2372],
              [124.2588, 8.2376],
              [124.2584, 8.2376],
              [124.2588, 8.2372]
            ]
          ],
          [
            [
              [124.2628, 8.2376],
              [124.2628, 8.238],
              [124.2624, 8.238],
              [124.2624, 8.2376],
              [124.2628, 8.2376]
            ]
          ],
          [
            [
              [124.2596, 8.238],
              [124.2592, 8.238],
              [124.2588, 8.238],
              [124.2592, 8.2376],
              [124.2596, 8.2376],
              [124.2596, 8.238]
            ]
          ],
          [
            [
              [124.454, 8.2376],
              [124.4536, 8.238],
              [124.4528, 8.238],
              [124.4524, 8.2384],
              [124.4524, 8.2388],
              [124.452, 8.2392],
              [124.452, 8.2388],
              [124.452, 8.2384],
              [124.4524, 8.238],
              [124.4528, 8.238],
              [124.4532, 8.238],
              [124.4536, 8.2376],
              [124.454, 8.2376]
            ]
          ],
          [
            [
              [124.2736, 8.238],
              [124.2732, 8.238],
              [124.2732, 8.2376],
              [124.2736, 8.238]
            ]
          ],
          [
            [
              [124.2412, 8.2364],
              [124.2416, 8.2364],
              [124.2412, 8.2368],
              [124.2412, 8.2364]
            ]
          ],
          [
            [
              [124.2588, 8.2384],
              [124.2584, 8.2388],
              [124.2584, 8.2396],
              [124.258, 8.24],
              [124.258, 8.2396],
              [124.2584, 8.2392],
              [124.258, 8.2388],
              [124.2576, 8.2388],
              [124.258, 8.2388],
              [124.258, 8.2384],
              [124.258, 8.2388],
              [124.258, 8.2384],
              [124.2584, 8.238],
              [124.2584, 8.2384],
              [124.2588, 8.2384]
            ]
          ],
          [
            [
              [124.258, 8.2384],
              [124.2576, 8.2388],
              [124.2572, 8.2384],
              [124.2576, 8.2384],
              [124.258, 8.2384]
            ]
          ],
          [
            [
              [124.2708, 8.2388],
              [124.2712, 8.2388],
              [124.2708, 8.2392],
              [124.2708, 8.2388]
            ]
          ],
          [
            [
              [124.266, 8.2384],
              [124.266, 8.2388],
              [124.2656, 8.2392],
              [124.2656, 8.2396],
              [124.2656, 8.2392],
              [124.2656, 8.2388],
              [124.266, 8.2384]
            ]
          ],
          [
            [
              [124.262, 8.2392],
              [124.2616, 8.2392],
              [124.2616, 8.2396],
              [124.2612, 8.2396],
              [124.2608, 8.2396],
              [124.2608, 8.2392],
              [124.2612, 8.2392],
              [124.2616, 8.2392],
              [124.262, 8.2392]
            ]
          ],
          [
            [
              [124.2636, 8.2416],
              [124.2632, 8.2416],
              [124.2628, 8.2416],
              [124.262, 8.2412],
              [124.2628, 8.2408],
              [124.2632, 8.2408],
              [124.2636, 8.2404],
              [124.264, 8.2404],
              [124.264, 8.24],
              [124.2644, 8.24],
              [124.2644, 8.2404],
              [124.2644, 8.2408],
              [124.2648, 8.2408],
              [124.2644, 8.2408],
              [124.2644, 8.2404],
              [124.2648, 8.2404],
              [124.2644, 8.24],
              [124.2648, 8.24],
              [124.2648, 8.2396],
              [124.2652, 8.2396],
              [124.2656, 8.2396],
              [124.2656, 8.24],
              [124.2652, 8.24],
              [124.2652, 8.2404],
              [124.2652, 8.2408],
              [124.2652, 8.2412],
              [124.2652, 8.2416],
              [124.2648, 8.2416],
              [124.2648, 8.2412],
              [124.2636, 8.2412],
              [124.2636, 8.2416]
            ]
          ],
          [
            [
              [124.2768, 8.24],
              [124.2768, 8.2404],
              [124.2764, 8.2404],
              [124.2764, 8.24],
              [124.2768, 8.24]
            ]
          ],
          [
            [
              [124.456, 8.2412],
              [124.456, 8.2408],
              [124.4568, 8.2404],
              [124.4572, 8.2404],
              [124.4576, 8.2404],
              [124.4572, 8.2404],
              [124.4568, 8.2404],
              [124.4568, 8.2408],
              [124.4564, 8.2408],
              [124.456, 8.2412]
            ]
          ],
          [
            [
              [124.2608, 8.244],
              [124.26, 8.244],
              [124.26, 8.2444],
              [124.26, 8.2448],
              [124.26, 8.2452],
              [124.2596, 8.2452],
              [124.2596, 8.2448],
              [124.2592, 8.2448],
              [124.2592, 8.2444],
              [124.2592, 8.244],
              [124.2592, 8.2436],
              [124.2588, 8.2436],
              [124.2584, 8.2432],
              [124.2588, 8.2432],
              [124.2588, 8.2436],
              [124.2592, 8.2436],
              [124.2592, 8.2432],
              [124.2596, 8.2432],
              [124.2596, 8.2428],
              [124.2596, 8.2432],
              [124.2596, 8.2436],
              [124.2604, 8.2436],
              [124.2608, 8.2436],
              [124.2608, 8.2432],
              [124.2608, 8.2428],
              [124.2604, 8.2428],
              [124.2596, 8.2424],
              [124.2596, 8.2416],
              [124.26, 8.2412],
              [124.2604, 8.2412],
              [124.2612, 8.2412],
              [124.2616, 8.2412],
              [124.2612, 8.2416],
              [124.2612, 8.2424],
              [124.2612, 8.2428],
              [124.2612, 8.2432],
              [124.2612, 8.2436],
              [124.2616, 8.2436],
              [124.2616, 8.244],
              [124.262, 8.244],
              [124.262, 8.2444],
              [124.2616, 8.2444],
              [124.2616, 8.244],
              [124.2608, 8.244]
            ],
            [
              [124.26, 8.242],
              [124.2604, 8.242],
              [124.2604, 8.2416],
              [124.26, 8.2416],
              [124.26, 8.242]
            ]
          ],
          [
            [
              [124.2736, 8.2412],
              [124.2736, 8.2416],
              [124.2732, 8.2416],
              [124.2732, 8.2412],
              [124.2736, 8.2412]
            ]
          ],
          [
            [
              [124.2464, 8.24],
              [124.2464, 8.2404],
              [124.246, 8.24],
              [124.2464, 8.24]
            ]
          ],
          [
            [
              [124.28, 8.242],
              [124.2796, 8.242],
              [124.2796, 8.2416],
              [124.28, 8.242]
            ]
          ],
          [
            [
              [124.2464, 8.242],
              [124.2464, 8.2416],
              [124.2468, 8.2416],
              [124.2468, 8.242],
              [124.2464, 8.242]
            ]
          ],
          [
            [
              [124.2732, 8.242],
              [124.2728, 8.2424],
              [124.2728, 8.242],
              [124.2732, 8.242]
            ]
          ],
          [
            [
              [124.2432, 8.242],
              [124.2432, 8.2424],
              [124.2428, 8.2424],
              [124.2432, 8.242]
            ]
          ],
          [
            [
              [124.28, 8.242],
              [124.2804, 8.242],
              [124.2804, 8.2424],
              [124.28, 8.2424],
              [124.28, 8.242]
            ]
          ],
          [
            [
              [124.2604, 8.2528],
              [124.26, 8.2528],
              [124.26, 8.2532],
              [124.2604, 8.2532],
              [124.2604, 8.2536],
              [124.26, 8.254],
              [124.2596, 8.254],
              [124.2596, 8.2536],
              [124.2596, 8.2528],
              [124.2592, 8.2524],
              [124.2588, 8.252],
              [124.2588, 8.2516],
              [124.2592, 8.252],
              [124.2592, 8.2512],
              [124.2588, 8.2512],
              [124.2584, 8.2512],
              [124.258, 8.2512],
              [124.2576, 8.2512],
              [124.2572, 8.2508],
              [124.2572, 8.2504],
              [124.2568, 8.2504],
              [124.2568, 8.25],
              [124.2572, 8.25],
              [124.2572, 8.2496],
              [124.2568, 8.25],
              [124.2564, 8.25],
              [124.2564, 8.2496],
              [124.2564, 8.25],
              [124.256, 8.2496],
              [124.2548, 8.25],
              [124.254, 8.25],
              [124.2536, 8.25],
              [124.2536, 8.2492],
              [124.2544, 8.2488],
              [124.2544, 8.2484],
              [124.2548, 8.248],
              [124.2548, 8.2476],
              [124.2552, 8.2476],
              [124.2552, 8.2472],
              [124.2556, 8.2468],
              [124.2564, 8.2468],
              [124.2564, 8.2464],
              [124.2572, 8.2464],
              [124.256, 8.2464],
              [124.256, 8.246],
              [124.2576, 8.246],
              [124.258, 8.246],
              [124.258, 8.2464],
              [124.2588, 8.2464],
              [124.2592, 8.2464],
              [124.2592, 8.2468],
              [124.2596, 8.2468],
              [124.2596, 8.2472],
              [124.26, 8.2472],
              [124.2596, 8.2464],
              [124.2592, 8.2464],
              [124.2588, 8.246],
              [124.2588, 8.2456],
              [124.2592, 8.2456],
              [124.2596, 8.2456],
              [124.2596, 8.246],
              [124.2596, 8.2464],
              [124.26, 8.2464],
              [124.2604, 8.2464],
              [124.2608, 8.246],
              [124.2608, 8.2456],
              [124.2612, 8.2456],
              [124.2612, 8.2452],
              [124.2616, 8.2452],
              [124.262, 8.2452],
              [124.262, 8.2456],
              [124.262, 8.246],
              [124.262, 8.2464],
              [124.2624, 8.246],
              [124.2628, 8.246],
              [124.2632, 8.246],
              [124.2636, 8.246],
              [124.2636, 8.2464],
              [124.2632, 8.2464],
              [124.2636, 8.2464],
              [124.264, 8.2464],
              [124.2644, 8.2464],
              [124.2648, 8.2464],
              [124.2648, 8.246],
              [124.2656, 8.246],
              [124.2656, 8.2456],
              [124.266, 8.2456],
              [124.266, 8.246],
              [124.2656, 8.2456],
              [124.266, 8.2456],
              [124.266, 8.2452],
              [124.266, 8.2448],
              [124.2668, 8.2448],
              [124.2668, 8.2444],
              [124.2668, 8.244],
              [124.2672, 8.2436],
              [124.2676, 8.2436],
              [124.2676, 8.2432],
              [124.268, 8.2432],
              [124.268, 8.2428],
              [124.2684, 8.2428],
              [124.2684, 8.2424],
              [124.2684, 8.242],
              [124.2688, 8.2424],
              [124.2684, 8.2424],
              [124.2688, 8.2424],
              [124.2688, 8.242],
              [124.2692, 8.242],
              [124.2688, 8.2424],
              [124.2692, 8.2428],
              [124.2692, 8.2432],
              [124.2688, 8.2432],
              [124.2684, 8.2436],
              [124.2684, 8.244],
              [124.2684, 8.2436],
              [124.268, 8.2436],
              [124.268, 8.2444],
              [124.2676, 8.2448],
              [124.2676, 8.2452],
              [124.2684, 8.2452],
              [124.2684, 8.2448],
              [124.2688, 8.2444],
              [124.2692, 8.2448],
              [124.2692, 8.2444],
              [124.27, 8.2444],
              [124.27, 8.2448],
              [124.27, 8.2444],
              [124.2704, 8.2444],
              [124.2708, 8.244],
              [124.2708, 8.2436],
              [124.2712, 8.2432],
              [124.2716, 8.2432],
              [124.272, 8.2432],
              [124.2724, 8.2432],
              [124.2724, 8.2428],
              [124.2728, 8.2428],
              [124.2724, 8.2428],
              [124.2728, 8.2432],
              [124.2732, 8.2432],
              [124.2736, 8.2432],
              [124.2736, 8.2436],
              [124.274, 8.2436],
              [124.2744, 8.244],
              [124.274, 8.244],
              [124.2736, 8.244],
              [124.2732, 8.244],
              [124.2728, 8.244],
              [124.2724, 8.244],
              [124.272, 8.244],
              [124.2716, 8.2444],
              [124.2712, 8.2448],
              [124.2708, 8.2452],
              [124.2704, 8.2456],
              [124.27, 8.246],
              [124.2696, 8.246],
              [124.2696, 8.2464],
              [124.2692, 8.2464],
              [124.2692, 8.246],
              [124.2692, 8.2452],
              [124.2688, 8.2456],
              [124.2688, 8.246],
              [124.2684, 8.246],
              [124.2684, 8.2464],
              [124.2684, 8.2468],
              [124.2676, 8.2468],
              [124.2672, 8.2468],
              [124.2668, 8.2468],
              [124.2668, 8.2472],
              [124.2672, 8.2472],
              [124.268, 8.2472],
              [124.2684, 8.2472],
              [124.2672, 8.2472],
              [124.2672, 8.2476],
              [124.2668, 8.2476],
              [124.2664, 8.2476],
              [124.2668, 8.2476],
              [124.2672, 8.2476],
              [124.2672, 8.248],
              [124.2672, 8.2484],
              [124.2672, 8.2488],
              [124.2676, 8.2492],
              [124.268, 8.2492],
              [124.268, 8.2488],
              [124.2684, 8.2484],
              [124.2684, 8.2488],
              [124.268, 8.2488],
              [124.268, 8.2492],
              [124.2684, 8.2492],
              [124.268, 8.2492],
              [124.268, 8.2496],
              [124.2676, 8.2496],
              [124.2676, 8.25],
              [124.2672, 8.25],
              [124.2672, 8.2496],
              [124.2668, 8.2496],
              [124.2672, 8.2488],
              [124.2668, 8.2488],
              [124.2664, 8.2488],
              [124.266, 8.2492],
              [124.2656, 8.2496],
              [124.2656, 8.2504],
              [124.266, 8.2504],
              [124.266, 8.2508],
              [124.2656, 8.2508],
              [124.2656, 8.2512],
              [124.2656, 8.2516],
              [124.2648, 8.2516],
              [124.2644, 8.2516],
              [124.2644, 8.2512],
              [124.264, 8.2508],
              [124.2636, 8.2508],
              [124.2632, 8.2504],
              [124.2624, 8.2504],
              [124.262, 8.25],
              [124.2616, 8.2504],
              [124.2616, 8.25],
              [124.2616, 8.2496],
              [124.2624, 8.2492],
              [124.2628, 8.2488],
              [124.2624, 8.2488],
              [124.262, 8.2484],
              [124.2612, 8.2492],
              [124.2612, 8.2488],
              [124.2612, 8.2492],
              [124.2608, 8.2492],
              [124.2608, 8.2484],
              [124.2604, 8.2488],
              [124.26, 8.2488],
              [124.2596, 8.2484],
              [124.2592, 8.2484],
              [124.2596, 8.2488],
              [124.2596, 8.2492],
              [124.2592, 8.2492],
              [124.2588, 8.2496],
              [124.2584, 8.2492],
              [124.2584, 8.2496],
              [124.2572, 8.2496],
              [124.2572, 8.25],
              [124.2572, 8.2504],
              [124.258, 8.2504],
              [124.258, 8.2508],
              [124.258, 8.2504],
              [124.2584, 8.2504],
              [124.2588, 8.2504],
              [124.2592, 8.2504],
              [124.2596, 8.2504],
              [124.26, 8.2504],
              [124.26, 8.25],
              [124.2604, 8.25],
              [124.2608, 8.25],
              [124.2608, 8.2496],
              [124.2612, 8.2496],
              [124.2612, 8.25],
              [124.2608, 8.25],
              [124.2608, 8.2504],
              [124.2604, 8.2504],
              [124.2596, 8.2504],
              [124.26, 8.2504],
              [124.26, 8.2508],
              [124.2596, 8.2508],
              [124.2596, 8.2512],
              [124.26, 8.2516],
              [124.2604, 8.2516],
              [124.2608, 8.2512],
              [124.2608, 8.2508],
              [124.2612, 8.2508],
              [124.2608, 8.2512],
              [124.2612, 8.252],
              [124.2608, 8.252],
              [124.2608, 8.2524],
              [124.2608, 8.2528],
              [124.2604, 8.2532],
              [124.2604, 8.2528]
            ],
            [
              [124.2668, 8.2448],
              [124.2672, 8.2448],
              [124.2676, 8.2448],
              [124.2676, 8.2444],
              [124.2672, 8.2444],
              [124.2668, 8.2444],
              [124.2668, 8.2448]
            ],
            [
              [124.2696, 8.2452],
              [124.27, 8.2452],
              [124.27, 8.2448],
              [124.2696, 8.2448],
              [124.2692, 8.2452],
              [124.2696, 8.2452]
            ],
            [
              [124.2668, 8.246],
              [124.2672, 8.2464],
              [124.2672, 8.246],
              [124.2672, 8.2456],
              [124.2668, 8.246]
            ],
            [
              [124.256, 8.2484],
              [124.2556, 8.2484],
              [124.2556, 8.2488],
              [124.256, 8.2488],
              [124.256, 8.2484]
            ],
            [
              [124.2648, 8.25],
              [124.2648, 8.2496],
              [124.2644, 8.25],
              [124.2644, 8.2504],
              [124.2648, 8.2504],
              [124.2648, 8.25]
            ],
            [
              [124.2652, 8.25],
              [124.2652, 8.2504],
              [124.2648, 8.2504],
              [124.2652, 8.2508],
              [124.2652, 8.2512],
              [124.2656, 8.2508],
              [124.2652, 8.2508],
              [124.2652, 8.2504],
              [124.2652, 8.25]
            ],
            [
              [124.2636, 8.248],
              [124.2632, 8.248],
              [124.2628, 8.2484],
              [124.2632, 8.2484],
              [124.2636, 8.2488],
              [124.264, 8.2488],
              [124.264, 8.2492],
              [124.2644, 8.2496],
              [124.2648, 8.2496],
              [124.2648, 8.2492],
              [124.2648, 8.2488],
              [124.2644, 8.2488],
              [124.2644, 8.248],
              [124.264, 8.2484],
              [124.2636, 8.2476],
              [124.2636, 8.248]
            ],
            [
              [124.2608, 8.248],
              [124.2608, 8.2472],
              [124.2604, 8.2472],
              [124.2604, 8.2476],
              [124.2608, 8.248]
            ]
          ],
          [
            [
              [124.248, 8.244],
              [124.248, 8.2444],
              [124.2476, 8.2444],
              [124.2472, 8.2448],
              [124.2476, 8.2448],
              [124.2476, 8.2452],
              [124.2472, 8.2452],
              [124.2472, 8.2448],
              [124.2472, 8.2444],
              [124.2468, 8.2444],
              [124.2468, 8.2448],
              [124.2468, 8.2444],
              [124.246, 8.2448],
              [124.2456, 8.2448],
              [124.2452, 8.2448],
              [124.2452, 8.244],
              [124.2452, 8.2436],
              [124.2448, 8.2436],
              [124.2444, 8.2436],
              [124.2444, 8.244],
              [124.2444, 8.2436],
              [124.244, 8.2436],
              [124.244, 8.244],
              [124.2436, 8.244],
              [124.2432, 8.244],
              [124.2428, 8.2444],
              [124.2424, 8.2436],
              [124.242, 8.2432],
              [124.242, 8.2428],
              [124.2416, 8.2428],
              [124.242, 8.2424],
              [124.242, 8.2428],
              [124.242, 8.2424],
              [124.2424, 8.2428],
              [124.2424, 8.2432],
              [124.2428, 8.2428],
              [124.2432, 8.2436],
              [124.2428, 8.2432],
              [124.2428, 8.2436],
              [124.2428, 8.244],
              [124.2432, 8.2436],
              [124.2436, 8.2428],
              [124.244, 8.2428],
              [124.244, 8.2432],
              [124.2444, 8.2432],
              [124.2448, 8.2432],
              [124.2452, 8.2432],
              [124.2456, 8.2436],
              [124.246, 8.244],
              [124.2464, 8.244],
              [124.2468, 8.244],
              [124.2472, 8.244],
              [124.2472, 8.2436],
              [124.2476, 8.2436],
              [124.2476, 8.2432],
              [124.248, 8.2432],
              [124.2484, 8.2432],
              [124.248, 8.2436],
              [124.2484, 8.2436],
              [124.2488, 8.2436],
              [124.2488, 8.244],
              [124.2484, 8.244],
              [124.2484, 8.2444],
              [124.2484, 8.2448],
              [124.248, 8.2448],
              [124.248, 8.2444],
              [124.2484, 8.2444],
              [124.248, 8.244]
            ]
          ],
          [
            [
              [124.2444, 8.2404],
              [124.2448, 8.2404],
              [124.2448, 8.2408],
              [124.2444, 8.2408],
              [124.2444, 8.2404]
            ]
          ],
          [
            [
              [124.2564, 8.242],
              [124.256, 8.2424],
              [124.256, 8.242],
              [124.2564, 8.242]
            ]
          ],
          [
            [
              [124.28, 8.2432],
              [124.2796, 8.2428],
              [124.28, 8.2428],
              [124.28, 8.2432]
            ]
          ],
          [
            [
              [124.2764, 8.2432],
              [124.276, 8.2432],
              [124.276, 8.2428],
              [124.2764, 8.2428],
              [124.2764, 8.2432]
            ]
          ],
          [
            [
              [124.2568, 8.2364],
              [124.2564, 8.2364],
              [124.2564, 8.236],
              [124.2568, 8.236],
              [124.2568, 8.2364]
            ]
          ],
          [
            [
              [124.254, 8.234],
              [124.2536, 8.234],
              [124.2536, 8.2336],
              [124.254, 8.2336],
              [124.254, 8.234]
            ]
          ],
          [
            [
              [124.2572, 8.2392],
              [124.2576, 8.2392],
              [124.2576, 8.2396],
              [124.2572, 8.2392]
            ]
          ],
          [
            [
              [124.276, 8.2432],
              [124.2756, 8.2432],
              [124.2756, 8.2428],
              [124.276, 8.2428],
              [124.276, 8.2432]
            ]
          ],
          [
            [
              [124.2752, 8.2436],
              [124.2756, 8.2432],
              [124.2756, 8.2436],
              [124.2752, 8.2436]
            ]
          ],
          [
            [
              [124.4532, 8.2432],
              [124.454, 8.2432],
              [124.4544, 8.2428],
              [124.4548, 8.2424],
              [124.4552, 8.2424],
              [124.4544, 8.2432],
              [124.454, 8.2432],
              [124.454, 8.2436],
              [124.4532, 8.2436],
              [124.4532, 8.2432]
            ]
          ],
          [
            [
              [124.2744, 8.244],
              [124.274, 8.2436],
              [124.2744, 8.2436],
              [124.2744, 8.244]
            ]
          ],
          [
            [
              [124.2656, 8.244],
              [124.2648, 8.244],
              [124.2648, 8.2436],
              [124.2652, 8.2436],
              [124.2656, 8.244]
            ]
          ],
          [
            [
              [124.28, 8.2428],
              [124.2804, 8.2432],
              [124.28, 8.2432],
              [124.28, 8.2428]
            ]
          ],
          [
            [
              [124.2748, 8.244],
              [124.2744, 8.244],
              [124.2748, 8.2436],
              [124.2748, 8.244]
            ]
          ],
          [
            [
              [124.2772, 8.244],
              [124.2772, 8.2444],
              [124.2768, 8.244],
              [124.2772, 8.244]
            ]
          ],
          [
            [
              [124.242, 8.2444],
              [124.242, 8.244],
              [124.2424, 8.2444],
              [124.2428, 8.2444],
              [124.2428, 8.2448],
              [124.2424, 8.2448],
              [124.242, 8.2444]
            ]
          ],
          [
            [
              [124.2664, 8.2444],
              [124.266, 8.2444],
              [124.266, 8.244],
              [124.2664, 8.244],
              [124.2664, 8.2444]
            ]
          ],
          [
            [
              [124.2584, 8.2448],
              [124.258, 8.2448],
              [124.258, 8.2444],
              [124.2584, 8.2448]
            ]
          ],
          [
            [
              [124.264, 8.2456],
              [124.2636, 8.2452],
              [124.2636, 8.2448],
              [124.2636, 8.2444],
              [124.264, 8.2444],
              [124.264, 8.2448],
              [124.264, 8.2452],
              [124.264, 8.2456]
            ]
          ],
          [
            [
              [124.2632, 8.2452],
              [124.2628, 8.2452],
              [124.2628, 8.2448],
              [124.2632, 8.2448],
              [124.2632, 8.2452]
            ]
          ],
          [
            [
              [124.2784, 8.2452],
              [124.2784, 8.2448],
              [124.2788, 8.2448],
              [124.2792, 8.2452],
              [124.2784, 8.2452]
            ]
          ],
          [
            [
              [124.4548, 8.246],
              [124.4544, 8.2456],
              [124.4544, 8.2452],
              [124.4548, 8.246]
            ]
          ],
          [
            [
              [124.2472, 8.2484],
              [124.2476, 8.2484],
              [124.2476, 8.2488],
              [124.248, 8.2488],
              [124.2484, 8.2492],
              [124.2484, 8.2496],
              [124.2488, 8.25],
              [124.2484, 8.25],
              [124.248, 8.2504],
              [124.2484, 8.2504],
              [124.2488, 8.2504],
              [124.2492, 8.2504],
              [124.2496, 8.2508],
              [124.25, 8.2508],
              [124.2504, 8.2508],
              [124.25, 8.2508],
              [124.25, 8.2512],
              [124.2492, 8.252],
              [124.2488, 8.2532],
              [124.2484, 8.2536],
              [124.2476, 8.2536],
              [124.2476, 8.254],
              [124.2468, 8.2536],
              [124.2468, 8.2544],
              [124.2464, 8.2544],
              [124.246, 8.2544],
              [124.2464, 8.2536],
              [124.246, 8.2536],
              [124.246, 8.2532],
              [124.246, 8.2528],
              [124.2456, 8.2528],
              [124.2452, 8.2528],
              [124.2448, 8.2524],
              [124.2444, 8.252],
              [124.244, 8.252],
              [124.2444, 8.2516],
              [124.244, 8.2516],
              [124.2444, 8.2512],
              [124.2448, 8.2512],
              [124.2452, 8.2512],
              [124.2452, 8.2516],
              [124.2456, 8.2516],
              [124.2456, 8.2512],
              [124.2456, 8.2516],
              [124.2456, 8.2524],
              [124.2456, 8.2528],
              [124.246, 8.2528],
              [124.246, 8.2524],
              [124.2464, 8.2524],
              [124.2464, 8.252],
              [124.2464, 8.2516],
              [124.2468, 8.2512],
              [124.2472, 8.2508],
              [124.2468, 8.2508],
              [124.2464, 8.2508],
              [124.246, 8.2508],
              [124.2468, 8.2508],
              [124.2468, 8.2504],
              [124.2464, 8.25],
              [124.2468, 8.25],
              [124.2468, 8.2496],
              [124.2468, 8.2492],
              [124.2464, 8.2488],
              [124.2456, 8.2484],
              [124.2452, 8.248],
              [124.2452, 8.2484],
              [124.2448, 8.2484],
              [124.2444, 8.2484],
              [124.2444, 8.248],
              [124.244, 8.248],
              [124.244, 8.2476],
              [124.2436, 8.2472],
              [124.2432, 8.2464],
              [124.2428, 8.2464],
              [124.2432, 8.246],
              [124.2432, 8.2452],
              [124.2432, 8.2456],
              [124.244, 8.246],
              [124.244, 8.2464],
              [124.2444, 8.2468],
              [124.2448, 8.2468],
              [124.2448, 8.2464],
              [124.2452, 8.2464],
              [124.2456, 8.2468],
              [124.2456, 8.2472],
              [124.2452, 8.2468],
              [124.2452, 8.2472],
              [124.2452, 8.2476],
              [124.2456, 8.2476],
              [124.246, 8.2476],
              [124.246, 8.248],
              [124.2464, 8.2476],
              [124.2464, 8.248],
              [124.2468, 8.248],
              [124.2472, 8.2484]
            ]
          ],
          [
            [
              [124.4556, 8.246],
              [124.4552, 8.246],
              [124.4552, 8.2464],
              [124.4548, 8.2464],
              [124.4548, 8.2468],
              [124.4548, 8.2472],
              [124.4548, 8.246],
              [124.4552, 8.246],
              [124.4548, 8.246],
              [124.4552, 8.246],
              [124.4556, 8.246]
            ]
          ],
          [
            [
              [124.254, 8.2452],
              [124.2536, 8.2452],
              [124.2536, 8.2456],
              [124.2532, 8.2456],
              [124.2536, 8.2452],
              [124.2536, 8.2448],
              [124.254, 8.2452]
            ]
          ],
          [
            [
              [124.2428, 8.2464],
              [124.2424, 8.2464],
              [124.2424, 8.246],
              [124.2428, 8.2464],
              [124.2428, 8.246],
              [124.2428, 8.2464]
            ]
          ],
          [
            [
              [124.2528, 8.2476],
              [124.2532, 8.2472],
              [124.2536, 8.2472],
              [124.2536, 8.2468],
              [124.254, 8.2468],
              [124.2544, 8.2468],
              [124.254, 8.2472],
              [124.2536, 8.2476],
              [124.2536, 8.248],
              [124.2532, 8.248],
              [124.2528, 8.2476]
            ]
          ],
          [
            [
              [124.2476, 8.2468],
              [124.2472, 8.2472],
              [124.2472, 8.2468],
              [124.2476, 8.2468]
            ]
          ],
          [
            [
              [124.458, 8.2472],
              [124.4576, 8.2472],
              [124.4572, 8.2472],
              [124.4568, 8.2476],
              [124.4564, 8.248],
              [124.4568, 8.2476],
              [124.4572, 8.2472],
              [124.4572, 8.2468],
              [124.456, 8.2464],
              [124.4556, 8.2464],
              [124.4556, 8.246],
              [124.4564, 8.2464],
              [124.4568, 8.2464],
              [124.4572, 8.2468],
              [124.4576, 8.2468],
              [124.458, 8.2472]
            ]
          ],
          [
            [
              [124.2692, 8.2476],
              [124.2692, 8.2472],
              [124.2696, 8.2472],
              [124.27, 8.2468],
              [124.27, 8.2472],
              [124.2696, 8.2472],
              [124.2692, 8.2476]
            ]
          ],
          [
            [
              [124.2824, 8.2476],
              [124.282, 8.2476],
              [124.282, 8.2472],
              [124.2824, 8.2476]
            ]
          ],
          [
            [
              [124.4588, 8.2472],
              [124.4592, 8.2472],
              [124.4592, 8.2476],
              [124.4592, 8.248],
              [124.4588, 8.2476],
              [124.4584, 8.2476],
              [124.4588, 8.2472]
            ]
          ],
          [
            [
              [124.2724, 8.2488],
              [124.2728, 8.2484],
              [124.2728, 8.248],
              [124.2732, 8.248],
              [124.2728, 8.2484],
              [124.2724, 8.2488]
            ]
          ],
          [
            [
              [124.2804, 8.2488],
              [124.2804, 8.2492],
              [124.28, 8.2492],
              [124.28, 8.2488],
              [124.2804, 8.2488]
            ]
          ],
          [
            [
              [124.2784, 8.2488],
              [124.2784, 8.2492],
              [124.278, 8.2492],
              [124.2784, 8.2488]
            ]
          ],
          [
            [
              [124.278, 8.2492],
              [124.278, 8.2496],
              [124.2776, 8.2496],
              [124.278, 8.2492]
            ]
          ],
          [
            [
              [124.2724, 8.2512],
              [124.2724, 8.2508],
              [124.272, 8.2508],
              [124.272, 8.2504],
              [124.2716, 8.2504],
              [124.2716, 8.25],
              [124.2712, 8.25],
              [124.2716, 8.25],
              [124.272, 8.25],
              [124.272, 8.2504],
              [124.2724, 8.2504],
              [124.2724, 8.2508],
              [124.2728, 8.2508],
              [124.2732, 8.2508],
              [124.2732, 8.2512],
              [124.2736, 8.2512],
              [124.2732, 8.2512],
              [124.2728, 8.2508],
              [124.2724, 8.2508],
              [124.2724, 8.2512]
            ]
          ],
          [
            [
              [124.2684, 8.246],
              [124.2688, 8.246],
              [124.2688, 8.2464],
              [124.2684, 8.246]
            ]
          ],
          [
            [
              [124.2688, 8.2472],
              [124.2684, 8.2472],
              [124.2684, 8.2468],
              [124.2688, 8.2468],
              [124.2688, 8.2472]
            ]
          ],
          [
            [
              [124.2672, 8.2508],
              [124.2664, 8.2508],
              [124.2664, 8.2504],
              [124.2668, 8.2504],
              [124.2672, 8.2508]
            ]
          ],
          [
            [
              [124.244, 8.2504],
              [124.244, 8.2508],
              [124.2436, 8.2504],
              [124.244, 8.2504]
            ]
          ],
          [
            [
              [124.268, 8.2508],
              [124.268, 8.2512],
              [124.2684, 8.2512],
              [124.2684, 8.2516],
              [124.2688, 8.252],
              [124.2688, 8.2524],
              [124.2692, 8.2524],
              [124.2692, 8.2528],
              [124.2692, 8.2532],
              [124.2696, 8.2536],
              [124.2692, 8.2536],
              [124.2684, 8.2536],
              [124.268, 8.2536],
              [124.268, 8.2532],
              [124.2676, 8.254],
              [124.2676, 8.2536],
              [124.2676, 8.2528],
              [124.2672, 8.2524],
              [124.2668, 8.2524],
              [124.2672, 8.2524],
              [124.2672, 8.2528],
              [124.2664, 8.2528],
              [124.266, 8.2528],
              [124.2656, 8.2528],
              [124.2652, 8.2528],
              [124.2652, 8.2524],
              [124.2652, 8.252],
              [124.2656, 8.252],
              [124.266, 8.252],
              [124.2664, 8.2516],
              [124.2668, 8.2512],
              [124.2672, 8.2512],
              [124.268, 8.2508]
            ]
          ],
          [
            [
              [124.2664, 8.254],
              [124.2664, 8.2548],
              [124.2664, 8.2552],
              [124.266, 8.2548],
              [124.2656, 8.2548],
              [124.266, 8.2548],
              [124.2656, 8.2548],
              [124.2652, 8.2548],
              [124.2648, 8.2548],
              [124.2652, 8.2544],
              [124.2656, 8.2544],
              [124.2656, 8.254],
              [124.2652, 8.254],
              [124.2652, 8.2536],
              [124.2648, 8.2532],
              [124.2644, 8.2528],
              [124.2644, 8.2532],
              [124.264, 8.2532],
              [124.2636, 8.2532],
              [124.264, 8.2532],
              [124.264, 8.2536],
              [124.2636, 8.254],
              [124.2632, 8.254],
              [124.2628, 8.254],
              [124.2624, 8.254],
              [124.262, 8.254],
              [124.2624, 8.2544],
              [124.2628, 8.2544],
              [124.2628, 8.254],
              [124.2632, 8.2544],
              [124.2636, 8.2544],
              [124.2636, 8.254],
              [124.264, 8.2544],
              [124.2644, 8.2544],
              [124.2648, 8.2548],
              [124.2644, 8.2544],
              [124.262, 8.2544],
              [124.262, 8.2548],
              [124.2608, 8.2548],
              [124.2608, 8.2544],
              [124.2612, 8.254],
              [124.2612, 8.2536],
              [124.2612, 8.2532],
              [124.2616, 8.2528],
              [124.2616, 8.2524],
              [124.2616, 8.252],
              [124.2616, 8.2512],
              [124.2616, 8.2516],
              [124.262, 8.2516],
              [124.2624, 8.2512],
              [124.2632, 8.2512],
              [124.264, 8.2512],
              [124.264, 8.2516],
              [124.2644, 8.2516],
              [124.2644, 8.252],
              [124.2652, 8.2524],
              [124.2652, 8.2528],
              [124.2656, 8.2528],
              [124.266, 8.2532],
              [124.266, 8.2536],
              [124.266, 8.254],
              [124.2664, 8.254]
            ],
            [
              [124.2616, 8.2536],
              [124.2612, 8.2536],
              [124.2612, 8.254],
              [124.2616, 8.2536]
            ]
          ],
          [
            [
              [124.274, 8.252],
              [124.274, 8.2516],
              [124.2736, 8.2516],
              [124.2736, 8.2512],
              [124.274, 8.2512],
              [124.274, 8.2516],
              [124.274, 8.252]
            ]
          ],
          [
            [
              [124.2864, 8.2524],
              [124.2864, 8.252],
              [124.286, 8.252],
              [124.286, 8.2516],
              [124.2864, 8.2516],
              [124.2864, 8.252],
              [124.2864, 8.2524]
            ]
          ],
          [
            [
              [124.2512, 8.2552],
              [124.2512, 8.2556],
              [124.2508, 8.2556],
              [124.2508, 8.256],
              [124.2504, 8.256],
              [124.2504, 8.2564],
              [124.25, 8.2568],
              [124.25, 8.2564],
              [124.2496, 8.2564],
              [124.2496, 8.256],
              [124.2492, 8.256],
              [124.2488, 8.256],
              [124.2484, 8.256],
              [124.2488, 8.2556],
              [124.2492, 8.2556],
              [124.2492, 8.2552],
              [124.2496, 8.2556],
              [124.25, 8.2556],
              [124.2504, 8.2556],
              [124.2512, 8.2552],
              [124.2512, 8.2548],
              [124.2512, 8.2544],
              [124.2512, 8.254],
              [124.2504, 8.2544],
              [124.25, 8.2544],
              [124.2496, 8.2548],
              [124.2496, 8.2544],
              [124.25, 8.2544],
              [124.25, 8.254],
              [124.2504, 8.254],
              [124.2504, 8.2536],
              [124.25, 8.254],
              [124.25, 8.2532],
              [124.2504, 8.2528],
              [124.2512, 8.2528],
              [124.2508, 8.2524],
              [124.2512, 8.2516],
              [124.2516, 8.2512],
              [124.2524, 8.2512],
              [124.2524, 8.2508],
              [124.2532, 8.2508],
              [124.2536, 8.2512],
              [124.2536, 8.2516],
              [124.2532, 8.2516],
              [124.2528, 8.2516],
              [124.2532, 8.252],
              [124.2536, 8.2516],
              [124.2536, 8.252],
              [124.2536, 8.2524],
              [124.2532, 8.2524],
              [124.2532, 8.2528],
              [124.2532, 8.254],
              [124.2528, 8.254],
              [124.2528, 8.2544],
              [124.2528, 8.254],
              [124.2528, 8.2544],
              [124.2524, 8.2544],
              [124.252, 8.2544],
              [124.252, 8.2548],
              [124.2516, 8.2548],
              [124.2516, 8.2552],
              [124.2512, 8.2552]
            ],
            [
              [124.2508, 8.2536],
              [124.2512, 8.2536],
              [124.2512, 8.2532],
              [124.2512, 8.2528],
              [124.2508, 8.2528],
              [124.2508, 8.2532],
              [124.2508, 8.2536]
            ],
            [
              [124.2512, 8.254],
              [124.2516, 8.2544],
              [124.2516, 8.254],
              [124.252, 8.254],
              [124.2524, 8.254],
              [124.2524, 8.2536],
              [124.2528, 8.2536],
              [124.2528, 8.2532],
              [124.2524, 8.2536],
              [124.2524, 8.2532],
              [124.252, 8.2532],
              [124.252, 8.2536],
              [124.2516, 8.2536],
              [124.2512, 8.2536],
              [124.2512, 8.254]
            ]
          ],
          [
            [
              [124.274, 8.252],
              [124.2744, 8.252],
              [124.2744, 8.2524],
              [124.274, 8.2524],
              [124.274, 8.252]
            ]
          ],
          [
            [
              [124.2764, 8.2524],
              [124.276, 8.2524],
              [124.276, 8.252],
              [124.2764, 8.252],
              [124.2764, 8.2524]
            ]
          ],
          [
            [
              [124.2792, 8.252],
              [124.2792, 8.2524],
              [124.2792, 8.2528],
              [124.2788, 8.2528],
              [124.2788, 8.2532],
              [124.2784, 8.2532],
              [124.2784, 8.2528],
              [124.2788, 8.2528],
              [124.2788, 8.2524],
              [124.2792, 8.2524],
              [124.2792, 8.252]
            ]
          ],
          [
            [
              [124.2868, 8.2524],
              [124.2868, 8.2528],
              [124.2864, 8.2528],
              [124.2864, 8.2524],
              [124.2868, 8.2524]
            ]
          ],
          [
            [
              [124.2704, 8.2532],
              [124.27, 8.2532],
              [124.27, 8.2528],
              [124.27, 8.2524],
              [124.2704, 8.2524],
              [124.2704, 8.2532]
            ]
          ],
          [
            [
              [124.2664, 8.2536],
              [124.266, 8.2536],
              [124.266, 8.2532],
              [124.2664, 8.2532],
              [124.2664, 8.2536]
            ]
          ],
          [
            [
              [124.2772, 8.2552],
              [124.2776, 8.2548],
              [124.278, 8.2548],
              [124.278, 8.2544],
              [124.278, 8.254],
              [124.278, 8.2536],
              [124.2784, 8.2536],
              [124.2784, 8.254],
              [124.2784, 8.2544],
              [124.278, 8.2544],
              [124.278, 8.2548],
              [124.2776, 8.2548],
              [124.2776, 8.2552],
              [124.2772, 8.2552]
            ]
          ],
          [
            [
              [124.2728, 8.254],
              [124.2732, 8.254],
              [124.2732, 8.2536],
              [124.2736, 8.2536],
              [124.274, 8.2536],
              [124.274, 8.254],
              [124.2736, 8.254],
              [124.2732, 8.254],
              [124.2728, 8.254]
            ]
          ],
          [
            [
              [124.2768, 8.254],
              [124.2768, 8.2544],
              [124.2764, 8.2544],
              [124.2764, 8.254],
              [124.2768, 8.254]
            ]
          ],
          [
            [
              [124.27, 8.2548],
              [124.2696, 8.2544],
              [124.2692, 8.254],
              [124.2696, 8.254],
              [124.27, 8.254],
              [124.27, 8.2544],
              [124.27, 8.2548]
            ]
          ],
          [
            [
              [124.2572, 8.2564],
              [124.2572, 8.2568],
              [124.2572, 8.2564],
              [124.2576, 8.2568],
              [124.2572, 8.2568],
              [124.2576, 8.2568],
              [124.2576, 8.2572],
              [124.2572, 8.2576],
              [124.2572, 8.2572],
              [124.2568, 8.2576],
              [124.2564, 8.258],
              [124.2564, 8.2576],
              [124.256, 8.258],
              [124.2564, 8.258],
              [124.256, 8.258],
              [124.2556, 8.258],
              [124.2556, 8.2576],
              [124.2556, 8.2572],
              [124.2556, 8.2568],
              [124.2552, 8.2572],
              [124.2548, 8.2572],
              [124.2548, 8.2564],
              [124.2548, 8.256],
              [124.2544, 8.256],
              [124.2544, 8.2556],
              [124.254, 8.2556],
              [124.2536, 8.2552],
              [124.2536, 8.2548],
              [124.2536, 8.2544],
              [124.2536, 8.254],
              [124.254, 8.2536],
              [124.2548, 8.2536],
              [124.2556, 8.2536],
              [124.2556, 8.254],
              [124.2564, 8.254],
              [124.2564, 8.2544],
              [124.256, 8.2548],
              [124.2564, 8.2548],
              [124.2564, 8.2552],
              [124.256, 8.2556],
              [124.256, 8.256],
              [124.2556, 8.256],
              [124.256, 8.2564],
              [124.2564, 8.256],
              [124.2564, 8.2564],
              [124.2568, 8.256],
              [124.2572, 8.256],
              [124.2572, 8.2556],
              [124.2576, 8.2556],
              [124.258, 8.2552],
              [124.258, 8.2548],
              [124.2588, 8.2552],
              [124.2592, 8.2552],
              [124.2588, 8.2552],
              [124.2588, 8.2556],
              [124.2588, 8.2552],
              [124.2584, 8.2552],
              [124.258, 8.2552],
              [124.258, 8.2556],
              [124.2584, 8.2556],
              [124.2584, 8.256],
              [124.258, 8.256],
              [124.2576, 8.256],
              [124.2572, 8.256],
              [124.2568, 8.2564],
              [124.2572, 8.256],
              [124.2572, 8.2564],
              [124.2568, 8.2564],
              [124.2572, 8.2564]
            ],
            [
              [124.2556, 8.2544],
              [124.256, 8.2544],
              [124.256, 8.254],
              [124.2556, 8.254],
              [124.2556, 8.2544]
            ],
            [
              [124.2544, 8.2544],
              [124.2548, 8.2548],
              [124.2548, 8.2544],
              [124.2544, 8.2544]
            ],
            [
              [124.2556, 8.2548],
              [124.2556, 8.2556],
              [124.256, 8.2552],
              [124.2556, 8.2548]
            ]
          ],
          [
            [
              [124.2724, 8.2552],
              [124.2724, 8.2556],
              [124.272, 8.2556],
              [124.272, 8.2552],
              [124.2716, 8.2552],
              [124.2716, 8.2548],
              [124.2712, 8.2548],
              [124.2708, 8.2548],
              [124.2704, 8.2548],
              [124.2708, 8.2548],
              [124.2712, 8.2544],
              [124.272, 8.2544],
              [124.272, 8.2548],
              [124.2724, 8.2548],
              [124.2724, 8.2552]
            ]
          ],
          [
            [
              [124.27, 8.2556],
              [124.2696, 8.2556],
              [124.2696, 8.2552],
              [124.2696, 8.2548],
              [124.27, 8.2548],
              [124.27, 8.2552],
              [124.2704, 8.2552],
              [124.2704, 8.2548],
              [124.2704, 8.2552],
              [124.2704, 8.2556],
              [124.27, 8.2556]
            ]
          ],
          [
            [
              [124.2564, 8.2548],
              [124.2568, 8.2548],
              [124.2564, 8.2552],
              [124.2564, 8.2548]
            ]
          ],
          [
            [
              [124.2772, 8.2552],
              [124.2772, 8.2556],
              [124.2768, 8.2556],
              [124.2768, 8.256],
              [124.2768, 8.2556],
              [124.2768, 8.2552],
              [124.2772, 8.2552]
            ]
          ],
          [
            [
              [124.2848, 8.2556],
              [124.2844, 8.2556],
              [124.2848, 8.2552],
              [124.2848, 8.2556]
            ]
          ],
          [
            [
              [124.2616, 8.2564],
              [124.2628, 8.2564],
              [124.2636, 8.2568],
              [124.2632, 8.2568],
              [124.2628, 8.2568],
              [124.2624, 8.2572],
              [124.262, 8.2576],
              [124.2616, 8.2572],
              [124.2612, 8.2572],
              [124.2608, 8.2568],
              [124.2604, 8.2572],
              [124.2596, 8.2568],
              [124.2596, 8.2564],
              [124.26, 8.256],
              [124.2604, 8.2564],
              [124.2608, 8.2564],
              [124.2608, 8.256],
              [124.2604, 8.256],
              [124.26, 8.256],
              [124.26, 8.2556],
              [124.2604, 8.2556],
              [124.2612, 8.2556],
              [124.2612, 8.256],
              [124.2616, 8.256],
              [124.2612, 8.2564],
              [124.2616, 8.2564]
            ]
          ],
          [
            [
              [124.2676, 8.256],
              [124.2676, 8.2556],
              [124.2672, 8.2556],
              [124.2672, 8.2552],
              [124.2676, 8.2556],
              [124.2676, 8.256]
            ]
          ],
          [
            [
              [124.2688, 8.2564],
              [124.2684, 8.2564],
              [124.2684, 8.256],
              [124.2688, 8.256],
              [124.2688, 8.2564]
            ]
          ],
          [
            [
              [124.2688, 8.2564],
              [124.2692, 8.2564],
              [124.2696, 8.2564],
              [124.27, 8.2564],
              [124.2704, 8.2564],
              [124.2708, 8.2564],
              [124.2708, 8.2568],
              [124.2712, 8.2568],
              [124.2716, 8.2568],
              [124.2712, 8.2568],
              [124.2704, 8.2568],
              [124.2704, 8.2564],
              [124.27, 8.2564],
              [124.2692, 8.2564],
              [124.2688, 8.2564]
            ]
          ],
          [
            [
              [124.2584, 8.2568],
              [124.258, 8.2564],
              [124.2584, 8.2564],
              [124.2584, 8.256],
              [124.2588, 8.2564],
              [124.2584, 8.2568]
            ]
          ],
          [
            [
              [124.2456, 8.2568],
              [124.2456, 8.2564],
              [124.2452, 8.2568],
              [124.2452, 8.2572],
              [124.2448, 8.2568],
              [124.2448, 8.2564],
              [124.2448, 8.256],
              [124.2452, 8.256],
              [124.2452, 8.2556],
              [124.2448, 8.2556],
              [124.2444, 8.2556],
              [124.2448, 8.2548],
              [124.2452, 8.2552],
              [124.2456, 8.2552],
              [124.2456, 8.2556],
              [124.2452, 8.2556],
              [124.246, 8.2556],
              [124.2464, 8.256],
              [124.2476, 8.256],
              [124.248, 8.2564],
              [124.2484, 8.256],
              [124.2484, 8.2564],
              [124.248, 8.2564],
              [124.2476, 8.2564],
              [124.2472, 8.2564],
              [124.2468, 8.2564],
              [124.2464, 8.2564],
              [124.246, 8.2564],
              [124.2456, 8.2564],
              [124.2456, 8.2568]
            ]
          ],
          [
            [
              [124.2756, 8.2572],
              [124.2752, 8.2572],
              [124.2756, 8.2568],
              [124.2756, 8.2564],
              [124.276, 8.2564],
              [124.2764, 8.2564],
              [124.276, 8.2564],
              [124.276, 8.2568],
              [124.276, 8.2572],
              [124.2764, 8.2576],
              [124.276, 8.2576],
              [124.2756, 8.2572]
            ]
          ],
          [
            [
              [124.2448, 8.2564],
              [124.2448, 8.2568],
              [124.2444, 8.2568],
              [124.2448, 8.2564]
            ]
          ],
          [
            [
              [124.2852, 8.2568],
              [124.2848, 8.2568],
              [124.2848, 8.2564],
              [124.2852, 8.2564],
              [124.2852, 8.2568]
            ]
          ],
          [
            [
              [124.252, 8.258],
              [124.2516, 8.258],
              [124.2516, 8.2576],
              [124.252, 8.2572],
              [124.252, 8.2568],
              [124.2524, 8.2568],
              [124.2524, 8.2572],
              [124.252, 8.2572],
              [124.252, 8.2576],
              [124.252, 8.258]
            ]
          ],
          [
            [
              [124.2488, 8.2568],
              [124.2492, 8.2568],
              [124.2496, 8.2568],
              [124.2492, 8.2572],
              [124.2488, 8.2572],
              [124.2488, 8.2568]
            ]
          ],
          [
            [
              [124.2828, 8.2568],
              [124.2828, 8.2572],
              [124.2824, 8.2572],
              [124.282, 8.2572],
              [124.2816, 8.2572],
              [124.282, 8.2572],
              [124.282, 8.2568],
              [124.2824, 8.2568],
              [124.2828, 8.2568]
            ]
          ],
          [
            [
              [124.2496, 8.2584],
              [124.2492, 8.2584],
              [124.2492, 8.258],
              [124.2488, 8.258],
              [124.2484, 8.258],
              [124.248, 8.258],
              [124.2476, 8.258],
              [124.2476, 8.2576],
              [124.2476, 8.2572],
              [124.248, 8.2572],
              [124.248, 8.2568],
              [124.2484, 8.2568],
              [124.2488, 8.2568],
              [124.2484, 8.2568],
              [124.2484, 8.2572],
              [124.2488, 8.2572],
              [124.2488, 8.2576],
              [124.2492, 8.2576],
              [124.2492, 8.258],
              [124.2496, 8.258],
              [124.2496, 8.2584]
            ]
          ],
          [
            [
              [124.2528, 8.2572],
              [124.2528, 8.2568],
              [124.2532, 8.2572],
              [124.2528, 8.2572]
            ]
          ],
          [
            [
              [124.246, 8.2572],
              [124.246, 8.2576],
              [124.2456, 8.2576],
              [124.2456, 8.2572],
              [124.2452, 8.2572],
              [124.2456, 8.2572],
              [124.2456, 8.2564],
              [124.246, 8.2568],
              [124.246, 8.2572]
            ]
          ],
          [
            [
              [124.2684, 8.2596],
              [124.2688, 8.2596],
              [124.2684, 8.2596],
              [124.2688, 8.2592],
              [124.2688, 8.2596],
              [124.2692, 8.2596],
              [124.2696, 8.2596],
              [124.2696, 8.26],
              [124.2692, 8.26],
              [124.2696, 8.26],
              [124.27, 8.26],
              [124.2708, 8.26],
              [124.2704, 8.26],
              [124.2704, 8.2604],
              [124.2704, 8.2608],
              [124.27, 8.2608],
              [124.27, 8.2604],
              [124.2696, 8.2604],
              [124.2684, 8.2604],
              [124.268, 8.2604],
              [124.2676, 8.2604],
              [124.2672, 8.2604],
              [124.2664, 8.26],
              [124.2664, 8.2596],
              [124.2664, 8.2592],
              [124.2656, 8.2588],
              [124.2656, 8.2584],
              [124.2656, 8.258],
              [124.2656, 8.2576],
              [124.2652, 8.2572],
              [124.2652, 8.2568],
              [124.2664, 8.2572],
              [124.2672, 8.2576],
              [124.2676, 8.258],
              [124.268, 8.258],
              [124.268, 8.2584],
              [124.2676, 8.2584],
              [124.2676, 8.258],
              [124.2672, 8.258],
              [124.2672, 8.2576],
              [124.2668, 8.2576],
              [124.2664, 8.258],
              [124.2664, 8.2584],
              [124.266, 8.2584],
              [124.266, 8.2588],
              [124.2664, 8.2588],
              [124.2668, 8.2588],
              [124.2672, 8.2588],
              [124.2676, 8.2588],
              [124.2672, 8.2588],
              [124.2676, 8.2592],
              [124.2676, 8.2588],
              [124.2676, 8.2592],
              [124.268, 8.2592],
              [124.2676, 8.2592],
              [124.2676, 8.2596],
              [124.268, 8.2596],
              [124.2684, 8.2592],
              [124.268, 8.2592],
              [124.2684, 8.2592],
              [124.2688, 8.2588],
              [124.2684, 8.2592],
              [124.2684, 8.2596]
            ]
          ],
          [
            [
              [124.282, 8.2576],
              [124.2816, 8.2576],
              [124.2812, 8.2576],
              [124.2812, 8.258],
              [124.2804, 8.258],
              [124.28, 8.258],
              [124.28, 8.2584],
              [124.2796, 8.2584],
              [124.28, 8.258],
              [124.2804, 8.258],
              [124.2804, 8.2576],
              [124.2808, 8.2576],
              [124.2812, 8.2576],
              [124.2812, 8.2572],
              [124.282, 8.2576]
            ]
          ],
          [
            [
              [124.2768, 8.2576],
              [124.2764, 8.2572],
              [124.2768, 8.2572],
              [124.2768, 8.2576]
            ]
          ],
          [
            [
              [124.2584, 8.2576],
              [124.258, 8.2576],
              [124.258, 8.2572],
              [124.2584, 8.2576]
            ]
          ],
          [
            [
              [124.256, 8.2676],
              [124.2556, 8.2676],
              [124.2552, 8.2672],
              [124.2544, 8.2672],
              [124.254, 8.2668],
              [124.254, 8.2664],
              [124.2536, 8.2664],
              [124.2532, 8.2664],
              [124.2528, 8.266],
              [124.2524, 8.2656],
              [124.2528, 8.2652],
              [124.252, 8.2644],
              [124.2516, 8.2652],
              [124.2508, 8.2656],
              [124.2508, 8.2652],
              [124.2508, 8.2648],
              [124.2504, 8.2648],
              [124.25, 8.2648],
              [124.2496, 8.2648],
              [124.2496, 8.264],
              [124.2496, 8.2636],
              [124.2496, 8.2632],
              [124.2496, 8.2628],
              [124.2492, 8.262],
              [124.2488, 8.2612],
              [124.2492, 8.2612],
              [124.2492, 8.2616],
              [124.2496, 8.2616],
              [124.25, 8.2616],
              [124.2504, 8.2612],
              [124.25, 8.2612],
              [124.25, 8.2608],
              [124.2504, 8.2608],
              [124.2504, 8.2604],
              [124.2504, 8.26],
              [124.2508, 8.2596],
              [124.2512, 8.2596],
              [124.2516, 8.2592],
              [124.2516, 8.2596],
              [124.2516, 8.26],
              [124.2512, 8.26],
              [124.2508, 8.26],
              [124.2508, 8.2604],
              [124.2512, 8.2608],
              [124.2516, 8.2608],
              [124.2516, 8.2604],
              [124.252, 8.2604],
              [124.2524, 8.2604],
              [124.2524, 8.26],
              [124.2528, 8.26],
              [124.2528, 8.2596],
              [124.2524, 8.2592],
              [124.2524, 8.2596],
              [124.252, 8.2596],
              [124.252, 8.2592],
              [124.252, 8.2588],
              [124.2524, 8.2592],
              [124.2532, 8.2592],
              [124.2536, 8.2588],
              [124.2528, 8.2588],
              [124.2528, 8.2584],
              [124.2524, 8.2588],
              [124.2524, 8.2584],
              [124.2524, 8.2588],
              [124.252, 8.2588],
              [124.2516, 8.2588],
              [124.2516, 8.2592],
              [124.2508, 8.2592],
              [124.2512, 8.2592],
              [124.2512, 8.2588],
              [124.2516, 8.2588],
              [124.2516, 8.2584],
              [124.2516, 8.258],
              [124.2516, 8.2584],
              [124.252, 8.2584],
              [124.2524, 8.2584],
              [124.2524, 8.258],
              [124.252, 8.258],
              [124.2516, 8.258],
              [124.252, 8.258],
              [124.252, 8.2576],
              [124.2524, 8.2576],
              [124.2524, 8.258],
              [124.2528, 8.258],
              [124.2524, 8.258],
              [124.2528, 8.2572],
              [124.2532, 8.2572],
              [124.2532, 8.258],
              [124.2528, 8.258],
              [124.2528, 8.2576],
              [124.2528, 8.258],
              [124.2532, 8.2584],
              [124.2532, 8.258],
              [124.2536, 8.2584],
              [124.2536, 8.2588],
              [124.2536, 8.26],
              [124.2532, 8.2612],
              [124.2532, 8.2616],
              [124.2532, 8.262],
              [124.2524, 8.2624],
              [124.2524, 8.262],
              [124.252, 8.262],
              [124.252, 8.2624],
              [124.2524, 8.2624],
              [124.2524, 8.2628],
              [124.2524, 8.2636],
              [124.2528, 8.2636],
              [124.2528, 8.2648],
              [124.2528, 8.2644],
              [124.2528, 8.2636],
              [124.2532, 8.2636],
              [124.2536, 8.2632],
              [124.2536, 8.2628],
              [124.254, 8.2624],
              [124.254, 8.2628],
              [124.254, 8.2632],
              [124.2544, 8.2632],
              [124.2544, 8.2636],
              [124.2544, 8.264],
              [124.2548, 8.264],
              [124.2552, 8.2636],
              [124.2548, 8.264],
              [124.2548, 8.2644],
              [124.2544, 8.2648],
              [124.2544, 8.2652],
              [124.2548, 8.2652],
              [124.2548, 8.2648],
              [124.2552, 8.2648],
              [124.2556, 8.2648],
              [124.2552, 8.2648],
              [124.2552, 8.2652],
              [124.2556, 8.2652],
              [124.2552, 8.2656],
              [124.2548, 8.266],
              [124.2548, 8.2664],
              [124.2548, 8.2668],
              [124.2552, 8.2668],
              [124.2556, 8.2664],
              [124.256, 8.2664],
              [124.256, 8.2668],
              [124.2556, 8.2668],
              [124.2556, 8.2672],
              [124.256, 8.2672],
              [124.256, 8.2676]
            ],
            [
              [124.25, 8.2628],
              [124.2504, 8.2624],
              [124.2504, 8.262],
              [124.2504, 8.2624],
              [124.2508, 8.262],
              [124.2504, 8.2616],
              [124.2504, 8.262],
              [124.25, 8.262],
              [124.2496, 8.262],
              [124.2492, 8.262],
              [124.2496, 8.2624],
              [124.25, 8.2628]
            ],
            [
              [124.2532, 8.2652],
              [124.2536, 8.2652],
              [124.2536, 8.2648],
              [124.2536, 8.2644],
              [124.2532, 8.2644],
              [124.2532, 8.2648],
              [124.2532, 8.2652]
            ]
          ],
          [
            [
              [124.258, 8.2576],
              [124.2576, 8.2576],
              [124.2576, 8.2572],
              [124.258, 8.2572],
              [124.258, 8.2576]
            ]
          ],
          [
            [
              [124.2468, 8.258],
              [124.2468, 8.2576],
              [124.2472, 8.2576],
              [124.2472, 8.258],
              [124.2468, 8.258]
            ]
          ],
          [
            [
              [124.2604, 8.2572],
              [124.2608, 8.2576],
              [124.2608, 8.258],
              [124.2612, 8.258],
              [124.2612, 8.2588],
              [124.2608, 8.2588],
              [124.2608, 8.2592],
              [124.2604, 8.2592],
              [124.2604, 8.2588],
              [124.2604, 8.2584],
              [124.2604, 8.2588],
              [124.26, 8.2584],
              [124.26, 8.2576],
              [124.2604, 8.2572]
            ],
            [
              [124.2604, 8.258],
              [124.2608, 8.2584],
              [124.2608, 8.258],
              [124.2604, 8.258]
            ]
          ],
          [
            [
              [124.25, 8.2584],
              [124.25, 8.258],
              [124.2504, 8.258],
              [124.25, 8.2584]
            ]
          ],
          [
            [
              [124.2556, 8.2584],
              [124.2556, 8.2588],
              [124.2552, 8.2588],
              [124.2552, 8.258],
              [124.2556, 8.258],
              [124.2556, 8.2584]
            ]
          ],
          [
            [
              [124.2596, 8.2592],
              [124.2592, 8.2588],
              [124.2584, 8.2584],
              [124.258, 8.2584],
              [124.2584, 8.258],
              [124.2584, 8.2584],
              [124.2592, 8.2588],
              [124.2596, 8.2592]
            ]
          ],
          [
            [
              [124.2796, 8.2588],
              [124.2796, 8.2592],
              [124.2792, 8.2592],
              [124.2792, 8.2588],
              [124.2796, 8.2588]
            ]
          ],
          [
            [
              [124.262, 8.2588],
              [124.262, 8.2592],
              [124.2616, 8.2592],
              [124.2612, 8.2592],
              [124.2612, 8.2588],
              [124.262, 8.2588]
            ]
          ],
          [
            [
              [124.2704, 8.2592],
              [124.27, 8.2592],
              [124.27, 8.2584],
              [124.2704, 8.2588],
              [124.2704, 8.2592]
            ]
          ],
          [
            [
              [124.2808, 8.2628],
              [124.2804, 8.2628],
              [124.2804, 8.2624],
              [124.28, 8.2624],
              [124.28, 8.262],
              [124.2796, 8.262],
              [124.2792, 8.2616],
              [124.2788, 8.2616],
              [124.2784, 8.2616],
              [124.278, 8.2616],
              [124.2776, 8.2616],
              [124.2772, 8.2616],
              [124.2772, 8.262],
              [124.2768, 8.262],
              [124.2764, 8.2624],
              [124.2764, 8.2628],
              [124.276, 8.2628],
              [124.2756, 8.2628],
              [124.2748, 8.2628],
              [124.2748, 8.2624],
              [124.2752, 8.2624],
              [124.2756, 8.2624],
              [124.2756, 8.2628],
              [124.276, 8.2628],
              [124.276, 8.2624],
              [124.2756, 8.2616],
              [124.2752, 8.262],
              [124.2748, 8.262],
              [124.2744, 8.262],
              [124.2744, 8.2612],
              [124.2744, 8.2608],
              [124.274, 8.2608],
              [124.2736, 8.2616],
              [124.2736, 8.2612],
              [124.2732, 8.2608],
              [124.2728, 8.2604],
              [124.2724, 8.2604],
              [124.2724, 8.26],
              [124.2716, 8.2596],
              [124.2716, 8.26],
              [124.2716, 8.2596],
              [124.2716, 8.26],
              [124.2712, 8.26],
              [124.2708, 8.2596],
              [124.2704, 8.2592],
              [124.2708, 8.2592],
              [124.2708, 8.2588],
              [124.2712, 8.2592],
              [124.2716, 8.2592],
              [124.272, 8.2596],
              [124.2724, 8.2592],
              [124.2736, 8.2592],
              [124.274, 8.2588],
              [124.2744, 8.2588],
              [124.2748, 8.2592],
              [124.2744, 8.2596],
              [124.2744, 8.26],
              [124.274, 8.26],
              [124.2744, 8.26],
              [124.2744, 8.2596],
              [124.2744, 8.26],
              [124.2748, 8.26],
              [124.2752, 8.26],
              [124.2752, 8.2608],
              [124.2748, 8.2612],
              [124.2752, 8.2612],
              [124.2752, 8.2608],
              [124.2756, 8.2608],
              [124.2756, 8.2604],
              [124.276, 8.2604],
              [124.276, 8.2608],
              [124.276, 8.2612],
              [124.276, 8.2616],
              [124.2764, 8.2616],
              [124.2768, 8.2612],
              [124.2772, 8.2612],
              [124.2776, 8.2608],
              [124.2776, 8.2604],
              [124.278, 8.2604],
              [124.2788, 8.2608],
              [124.2792, 8.2608],
              [124.2796, 8.2612],
              [124.28, 8.2616],
              [124.2804, 8.262],
              [124.2804, 8.2628],
              [124.2808, 8.2628]
            ],
            [
              [124.278, 8.2612],
              [124.2784, 8.2612],
              [124.2784, 8.2608],
              [124.278, 8.2608],
              [124.278, 8.2612]
            ]
          ],
          [
            [
              [124.2664, 8.2596],
              [124.266, 8.2596],
              [124.2656, 8.2592],
              [124.266, 8.2592],
              [124.2664, 8.2596]
            ]
          ],
          [
            [
              [124.2552, 8.2592],
              [124.2548, 8.2592],
              [124.2544, 8.2588],
              [124.2548, 8.2588],
              [124.2552, 8.2592]
            ]
          ],
          [
            [
              [124.2492, 8.2596],
              [124.2492, 8.26],
              [124.2488, 8.26],
              [124.2492, 8.2596]
            ]
          ],
          [
            [
              [124.2488, 8.26],
              [124.2488, 8.2604],
              [124.2492, 8.2608],
              [124.2492, 8.2612],
              [124.2488, 8.2612],
              [124.2488, 8.2608],
              [124.2484, 8.2604],
              [124.2488, 8.2604],
              [124.2488, 8.26]
            ]
          ],
          [
            [
              [124.2548, 8.2604],
              [124.2544, 8.2604],
              [124.2544, 8.26],
              [124.2548, 8.26],
              [124.2548, 8.2604]
            ]
          ],
          [
            [
              [124.2756, 8.2604],
              [124.2752, 8.2604],
              [124.2752, 8.26],
              [124.2756, 8.26],
              [124.2756, 8.2604]
            ]
          ],
          [
            [
              [124.2712, 8.2604],
              [124.2716, 8.2608],
              [124.2712, 8.2612],
              [124.2712, 8.2608],
              [124.2712, 8.2604]
            ]
          ],
          [
            [
              [124.2544, 8.2612],
              [124.2544, 8.2616],
              [124.254, 8.2616],
              [124.2544, 8.2612]
            ]
          ],
          [
            [
              [124.2788, 8.262],
              [124.2788, 8.2624],
              [124.2784, 8.2628],
              [124.2784, 8.2624],
              [124.2784, 8.262],
              [124.2784, 8.2616],
              [124.2788, 8.262]
            ]
          ],
          [
            [
              [124.2652, 8.262],
              [124.2648, 8.2616],
              [124.2652, 8.2616],
              [124.2652, 8.262]
            ]
          ],
          [
            [
              [124.2584, 8.2628],
              [124.258, 8.2628],
              [124.2584, 8.2628],
              [124.258, 8.2628],
              [124.258, 8.2632],
              [124.2576, 8.2632],
              [124.2572, 8.2632],
              [124.2572, 8.2636],
              [124.2572, 8.264],
              [124.2572, 8.2644],
              [124.2572, 8.2648],
              [124.2572, 8.2652],
              [124.2568, 8.2652],
              [124.2568, 8.2648],
              [124.2564, 8.2648],
              [124.2568, 8.2648],
              [124.2568, 8.2644],
              [124.2568, 8.264],
              [124.2568, 8.2636],
              [124.2556, 8.2636],
              [124.256, 8.264],
              [124.256, 8.2644],
              [124.2556, 8.2644],
              [124.2556, 8.264],
              [124.2552, 8.2636],
              [124.2548, 8.2636],
              [124.2548, 8.2632],
              [124.2548, 8.2628],
              [124.2552, 8.2628],
              [124.2556, 8.2628],
              [124.256, 8.2628],
              [124.2564, 8.2628],
              [124.2568, 8.2628],
              [124.2568, 8.2624],
              [124.2576, 8.2624],
              [124.258, 8.2624],
              [124.2584, 8.2624],
              [124.2588, 8.2624],
              [124.2588, 8.262],
              [124.2592, 8.262],
              [124.2596, 8.262],
              [124.2608, 8.262],
              [124.2612, 8.262],
              [124.2608, 8.262],
              [124.2604, 8.2624],
              [124.26, 8.2624],
              [124.26, 8.262],
              [124.2596, 8.2624],
              [124.2592, 8.2624],
              [124.2588, 8.2624],
              [124.2588, 8.2628],
              [124.2584, 8.2628]
            ]
          ],
          [
            [
              [124.266, 8.2632],
              [124.266, 8.2628],
              [124.2656, 8.2628],
              [124.2656, 8.2624],
              [124.2652, 8.262],
              [124.2656, 8.262],
              [124.266, 8.2624],
              [124.266, 8.2628],
              [124.266, 8.2632]
            ]
          ],
          [
            [
              [124.272, 8.2616],
              [124.2724, 8.262],
              [124.2724, 8.2612],
              [124.2728, 8.2616],
              [124.2732, 8.262],
              [124.2732, 8.2624],
              [124.2736, 8.2624],
              [124.274, 8.2624],
              [124.2744, 8.2628],
              [124.274, 8.2628],
              [124.274, 8.2632],
              [124.2736, 8.2632],
              [124.2732, 8.2628],
              [124.2728, 8.2628],
              [124.2724, 8.2628],
              [124.272, 8.2624],
              [124.2716, 8.262],
              [124.2716, 8.2616],
              [124.272, 8.2616],
              [124.272, 8.2612],
              [124.2724, 8.2612],
              [124.2724, 8.2616],
              [124.272, 8.2616]
            ]
          ],
          [
            [
              [124.2716, 8.2616],
              [124.2712, 8.2612],
              [124.2716, 8.2612],
              [124.2716, 8.2616]
            ]
          ],
          [
            [
              [124.2608, 8.262],
              [124.2612, 8.262],
              [124.2608, 8.2624],
              [124.2608, 8.262]
            ]
          ],
          [
            [
              [124.262, 8.2632],
              [124.2616, 8.2632],
              [124.262, 8.2628],
              [124.262, 8.2632]
            ]
          ],
          [
            [
              [124.262, 8.264],
              [124.2616, 8.2636],
              [124.262, 8.2636],
              [124.262, 8.2632],
              [124.262, 8.2636],
              [124.262, 8.264]
            ]
          ],
          [
            [
              [124.2848, 8.264],
              [124.2844, 8.2644],
              [124.2844, 8.2636],
              [124.2848, 8.2636],
              [124.2852, 8.264],
              [124.2852, 8.2644],
              [124.2848, 8.264]
            ]
          ],
          [
            [
              [124.2848, 8.2652],
              [124.2852, 8.2652],
              [124.2856, 8.2656],
              [124.2852, 8.266],
              [124.2848, 8.266],
              [124.2848, 8.2656],
              [124.2848, 8.2652]
            ]
          ],
          [
            [
              [124.2684, 8.2656],
              [124.268, 8.2656],
              [124.2676, 8.266],
              [124.2676, 8.2656],
              [124.268, 8.2656],
              [124.2684, 8.2656],
              [124.2688, 8.2656],
              [124.2684, 8.2656]
            ]
          ],
          [
            [
              [124.2696, 8.266],
              [124.2692, 8.266],
              [124.2692, 8.2656],
              [124.2696, 8.2656],
              [124.2696, 8.266]
            ]
          ],
          [
            [
              [124.2672, 8.266],
              [124.2668, 8.266],
              [124.2668, 8.2656],
              [124.2672, 8.266]
            ]
          ],
          [
            [
              [124.278, 8.2664],
              [124.2776, 8.2664],
              [124.2776, 8.266],
              [124.278, 8.266],
              [124.278, 8.2664]
            ]
          ],
          [
            [
              [124.2636, 8.2684],
              [124.264, 8.268],
              [124.264, 8.2676],
              [124.2644, 8.2676],
              [124.2644, 8.2672],
              [124.2644, 8.2668],
              [124.2648, 8.2664],
              [124.2648, 8.2668],
              [124.2648, 8.2672],
              [124.2648, 8.2676],
              [124.2648, 8.268],
              [124.2644, 8.268],
              [124.2644, 8.2684],
              [124.264, 8.2684],
              [124.2636, 8.2688],
              [124.2636, 8.2692],
              [124.2636, 8.2696],
              [124.2636, 8.2688],
              [124.2632, 8.2688],
              [124.2636, 8.2684]
            ]
          ],
          [
            [
              [124.4584, 8.2668],
              [124.4584, 8.2672],
              [124.4572, 8.2672],
              [124.4576, 8.2672],
              [124.458, 8.2672],
              [124.4584, 8.2668]
            ]
          ],
          [
            [
              [124.2616, 8.2688],
              [124.2616, 8.2684],
              [124.2608, 8.2684],
              [124.2608, 8.268],
              [124.2612, 8.2684],
              [124.2616, 8.2684],
              [124.2616, 8.2688]
            ]
          ],
          [
            [
              [124.2624, 8.268],
              [124.262, 8.268],
              [124.2624, 8.2676],
              [124.2624, 8.268]
            ]
          ],
          [
            [
              [124.2764, 8.2688],
              [124.276, 8.2688],
              [124.276, 8.2684],
              [124.2764, 8.2688]
            ]
          ],
          [
            [
              [124.2724, 8.2692],
              [124.272, 8.2692],
              [124.272, 8.2688],
              [124.2724, 8.2688],
              [124.2724, 8.2692]
            ]
          ],
          [
            [
              [124.2656, 8.2704],
              [124.2652, 8.2704],
              [124.2656, 8.27],
              [124.2656, 8.2704]
            ]
          ],
          [
            [
              [124.3468, 8.2704],
              [124.3472, 8.27],
              [124.3472, 8.2704],
              [124.3468, 8.2704]
            ]
          ],
          [
            [
              [124.2668, 8.2708],
              [124.2664, 8.2708],
              [124.2664, 8.2704],
              [124.2668, 8.2704],
              [124.2668, 8.2708]
            ]
          ],
          [
            [
              [124.2648, 8.272],
              [124.2644, 8.272],
              [124.2644, 8.2712],
              [124.2652, 8.2708],
              [124.2652, 8.2712],
              [124.2648, 8.2712],
              [124.2648, 8.2716],
              [124.2648, 8.272]
            ]
          ],
          [
            [
              [124.27, 8.2716],
              [124.2696, 8.2716],
              [124.27, 8.2712],
              [124.27, 8.2716]
            ]
          ],
          [
            [
              [124.346, 8.2716],
              [124.3456, 8.2716],
              [124.3456, 8.2712],
              [124.346, 8.2712],
              [124.346, 8.2716]
            ]
          ],
          [
            [
              [124.3608, 8.2716],
              [124.3604, 8.2716],
              [124.3608, 8.2712],
              [124.3608, 8.2716]
            ]
          ],
          [
            [
              [124.4424, 8.27],
              [124.442, 8.2704],
              [124.442, 8.2708],
              [124.4412, 8.2712],
              [124.4408, 8.2712],
              [124.4404, 8.2716],
              [124.44, 8.2716],
              [124.4396, 8.2716],
              [124.4404, 8.2716],
              [124.4408, 8.2712],
              [124.4412, 8.2708],
              [124.4416, 8.2708],
              [124.442, 8.2704],
              [124.4424, 8.27]
            ]
          ],
          [
            [
              [124.4396, 8.2716],
              [124.4392, 8.2716],
              [124.4392, 8.2708],
              [124.4396, 8.2712],
              [124.4396, 8.2716]
            ]
          ],
          [
            [
              [124.2688, 8.272],
              [124.2688, 8.2716],
              [124.2692, 8.2716],
              [124.2692, 8.272],
              [124.2688, 8.272]
            ]
          ],
          [
            [
              [124.2684, 8.272],
              [124.268, 8.272],
              [124.268, 8.2716],
              [124.2684, 8.272]
            ]
          ],
          [
            [
              [124.266, 8.272],
              [124.2656, 8.272],
              [124.2656, 8.2716],
              [124.266, 8.2716],
              [124.266, 8.272]
            ]
          ],
          [
            [
              [124.3432, 8.2728],
              [124.3432, 8.2724],
              [124.3432, 8.272],
              [124.3436, 8.2724],
              [124.3432, 8.2728]
            ]
          ],
          [
            [
              [124.3436, 8.274],
              [124.3432, 8.274],
              [124.3432, 8.2736],
              [124.3436, 8.274]
            ]
          ],
          [
            [
              [124.3596, 8.2744],
              [124.3584, 8.2744],
              [124.3576, 8.2744],
              [124.3572, 8.2744],
              [124.3568, 8.2744],
              [124.3576, 8.2744],
              [124.3584, 8.274],
              [124.3596, 8.274],
              [124.3596, 8.2744]
            ]
          ],
          [
            [
              [124.4356, 8.2752],
              [124.4352, 8.2756],
              [124.4352, 8.276],
              [124.4352, 8.2756],
              [124.4352, 8.2752],
              [124.4356, 8.2752]
            ]
          ],
          [
            [
              [124.444, 8.2768],
              [124.444, 8.2764],
              [124.4444, 8.276],
              [124.4448, 8.276],
              [124.4448, 8.2764],
              [124.4444, 8.2764],
              [124.444, 8.2768]
            ]
          ],
          [
            [
              [124.3508, 8.2776],
              [124.3508, 8.2768],
              [124.3504, 8.2768],
              [124.35, 8.2768],
              [124.3504, 8.2764],
              [124.3508, 8.2768],
              [124.3508, 8.2772],
              [124.3512, 8.2776],
              [124.3508, 8.2776]
            ]
          ],
          [
            [
              [124.4364, 8.2796],
              [124.4364, 8.28],
              [124.4368, 8.28],
              [124.4364, 8.28],
              [124.436, 8.28],
              [124.4356, 8.2804],
              [124.4352, 8.2804],
              [124.4352, 8.2808],
              [124.4348, 8.2808],
              [124.4344, 8.2808],
              [124.434, 8.2808],
              [124.434, 8.2812],
              [124.4336, 8.2812],
              [124.4336, 8.2816],
              [124.4336, 8.282],
              [124.4336, 8.2824],
              [124.4332, 8.2824],
              [124.4332, 8.2828],
              [124.4332, 8.2832],
              [124.4328, 8.2832],
              [124.4328, 8.2836],
              [124.4328, 8.2832],
              [124.4324, 8.2832],
              [124.432, 8.2832],
              [124.432, 8.2836],
              [124.432, 8.284],
              [124.4316, 8.284],
              [124.4312, 8.2836],
              [124.4312, 8.2832],
              [124.4316, 8.2836],
              [124.432, 8.2832],
              [124.4328, 8.2832],
              [124.4332, 8.282],
              [124.4332, 8.2812],
              [124.4336, 8.2808],
              [124.434, 8.2804],
              [124.4348, 8.2804],
              [124.4352, 8.2804],
              [124.4352, 8.28],
              [124.4356, 8.28],
              [124.436, 8.2796],
              [124.4356, 8.2792],
              [124.4356, 8.2784],
              [124.4352, 8.278],
              [124.4352, 8.2776],
              [124.4352, 8.2772],
              [124.4352, 8.2776],
              [124.4356, 8.2776],
              [124.4356, 8.278],
              [124.4356, 8.2784],
              [124.4356, 8.2788],
              [124.4356, 8.2792],
              [124.436, 8.2792],
              [124.4364, 8.2792],
              [124.4364, 8.2796]
            ]
          ],
          [
            [
              [124.352, 8.2792],
              [124.352, 8.2788],
              [124.3512, 8.2788],
              [124.3512, 8.2784],
              [124.3512, 8.278],
              [124.3508, 8.2776],
              [124.3512, 8.2776],
              [124.3512, 8.2784],
              [124.352, 8.2792]
            ]
          ],
          [
            [
              [124.4396, 8.2788],
              [124.4392, 8.2784],
              [124.4388, 8.278],
              [124.4396, 8.2784],
              [124.4396, 8.2788]
            ]
          ],
          [
            [
              [124.4372, 8.2788],
              [124.4372, 8.2792],
              [124.4368, 8.2792],
              [124.4372, 8.2788]
            ]
          ],
          [
            [
              [124.4368, 8.2792],
              [124.4368, 8.2796],
              [124.4364, 8.2796],
              [124.4368, 8.2792]
            ]
          ],
          [
            [
              [124.352, 8.2792],
              [124.3524, 8.2792],
              [124.3528, 8.2792],
              [124.3532, 8.2788],
              [124.3528, 8.2792],
              [124.3528, 8.2796],
              [124.3524, 8.2796],
              [124.3524, 8.2792],
              [124.352, 8.2792]
            ]
          ],
          [
            [
              [124.4464, 8.2812],
              [124.4464, 8.2808],
              [124.4464, 8.28],
              [124.4468, 8.28],
              [124.4468, 8.2812],
              [124.4464, 8.2812]
            ]
          ],
          [
            [
              [124.3576, 8.282],
              [124.3572, 8.282],
              [124.3576, 8.282],
              [124.3576, 8.2816],
              [124.3584, 8.2816],
              [124.3584, 8.282],
              [124.358, 8.282],
              [124.3576, 8.282]
            ]
          ],
          [
            [
              [124.4412, 8.284],
              [124.4408, 8.284],
              [124.4408, 8.2836],
              [124.4412, 8.284]
            ]
          ],
          [
            [
              [124.3656, 8.2848],
              [124.366, 8.2848],
              [124.3664, 8.2852],
              [124.366, 8.2852],
              [124.3656, 8.2848]
            ]
          ],
          [
            [
              [124.4352, 8.2824],
              [124.4356, 8.2832],
              [124.4348, 8.2844],
              [124.4344, 8.2848],
              [124.434, 8.2852],
              [124.4336, 8.2856],
              [124.4332, 8.286],
              [124.4332, 8.2864],
              [124.4328, 8.2864],
              [124.4332, 8.286],
              [124.4332, 8.2856],
              [124.4336, 8.2852],
              [124.434, 8.2848],
              [124.4348, 8.2844],
              [124.4348, 8.284],
              [124.4352, 8.2832],
              [124.4352, 8.2824]
            ]
          ],
          [
            [
              [124.362, 8.286],
              [124.3616, 8.286],
              [124.3616, 8.2856],
              [124.362, 8.2856],
              [124.362, 8.286]
            ]
          ],
          [
            [
              [124.4312, 8.286],
              [124.4312, 8.2864],
              [124.4308, 8.2864],
              [124.4308, 8.286],
              [124.4312, 8.286]
            ]
          ],
          [
            [
              [124.45, 8.2864],
              [124.45, 8.2872],
              [124.4496, 8.2876],
              [124.4496, 8.288],
              [124.4492, 8.288],
              [124.4492, 8.2884],
              [124.4492, 8.2888],
              [124.4488, 8.2888],
              [124.4492, 8.2884],
              [124.4492, 8.288],
              [124.4496, 8.2876],
              [124.45, 8.2876],
              [124.45, 8.2872],
              [124.45, 8.2868],
              [124.45, 8.2864]
            ]
          ],
          [
            [
              [124.3488, 8.2872],
              [124.3492, 8.2872],
              [124.3488, 8.2876],
              [124.3488, 8.2872]
            ]
          ],
          [
            [
              [124.4372, 8.2892],
              [124.4364, 8.2888],
              [124.436, 8.2888],
              [124.436, 8.2884],
              [124.4356, 8.288],
              [124.4356, 8.2876],
              [124.4356, 8.288],
              [124.436, 8.2884],
              [124.4368, 8.2888],
              [124.4372, 8.2892]
            ]
          ],
          [
            [
              [124.3656, 8.2876],
              [124.3652, 8.2876],
              [124.3656, 8.2872],
              [124.3656, 8.2876]
            ]
          ],
          [
            [
              [124.44, 8.2896],
              [124.4396, 8.2896],
              [124.44, 8.2892],
              [124.4408, 8.2892],
              [124.4408, 8.2896],
              [124.4404, 8.2892],
              [124.44, 8.2892],
              [124.44, 8.2896]
            ]
          ],
          [
            [
              [124.436, 8.2912],
              [124.4356, 8.2912],
              [124.4352, 8.2912],
              [124.4352, 8.2908],
              [124.4356, 8.2904],
              [124.4356, 8.29],
              [124.436, 8.29],
              [124.436, 8.2896],
              [124.4364, 8.2896],
              [124.4368, 8.2896],
              [124.4368, 8.29],
              [124.4364, 8.29],
              [124.4364, 8.2904],
              [124.4364, 8.2908],
              [124.436, 8.2908],
              [124.436, 8.2904],
              [124.4356, 8.2908],
              [124.4356, 8.2912],
              [124.436, 8.2912]
            ]
          ],
          [
            [
              [124.4512, 8.2896],
              [124.4508, 8.29],
              [124.4508, 8.2896],
              [124.4512, 8.2896]
            ]
          ],
          [
            [
              [124.4484, 8.2892],
              [124.448, 8.2896],
              [124.4476, 8.2896],
              [124.4484, 8.2892]
            ]
          ],
          [
            [
              [124.3672, 8.2896],
              [124.3672, 8.29],
              [124.3664, 8.29],
              [124.3668, 8.29],
              [124.3672, 8.2896]
            ]
          ],
          [
            [
              [124.4344, 8.2896],
              [124.4348, 8.2904],
              [124.4344, 8.2904],
              [124.4344, 8.29],
              [124.4344, 8.2896]
            ]
          ],
          [
            [
              [124.4468, 8.2904],
              [124.4468, 8.29],
              [124.4472, 8.29],
              [124.4476, 8.2896],
              [124.4476, 8.29],
              [124.4472, 8.29],
              [124.4468, 8.2904]
            ]
          ],
          [
            [
              [124.4352, 8.29],
              [124.4352, 8.2904],
              [124.4348, 8.29],
              [124.4352, 8.29]
            ]
          ],
          [
            [
              [124.3664, 8.29],
              [124.3664, 8.2904],
              [124.366, 8.2904],
              [124.3656, 8.2904],
              [124.3656, 8.2908],
              [124.366, 8.2912],
              [124.3664, 8.2912],
              [124.3668, 8.2916],
              [124.3668, 8.2924],
              [124.3668, 8.2916],
              [124.366, 8.2912],
              [124.3656, 8.2908],
              [124.366, 8.2904],
              [124.3664, 8.29]
            ]
          ],
          [
            [
              [124.4412, 8.2908],
              [124.4408, 8.2908],
              [124.4408, 8.2904],
              [124.4412, 8.2908]
            ]
          ],
          [
            [
              [124.3696, 8.2928],
              [124.3688, 8.2928],
              [124.37, 8.2928],
              [124.37, 8.2924],
              [124.3704, 8.2916],
              [124.3704, 8.2912],
              [124.3704, 8.2908],
              [124.3708, 8.2912],
              [124.3704, 8.2912],
              [124.3704, 8.292],
              [124.3704, 8.2924],
              [124.37, 8.2924],
              [124.3704, 8.2928],
              [124.3696, 8.2928]
            ]
          ],
          [
            [
              [124.4512, 8.2916],
              [124.4508, 8.2916],
              [124.4508, 8.2912],
              [124.4512, 8.2916]
            ]
          ],
          [
            [
              [124.4516, 8.2912],
              [124.4516, 8.2916],
              [124.4512, 8.2916],
              [124.4512, 8.2912],
              [124.4516, 8.2912]
            ]
          ],
          [
            [
              [124.4372, 8.2912],
              [124.4372, 8.2916],
              [124.4368, 8.2916],
              [124.4368, 8.2912],
              [124.4372, 8.2912]
            ]
          ],
          [
            [
              [124.4296, 8.2916],
              [124.43, 8.2912],
              [124.4308, 8.2912],
              [124.432, 8.2916],
              [124.4332, 8.2916],
              [124.4328, 8.2916],
              [124.4324, 8.2916],
              [124.4324, 8.292],
              [124.432, 8.292],
              [124.4312, 8.2916],
              [124.4308, 8.2912],
              [124.4304, 8.2912],
              [124.4296, 8.2916]
            ]
          ],
          [
            [
              [124.4336, 8.292],
              [124.4332, 8.292],
              [124.4332, 8.2916],
              [124.4336, 8.2916],
              [124.4336, 8.292]
            ]
          ],
          [
            [
              [124.4344, 8.2916],
              [124.4344, 8.292],
              [124.434, 8.292],
              [124.434, 8.2916],
              [124.4344, 8.2916]
            ]
          ],
          [
            [
              [124.4264, 8.2928],
              [124.426, 8.2928],
              [124.426, 8.292],
              [124.4264, 8.292],
              [124.4264, 8.2928]
            ]
          ],
          [
            [
              [124.3448, 8.2928],
              [124.344, 8.2924],
              [124.3436, 8.2924],
              [124.3436, 8.292],
              [124.3432, 8.292],
              [124.3432, 8.2924],
              [124.3424, 8.2924],
              [124.3424, 8.292],
              [124.3428, 8.292],
              [124.3436, 8.292],
              [124.344, 8.292],
              [124.3444, 8.2924],
              [124.3448, 8.2928]
            ]
          ],
          [
            [
              [124.4432, 8.2932],
              [124.4428, 8.2928],
              [124.4424, 8.2928],
              [124.4424, 8.2924],
              [124.4428, 8.2924],
              [124.4428, 8.2928],
              [124.4432, 8.2932]
            ]
          ],
          [
            [
              [124.45, 8.2932],
              [124.4492, 8.2928],
              [124.4496, 8.2928],
              [124.45, 8.2932]
            ]
          ],
          [
            [
              [124.4396, 8.294],
              [124.4392, 8.2936],
              [124.4392, 8.2932],
              [124.4396, 8.2932],
              [124.4392, 8.2936],
              [124.4396, 8.294]
            ]
          ],
          [
            [
              [124.4512, 8.2932],
              [124.4508, 8.2936],
              [124.4508, 8.2932],
              [124.4512, 8.2932]
            ]
          ],
          [
            [
              [124.3556, 8.2936],
              [124.3544, 8.2936],
              [124.354, 8.2936],
              [124.3536, 8.2936],
              [124.3528, 8.2936],
              [124.3524, 8.2936],
              [124.3528, 8.2936],
              [124.3532, 8.2936],
              [124.3536, 8.2936],
              [124.354, 8.2932],
              [124.354, 8.2936],
              [124.3544, 8.2936],
              [124.3556, 8.2936]
            ]
          ],
          [
            [
              [124.45, 8.2936],
              [124.45, 8.294],
              [124.45, 8.2944],
              [124.4504, 8.2948],
              [124.4508, 8.2952],
              [124.4508, 8.296],
              [124.4508, 8.2952],
              [124.4504, 8.2952],
              [124.4504, 8.2948],
              [124.45, 8.2948],
              [124.4496, 8.2944],
              [124.45, 8.2944],
              [124.45, 8.294],
              [124.45, 8.2936]
            ]
          ],
          [
            [
              [124.438, 8.2948],
              [124.4376, 8.2948],
              [124.4376, 8.2944],
              [124.4372, 8.2944],
              [124.4372, 8.294],
              [124.4372, 8.2936],
              [124.4376, 8.2936],
              [124.4376, 8.294],
              [124.4376, 8.2944],
              [124.438, 8.2948]
            ]
          ],
          [
            [
              [124.3504, 8.2924],
              [124.3504, 8.2928],
              [124.3504, 8.2932],
              [124.35, 8.2932],
              [124.35, 8.294],
              [124.3496, 8.294],
              [124.3496, 8.2932],
              [124.3504, 8.2924]
            ]
          ],
          [
            [
              [124.4352, 8.294],
              [124.4352, 8.2944],
              [124.4348, 8.2944],
              [124.4348, 8.294],
              [124.4352, 8.294]
            ]
          ],
          [
            [
              [124.35, 8.2944],
              [124.3496, 8.2944],
              [124.3496, 8.294],
              [124.35, 8.294],
              [124.35, 8.2944]
            ]
          ],
          [
            [
              [124.3496, 8.2944],
              [124.3492, 8.2952],
              [124.3488, 8.2952],
              [124.3484, 8.2952],
              [124.348, 8.2956],
              [124.348, 8.2968],
              [124.348, 8.2964],
              [124.348, 8.2956],
              [124.348, 8.2952],
              [124.3484, 8.2948],
              [124.3488, 8.2948],
              [124.3492, 8.2948],
              [124.3496, 8.2944]
            ]
          ],
          [
            [
              [124.4392, 8.2948],
              [124.4392, 8.2944],
              [124.4396, 8.2944],
              [124.4392, 8.2948]
            ]
          ],
          [
            [
              [124.4348, 8.2948],
              [124.434, 8.2948],
              [124.4336, 8.2952],
              [124.4332, 8.2952],
              [124.4332, 8.2948],
              [124.4324, 8.2948],
              [124.4332, 8.2948],
              [124.4336, 8.2948],
              [124.434, 8.2948],
              [124.4348, 8.2948]
            ]
          ],
          [
            [
              [124.4232, 8.3004],
              [124.4228, 8.3004],
              [124.4228, 8.3],
              [124.4228, 8.2996],
              [124.422, 8.2992],
              [124.4216, 8.2988],
              [124.4208, 8.2988],
              [124.42, 8.2984],
              [124.4212, 8.2984],
              [124.4216, 8.2988],
              [124.422, 8.2992],
              [124.4228, 8.2992],
              [124.4232, 8.2996],
              [124.4232, 8.3],
              [124.4232, 8.3004]
            ]
          ],
          [
            [
              [124.4456, 8.2992],
              [124.4448, 8.2996],
              [124.4444, 8.2996],
              [124.4444, 8.2988],
              [124.4448, 8.2992],
              [124.4456, 8.2992]
            ]
          ],
          [
            [
              [124.3532, 8.3012],
              [124.3536, 8.3012],
              [124.3536, 8.3008],
              [124.354, 8.3004],
              [124.354, 8.3],
              [124.354, 8.3004],
              [124.354, 8.3008],
              [124.354, 8.3012],
              [124.3536, 8.3012],
              [124.3532, 8.3012]
            ]
          ],
          [
            [
              [124.444, 8.3004],
              [124.4436, 8.3004],
              [124.444, 8.3],
              [124.4436, 8.3],
              [124.444, 8.3004],
              [124.444, 8.3],
              [124.4444, 8.2996],
              [124.4444, 8.3],
              [124.4444, 8.3004],
              [124.444, 8.3004]
            ]
          ],
          [
            [
              [124.43, 8.3004],
              [124.4296, 8.3008],
              [124.4296, 8.3004],
              [124.43, 8.3004]
            ]
          ],
          [
            [
              [124.4164, 8.3012],
              [124.4168, 8.3008],
              [124.4172, 8.3008],
              [124.4172, 8.3012],
              [124.4168, 8.3012],
              [124.4164, 8.3012]
            ]
          ],
          [
            [
              [124.3676, 8.3012],
              [124.3672, 8.3008],
              [124.3676, 8.3008],
              [124.3676, 8.3012]
            ]
          ],
          [
            [
              [124.4332, 8.3032],
              [124.4328, 8.3028],
              [124.4324, 8.3024],
              [124.4324, 8.302],
              [124.432, 8.302],
              [124.4316, 8.3016],
              [124.4316, 8.3012],
              [124.432, 8.3016],
              [124.4324, 8.3016],
              [124.4324, 8.302],
              [124.4324, 8.3024],
              [124.4332, 8.3028],
              [124.4332, 8.3032]
            ]
          ],
          [
            [
              [124.4532, 8.3],
              [124.4532, 8.3008],
              [124.4532, 8.3012],
              [124.4528, 8.3012],
              [124.4524, 8.3012],
              [124.4528, 8.3012],
              [124.4532, 8.3008],
              [124.4532, 8.3]
            ]
          ],
          [
            [
              [124.4384, 8.3012],
              [124.4388, 8.3012],
              [124.438, 8.302],
              [124.4384, 8.3012]
            ]
          ],
          [
            [
              [124.3572, 8.3024],
              [124.3568, 8.3024],
              [124.3568, 8.302],
              [124.3572, 8.302],
              [124.3572, 8.3024]
            ]
          ],
          [
            [
              [124.3612, 8.3032],
              [124.3616, 8.3028],
              [124.3616, 8.3024],
              [124.3616, 8.3028],
              [124.3616, 8.3032],
              [124.3612, 8.3032]
            ]
          ],
          [
            [
              [124.4528, 8.3032],
              [124.4524, 8.3032],
              [124.4524, 8.3028],
              [124.452, 8.3032],
              [124.452, 8.3028],
              [124.4524, 8.3028],
              [124.4528, 8.3032]
            ]
          ],
          [
            [
              [124.374, 8.304],
              [124.374, 8.3036],
              [124.3744, 8.304],
              [124.374, 8.304]
            ]
          ],
          [
            [
              [124.4396, 8.304],
              [124.4392, 8.3044],
              [124.4392, 8.304],
              [124.4396, 8.304]
            ]
          ],
          [
            [
              [124.3744, 8.3044],
              [124.374, 8.3044],
              [124.374, 8.304],
              [124.3744, 8.3044]
            ]
          ],
          [
            [
              [124.4468, 8.3028],
              [124.4468, 8.3036],
              [124.4468, 8.3044],
              [124.4472, 8.3044],
              [124.4472, 8.3048],
              [124.4472, 8.3052],
              [124.4468, 8.3052],
              [124.4468, 8.3048],
              [124.4472, 8.3048],
              [124.4464, 8.3044],
              [124.4464, 8.304],
              [124.4468, 8.3036],
              [124.4468, 8.3028]
            ]
          ],
          [
            [
              [124.456, 8.3048],
              [124.4556, 8.3048],
              [124.4556, 8.3044],
              [124.456, 8.3048]
            ]
          ],
          [
            [
              [124.4556, 8.3052],
              [124.4556, 8.3048],
              [124.456, 8.3048],
              [124.456, 8.3052],
              [124.4556, 8.3052]
            ]
          ],
          [
            [
              [124.3748, 8.3052],
              [124.374, 8.3052],
              [124.3744, 8.3048],
              [124.3744, 8.3044],
              [124.3744, 8.3052],
              [124.3748, 8.3052]
            ]
          ],
          [
            [
              [124.4512, 8.3048],
              [124.4512, 8.3052],
              [124.4508, 8.3052],
              [124.4512, 8.3048]
            ]
          ],
          [
            [
              [124.4276, 8.3052],
              [124.428, 8.3052],
              [124.4284, 8.306],
              [124.4284, 8.3064],
              [124.428, 8.306],
              [124.428, 8.3056],
              [124.4276, 8.3052]
            ]
          ],
          [
            [
              [124.4588, 8.3048],
              [124.4588, 8.3052],
              [124.4584, 8.3056],
              [124.4584, 8.306],
              [124.458, 8.3056],
              [124.4576, 8.3056],
              [124.4576, 8.3052],
              [124.458, 8.3056],
              [124.4584, 8.3056],
              [124.4588, 8.3048]
            ]
          ],
          [
            [
              [124.4032, 8.306],
              [124.4024, 8.306],
              [124.402, 8.306],
              [124.4012, 8.306],
              [124.4012, 8.3056],
              [124.4024, 8.3056],
              [124.4028, 8.306],
              [124.4028, 8.3052],
              [124.4024, 8.3044],
              [124.4028, 8.3048],
              [124.4028, 8.3056],
              [124.4032, 8.306]
            ]
          ],
          [
            [
              [124.4124, 8.3064],
              [124.4128, 8.3064],
              [124.4132, 8.306],
              [124.4132, 8.3064],
              [124.4128, 8.3068],
              [124.4124, 8.3064],
              [124.412, 8.3064],
              [124.4124, 8.3064]
            ]
          ],
          [
            [
              [124.4336, 8.3064],
              [124.434, 8.3068],
              [124.434, 8.3072],
              [124.4336, 8.3072],
              [124.4336, 8.3064]
            ]
          ],
          [
            [
              [124.3664, 8.3064],
              [124.366, 8.3068],
              [124.366, 8.3064],
              [124.3664, 8.3064]
            ]
          ],
          [
            [
              [124.4264, 8.3072],
              [124.426, 8.3072],
              [124.426, 8.3068],
              [124.4264, 8.3072]
            ]
          ],
          [
            [
              [124.4152, 8.3076],
              [124.4148, 8.3076],
              [124.4148, 8.3072],
              [124.4152, 8.3072],
              [124.4152, 8.3076]
            ]
          ],
          [
            [
              [124.4344, 8.3076],
              [124.4348, 8.3072],
              [124.4348, 8.3076],
              [124.4344, 8.3076]
            ]
          ],
          [
            [
              [124.434, 8.308],
              [124.4336, 8.308],
              [124.4336, 8.3076],
              [124.434, 8.3076],
              [124.434, 8.308]
            ]
          ],
          [
            [
              [124.424, 8.308],
              [124.4236, 8.308],
              [124.4228, 8.308],
              [124.4224, 8.3084],
              [124.4224, 8.3088],
              [124.4224, 8.308],
              [124.4228, 8.308],
              [124.424, 8.308]
            ]
          ],
          [
            [
              [124.4548, 8.3088],
              [124.4552, 8.3088],
              [124.4552, 8.3092],
              [124.4548, 8.3096],
              [124.4548, 8.3088]
            ]
          ],
          [
            [
              [124.4148, 8.3096],
              [124.4144, 8.3096],
              [124.4144, 8.3092],
              [124.4148, 8.3096]
            ]
          ],
          [
            [
              [124.434, 8.3092],
              [124.4344, 8.3092],
              [124.4344, 8.3096],
              [124.434, 8.3096],
              [124.434, 8.3092]
            ]
          ],
          [
            [
              [124.4344, 8.3096],
              [124.4344, 8.31],
              [124.434, 8.31],
              [124.434, 8.3096],
              [124.4344, 8.3096]
            ]
          ],
          [
            [
              [124.442, 8.3092],
              [124.4428, 8.3096],
              [124.4428, 8.31],
              [124.4432, 8.3104],
              [124.4428, 8.3112],
              [124.4428, 8.31],
              [124.442, 8.3092]
            ]
          ],
          [
            [
              [124.438, 8.3096],
              [124.438, 8.31],
              [124.4376, 8.3112],
              [124.4376, 8.3108],
              [124.4376, 8.31],
              [124.438, 8.3096]
            ]
          ],
          [
            [
              [124.4224, 8.31],
              [124.4224, 8.3104],
              [124.422, 8.31],
              [124.4224, 8.31]
            ]
          ],
          [
            [
              [124.3672, 8.3104],
              [124.3668, 8.31],
              [124.3672, 8.31],
              [124.3672, 8.3104]
            ]
          ],
          [
            [
              [124.3684, 8.3108],
              [124.368, 8.3108],
              [124.368, 8.3104],
              [124.3684, 8.3108]
            ]
          ],
          [
            [
              [124.4372, 8.3112],
              [124.4368, 8.3116],
              [124.4364, 8.3112],
              [124.4356, 8.3112],
              [124.4356, 8.3116],
              [124.4356, 8.312],
              [124.4352, 8.312],
              [124.4348, 8.312],
              [124.4348, 8.3124],
              [124.4344, 8.3124],
              [124.4336, 8.3132],
              [124.4344, 8.3124],
              [124.434, 8.3124],
              [124.434, 8.312],
              [124.4344, 8.312],
              [124.4348, 8.312],
              [124.4348, 8.3116],
              [124.4352, 8.3116],
              [124.4352, 8.3112],
              [124.4352, 8.3108],
              [124.4356, 8.3108],
              [124.4356, 8.3112],
              [124.4372, 8.3112]
            ]
          ],
          [
            [
              [124.4248, 8.3124],
              [124.4244, 8.3124],
              [124.4244, 8.3116],
              [124.4244, 8.3108],
              [124.4248, 8.3112],
              [124.4244, 8.3116],
              [124.4244, 8.3124],
              [124.4248, 8.3124]
            ]
          ],
          [
            [
              [124.438, 8.3112],
              [124.4384, 8.3116],
              [124.4384, 8.312],
              [124.438, 8.312],
              [124.438, 8.3116],
              [124.438, 8.3112]
            ]
          ],
          [
            [
              [124.4112, 8.3112],
              [124.4116, 8.3112],
              [124.4116, 8.3116],
              [124.4112, 8.3116],
              [124.4112, 8.3112]
            ]
          ],
          [
            [
              [124.4376, 8.3116],
              [124.4372, 8.3116],
              [124.4372, 8.3112],
              [124.4376, 8.3116]
            ]
          ],
          [
            [
              [124.4172, 8.3112],
              [124.4172, 8.3116],
              [124.4168, 8.3116],
              [124.4172, 8.3112]
            ]
          ],
          [
            [
              [124.4304, 8.3124],
              [124.4304, 8.312],
              [124.4308, 8.312],
              [124.4304, 8.3124]
            ]
          ],
          [
            [
              [124.42, 8.3124],
              [124.4196, 8.312],
              [124.42, 8.312],
              [124.42, 8.3124]
            ]
          ],
          [
            [
              [124.432, 8.3124],
              [124.4316, 8.3124],
              [124.4316, 8.312],
              [124.432, 8.3124]
            ]
          ],
          [
            [
              [124.3704, 8.3128],
              [124.37, 8.3128],
              [124.37, 8.3124],
              [124.3704, 8.3128]
            ]
          ],
          [
            [
              [124.4204, 8.3128],
              [124.42, 8.3128],
              [124.4196, 8.3132],
              [124.42, 8.3124],
              [124.42, 8.3128],
              [124.4204, 8.3128]
            ]
          ],
          [
            [
              [124.4304, 8.3124],
              [124.4304, 8.3128],
              [124.43, 8.3132],
              [124.43, 8.3124],
              [124.4304, 8.3124]
            ]
          ],
          [
            [
              [124.4204, 8.3128],
              [124.4204, 8.3132],
              [124.42, 8.3128],
              [124.4204, 8.3128]
            ]
          ],
          [
            [
              [124.442, 8.3132],
              [124.4428, 8.3128],
              [124.4428, 8.3132],
              [124.442, 8.3132]
            ]
          ],
          [
            [
              [124.442, 8.3128],
              [124.4416, 8.3132],
              [124.4416, 8.3128],
              [124.442, 8.3128]
            ]
          ],
          [
            [
              [124.4192, 8.3132],
              [124.4188, 8.3136],
              [124.4188, 8.3132],
              [124.4192, 8.3132]
            ]
          ],
          [
            [
              [124.4384, 8.3132],
              [124.438, 8.3132],
              [124.438, 8.3136],
              [124.4376, 8.314],
              [124.4376, 8.3144],
              [124.4372, 8.3144],
              [124.4372, 8.3148],
              [124.4372, 8.3144],
              [124.4372, 8.314],
              [124.4376, 8.3136],
              [124.4376, 8.3132],
              [124.438, 8.3128],
              [124.4384, 8.3132]
            ]
          ],
          [
            [
              [124.44, 8.3132],
              [124.4392, 8.3132],
              [124.4392, 8.3136],
              [124.4388, 8.3136],
              [124.4384, 8.3136],
              [124.4384, 8.3132],
              [124.4392, 8.3132],
              [124.44, 8.3132]
            ]
          ],
          [
            [
              [124.3664, 8.314],
              [124.3668, 8.3136],
              [124.3672, 8.3136],
              [124.3672, 8.3132],
              [124.368, 8.3132],
              [124.368, 8.3136],
              [124.3676, 8.3136],
              [124.3672, 8.314],
              [124.3664, 8.314]
            ]
          ],
          [
            [
              [124.312, 8.3136],
              [124.312, 8.314],
              [124.3116, 8.314],
              [124.3116, 8.3136],
              [124.312, 8.3136]
            ]
          ],
          [
            [
              [124.3748, 8.3144],
              [124.3748, 8.314],
              [124.3752, 8.314],
              [124.3748, 8.3144]
            ]
          ],
          [
            [
              [124.3668, 8.3144],
              [124.3668, 8.3148],
              [124.3668, 8.3152],
              [124.3664, 8.3148],
              [124.3668, 8.3144]
            ]
          ],
          [
            [
              [124.3788, 8.3136],
              [124.3792, 8.314],
              [124.3792, 8.3144],
              [124.3796, 8.3144],
              [124.38, 8.3144],
              [124.38, 8.3148],
              [124.3796, 8.3148],
              [124.3792, 8.3144],
              [124.3788, 8.314],
              [124.3788, 8.3136],
              [124.3784, 8.3136],
              [124.3788, 8.3136]
            ]
          ],
          [
            [
              [124.2956, 8.3172],
              [124.2952, 8.3172],
              [124.2952, 8.3168],
              [124.2952, 8.3164],
              [124.2944, 8.3156],
              [124.294, 8.3156],
              [124.294, 8.3152],
              [124.2936, 8.3152],
              [124.294, 8.3148],
              [124.294, 8.3152],
              [124.2944, 8.3152],
              [124.2944, 8.3156],
              [124.2952, 8.316],
              [124.2952, 8.3164],
              [124.2956, 8.3168],
              [124.2956, 8.3172]
            ]
          ],
          [
            [
              [124.3108, 8.3152],
              [124.3104, 8.3152],
              [124.31, 8.3152],
              [124.31, 8.3156],
              [124.3096, 8.3156],
              [124.31, 8.3152],
              [124.3104, 8.3148],
              [124.3104, 8.3152],
              [124.3108, 8.3152]
            ]
          ],
          [
            [
              [124.3748, 8.3152],
              [124.3744, 8.3152],
              [124.3748, 8.3148],
              [124.3748, 8.3152]
            ]
          ],
          [
            [
              [124.4532, 8.316],
              [124.4532, 8.3156],
              [124.4536, 8.3156],
              [124.454, 8.3156],
              [124.4548, 8.3152],
              [124.4548, 8.3164],
              [124.4544, 8.3164],
              [124.4544, 8.3156],
              [124.4536, 8.316],
              [124.4532, 8.316]
            ]
          ],
          [
            [
              [124.3676, 8.3164],
              [124.3672, 8.3164],
              [124.3676, 8.316],
              [124.3676, 8.3164]
            ]
          ],
          [
            [
              [124.4332, 8.3168],
              [124.4328, 8.3168],
              [124.4328, 8.3164],
              [124.4332, 8.3164],
              [124.4332, 8.3168]
            ]
          ],
          [
            [
              [124.3752, 8.3176],
              [124.3756, 8.3176],
              [124.3756, 8.318],
              [124.3752, 8.3176]
            ]
          ],
          [
            [
              [124.4424, 8.318],
              [124.4424, 8.3184],
              [124.442, 8.318],
              [124.4424, 8.318]
            ]
          ],
          [
            [
              [124.2924, 8.3188],
              [124.2924, 8.3192],
              [124.2924, 8.3196],
              [124.292, 8.3204],
              [124.292, 8.32],
              [124.292, 8.3196],
              [124.292, 8.3192],
              [124.2924, 8.3188]
            ]
          ],
          [
            [
              [124.4532, 8.3196],
              [124.4528, 8.32],
              [124.4528, 8.3196],
              [124.4532, 8.3196]
            ]
          ],
          [
            [
              [124.2916, 8.3204],
              [124.292, 8.3204],
              [124.2916, 8.3208],
              [124.2916, 8.3204]
            ]
          ],
          [
            [
              [124.2768, 8.322],
              [124.2768, 8.3224],
              [124.2764, 8.3228],
              [124.2756, 8.3232],
              [124.2752, 8.3236],
              [124.2752, 8.324],
              [124.2752, 8.3236],
              [124.2752, 8.3232],
              [124.2756, 8.3228],
              [124.2764, 8.3224],
              [124.2768, 8.322],
              [124.2768, 8.3212],
              [124.2772, 8.3208],
              [124.2772, 8.3204],
              [124.2772, 8.3208],
              [124.2768, 8.3212],
              [124.2768, 8.322]
            ]
          ],
          [
            [
              [124.4568, 8.3196],
              [124.4568, 8.32],
              [124.4564, 8.3204],
              [124.4564, 8.3208],
              [124.4568, 8.3208],
              [124.4564, 8.3212],
              [124.4564, 8.3208],
              [124.4564, 8.3204],
              [124.4568, 8.32],
              [124.4568, 8.3196]
            ]
          ],
          [
            [
              [124.29, 8.3216],
              [124.2896, 8.3212],
              [124.29, 8.3212],
              [124.29, 8.3216]
            ]
          ],
          [
            [
              [124.2884, 8.322],
              [124.288, 8.3216],
              [124.2884, 8.3216],
              [124.2884, 8.322]
            ]
          ],
          [
            [
              [124.2888, 8.3224],
              [124.2884, 8.322],
              [124.2888, 8.322],
              [124.2888, 8.3224]
            ]
          ],
          [
            [
              [124.2748, 8.3224],
              [124.2744, 8.3228],
              [124.2744, 8.3224],
              [124.2748, 8.3224]
            ]
          ],
          [
            [
              [124.284, 8.3228],
              [124.2836, 8.3232],
              [124.2836, 8.3228],
              [124.284, 8.3228]
            ]
          ],
          [
            [
              [124.278, 8.3232],
              [124.2772, 8.3236],
              [124.2772, 8.3232],
              [124.2776, 8.3232],
              [124.278, 8.3232]
            ]
          ],
          [
            [
              [124.2828, 8.324],
              [124.2828, 8.3244],
              [124.2824, 8.3244],
              [124.2828, 8.324]
            ]
          ],
          [
            [
              [124.324, 8.3244],
              [124.3236, 8.3244],
              [124.3236, 8.324],
              [124.3232, 8.324],
              [124.3236, 8.324],
              [124.324, 8.324],
              [124.324, 8.3244]
            ]
          ],
          [
            [
              [124.3252, 8.3248],
              [124.3252, 8.3244],
              [124.3256, 8.3244],
              [124.3252, 8.3248]
            ]
          ],
          [
            [
              [124.3244, 8.3252],
              [124.324, 8.3256],
              [124.3236, 8.3256],
              [124.3236, 8.326],
              [124.3232, 8.326],
              [124.3232, 8.3256],
              [124.3236, 8.3256],
              [124.3236, 8.3252],
              [124.3236, 8.3248],
              [124.324, 8.3244],
              [124.324, 8.3248],
              [124.324, 8.3252],
              [124.3244, 8.3252]
            ]
          ],
          [
            [
              [124.2788, 8.3248],
              [124.2784, 8.3244],
              [124.2788, 8.3244],
              [124.2788, 8.3248]
            ]
          ],
          [
            [
              [124.2824, 8.3244],
              [124.2816, 8.3244],
              [124.2812, 8.3248],
              [124.2812, 8.3244],
              [124.2816, 8.3244],
              [124.2824, 8.3244]
            ]
          ],
          [
            [
              [124.2792, 8.3252],
              [124.2788, 8.3252],
              [124.2788, 8.3248],
              [124.2792, 8.3248],
              [124.2792, 8.3252]
            ]
          ],
          [
            [
              [124.2748, 8.3288],
              [124.2744, 8.3292],
              [124.2748, 8.3292],
              [124.2744, 8.3296],
              [124.2736, 8.3296],
              [124.274, 8.3292],
              [124.274, 8.3288],
              [124.2744, 8.3288],
              [124.2744, 8.3284],
              [124.2748, 8.3284],
              [124.2748, 8.328],
              [124.2752, 8.328],
              [124.2756, 8.3276],
              [124.2756, 8.3272],
              [124.2756, 8.3268],
              [124.276, 8.3268],
              [124.2764, 8.3264],
              [124.2768, 8.3264],
              [124.2768, 8.326],
              [124.2772, 8.326],
              [124.2776, 8.3256],
              [124.278, 8.3252],
              [124.278, 8.3248],
              [124.2784, 8.3248],
              [124.278, 8.3252],
              [124.278, 8.3256],
              [124.278, 8.326],
              [124.2776, 8.326],
              [124.2772, 8.3264],
              [124.2776, 8.3264],
              [124.2784, 8.3264],
              [124.278, 8.3268],
              [124.2776, 8.3268],
              [124.2772, 8.3268],
              [124.2768, 8.3264],
              [124.2764, 8.3264],
              [124.2764, 8.3268],
              [124.276, 8.3272],
              [124.2756, 8.328],
              [124.2752, 8.3284],
              [124.2748, 8.3284],
              [124.2748, 8.3288]
            ]
          ],
          [
            [
              [124.3252, 8.3248],
              [124.3244, 8.3252],
              [124.3248, 8.3248],
              [124.3252, 8.3248]
            ]
          ],
          [
            [
              [124.2584, 8.3248],
              [124.258, 8.3252],
              [124.258, 8.3248],
              [124.2584, 8.3248]
            ]
          ],
          [
            [
              [124.2572, 8.3248],
              [124.258, 8.3248],
              [124.258, 8.3252],
              [124.2576, 8.3248],
              [124.2572, 8.3248]
            ]
          ],
          [
            [
              [124.2796, 8.3256],
              [124.2792, 8.3256],
              [124.2792, 8.3252],
              [124.2796, 8.3252],
              [124.2796, 8.3256]
            ]
          ],
          [
            [
              [124.25, 8.3264],
              [124.2496, 8.326],
              [124.2484, 8.326],
              [124.248, 8.326],
              [124.2476, 8.326],
              [124.2472, 8.3256],
              [124.2468, 8.3256],
              [124.2464, 8.3256],
              [124.2464, 8.3252],
              [124.2472, 8.3252],
              [124.2472, 8.3256],
              [124.2476, 8.3256],
              [124.248, 8.3256],
              [124.2484, 8.3256],
              [124.2488, 8.3256],
              [124.2496, 8.326],
              [124.25, 8.326],
              [124.25, 8.3264]
            ]
          ],
          [
            [
              [124.2692, 8.3244],
              [124.2692, 8.326],
              [124.2696, 8.326],
              [124.2696, 8.3268],
              [124.2692, 8.3268],
              [124.2692, 8.3264],
              [124.2692, 8.326],
              [124.2692, 8.3256],
              [124.2692, 8.3252],
              [124.2692, 8.3244]
            ]
          ],
          [
            [
              [124.2864, 8.3256],
              [124.286, 8.326],
              [124.2864, 8.3264],
              [124.2864, 8.3276],
              [124.286, 8.328],
              [124.2856, 8.3288],
              [124.2852, 8.3292],
              [124.2856, 8.3288],
              [124.2856, 8.3284],
              [124.286, 8.328],
              [124.286, 8.3276],
              [124.286, 8.3268],
              [124.286, 8.3264],
              [124.286, 8.326],
              [124.2864, 8.3256]
            ]
          ],
          [
            [
              [124.3232, 8.326],
              [124.3228, 8.3256],
              [124.3236, 8.3256],
              [124.3232, 8.3256],
              [124.3232, 8.326]
            ]
          ],
          [
            [
              [124.256, 8.326],
              [124.2564, 8.3264],
              [124.256, 8.3264],
              [124.256, 8.326],
              [124.2552, 8.326],
              [124.2556, 8.3256],
              [124.256, 8.3256],
              [124.256, 8.326]
            ]
          ],
          [
            [
              [124.2548, 8.3256],
              [124.2548, 8.326],
              [124.2544, 8.326],
              [124.2544, 8.3256],
              [124.2548, 8.3256]
            ]
          ],
          [
            [
              [124.326, 8.3264],
              [124.3252, 8.3264],
              [124.3252, 8.326],
              [124.3256, 8.3264],
              [124.326, 8.3264]
            ]
          ],
          [
            [
              [124.28, 8.3264],
              [124.28, 8.3268],
              [124.2796, 8.3268],
              [124.2792, 8.3268],
              [124.2788, 8.3268],
              [124.2788, 8.3264],
              [124.2792, 8.3268],
              [124.2796, 8.3268],
              [124.28, 8.3264]
            ]
          ],
          [
            [
              [124.3264, 8.3272],
              [124.3264, 8.3268],
              [124.3268, 8.3268],
              [124.3272, 8.3268],
              [124.3268, 8.3268],
              [124.3268, 8.3272],
              [124.3264, 8.3272]
            ]
          ],
          [
            [
              [124.2696, 8.3268],
              [124.2696, 8.3272],
              [124.2692, 8.3272],
              [124.2692, 8.3268],
              [124.2696, 8.3268]
            ]
          ],
          [
            [
              [124.2576, 8.3268],
              [124.2572, 8.3272],
              [124.2572, 8.3268],
              [124.2576, 8.3268]
            ]
          ],
          [
            [
              [124.2588, 8.3272],
              [124.2584, 8.3272],
              [124.2584, 8.3268],
              [124.2588, 8.3272]
            ]
          ],
          [
            [
              [124.2764, 8.3276],
              [124.2764, 8.328],
              [124.276, 8.328],
              [124.276, 8.3284],
              [124.276, 8.3288],
              [124.276, 8.3284],
              [124.276, 8.328],
              [124.2764, 8.3276]
            ]
          ],
          [
            [
              [124.2696, 8.3284],
              [124.2692, 8.328],
              [124.2692, 8.3272],
              [124.2696, 8.3272],
              [124.2696, 8.3276],
              [124.2696, 8.328],
              [124.2708, 8.328],
              [124.2696, 8.328],
              [124.2696, 8.3284]
            ]
          ],
          [
            [
              [124.2648, 8.3284],
              [124.2652, 8.3284],
              [124.2652, 8.3288],
              [124.2648, 8.3288],
              [124.2644, 8.3288],
              [124.2644, 8.3292],
              [124.264, 8.3292],
              [124.2644, 8.3292],
              [124.2644, 8.3288],
              [124.2644, 8.3284],
              [124.2648, 8.3284]
            ]
          ],
          [
            [
              [124.276, 8.3288],
              [124.276, 8.3292],
              [124.2756, 8.3292],
              [124.2752, 8.3288],
              [124.2756, 8.3288],
              [124.276, 8.3288]
            ]
          ],
          [
            [
              [124.266, 8.3288],
              [124.2664, 8.3288],
              [124.2664, 8.3292],
              [124.266, 8.3288]
            ]
          ],
          [
            [
              [124.2576, 8.3292],
              [124.2572, 8.3296],
              [124.2572, 8.3292],
              [124.2576, 8.3292]
            ]
          ],
          [
            [
              [124.2424, 8.2204],
              [124.242, 8.22],
              [124.2412, 8.22],
              [124.2412, 8.2196],
              [124.242, 8.2196],
              [124.2424, 8.2204]
            ]
          ],
          [
            [
              [124.2384, 8.2216],
              [124.2384, 8.2212],
              [124.2388, 8.2208],
              [124.2392, 8.2208],
              [124.2396, 8.2208],
              [124.2392, 8.2208],
              [124.2392, 8.2216],
              [124.2392, 8.2212],
              [124.2388, 8.2216],
              [124.2384, 8.2216]
            ]
          ],
          [
            [
              [124.4596, 8.2252],
              [124.4592, 8.2252],
              [124.4596, 8.2248],
              [124.46, 8.2248],
              [124.46, 8.2252],
              [124.4596, 8.2252]
            ]
          ],
          [
            [
              [124.2484, 8.2332],
              [124.2484, 8.2336],
              [124.248, 8.2336],
              [124.2484, 8.2332]
            ]
          ],
          [
            [
              [124.2612, 8.234],
              [124.2608, 8.234],
              [124.2608, 8.2336],
              [124.2612, 8.234]
            ]
          ],
          [
            [
              [124.4564, 8.2356],
              [124.4568, 8.236],
              [124.4564, 8.236],
              [124.4564, 8.2356]
            ]
          ],
          [
            [
              [124.4584, 8.24],
              [124.4584, 8.2404],
              [124.458, 8.2404],
              [124.4576, 8.2404],
              [124.458, 8.2404],
              [124.4584, 8.24]
            ]
          ],
          [
            [
              [124.2768, 8.2404],
              [124.2772, 8.2404],
              [124.2768, 8.2408],
              [124.2768, 8.2404]
            ]
          ],
          [
            [
              [124.2728, 8.2408],
              [124.2728, 8.2404],
              [124.2732, 8.2404],
              [124.2728, 8.2408]
            ]
          ],
          [
            [
              [124.2764, 8.2412],
              [124.2764, 8.2416],
              [124.276, 8.2416],
              [124.2764, 8.2412]
            ]
          ],
          [
            [
              [124.2768, 8.2476],
              [124.2772, 8.2476],
              [124.2768, 8.248],
              [124.2768, 8.2476]
            ]
          ],
          [
            [
              [124.46, 8.2488],
              [124.4596, 8.2488],
              [124.4596, 8.2484],
              [124.46, 8.2488]
            ]
          ],
          [
            [
              [124.2468, 8.2492],
              [124.2464, 8.2492],
              [124.2464, 8.2488],
              [124.2468, 8.2492]
            ]
          ],
          [
            [
              [124.2532, 8.2484],
              [124.2536, 8.2484],
              [124.2536, 8.2488],
              [124.2536, 8.2496],
              [124.2532, 8.25],
              [124.2528, 8.2496],
              [124.2528, 8.2492],
              [124.2532, 8.2488],
              [124.2532, 8.2484]
            ]
          ],
          [
            [
              [124.2564, 8.25],
              [124.256, 8.2504],
              [124.256, 8.25],
              [124.2564, 8.25]
            ]
          ],
          [
            [
              [124.2552, 8.2512],
              [124.2548, 8.2512],
              [124.2548, 8.2508],
              [124.2552, 8.2508],
              [124.2552, 8.2512]
            ]
          ],
          [
            [
              [124.2584, 8.2516],
              [124.258, 8.252],
              [124.2576, 8.2516],
              [124.2584, 8.2516]
            ]
          ],
          [
            [
              [124.4596, 8.2512],
              [124.4588, 8.252],
              [124.4592, 8.2512],
              [124.4596, 8.2512]
            ]
          ],
          [
            [
              [124.2584, 8.2536],
              [124.258, 8.2532],
              [124.258, 8.2528],
              [124.2584, 8.2532],
              [124.2584, 8.2536]
            ]
          ],
          [
            [
              [124.2536, 8.2572],
              [124.2532, 8.2564],
              [124.2536, 8.2564],
              [124.2536, 8.2568],
              [124.2536, 8.2572]
            ]
          ],
          [
            [
              [124.46, 8.2572],
              [124.4592, 8.2576],
              [124.4576, 8.2576],
              [124.4592, 8.2576],
              [124.4596, 8.2572],
              [124.46, 8.2572]
            ]
          ],
          [
            [
              [124.3572, 8.2664],
              [124.3576, 8.2664],
              [124.3576, 8.2668],
              [124.3572, 8.2664]
            ]
          ],
          [
            [
              [124.454, 8.2668],
              [124.4532, 8.2676],
              [124.4532, 8.268],
              [124.4528, 8.268],
              [124.4532, 8.2676],
              [124.4536, 8.2672],
              [124.454, 8.2668]
            ]
          ],
          [
            [
              [124.3584, 8.268],
              [124.358, 8.268],
              [124.358, 8.2676],
              [124.3584, 8.268],
              [124.3588, 8.2676],
              [124.3584, 8.268]
            ]
          ],
          [
            [
              [124.4568, 8.2676],
              [124.4564, 8.268],
              [124.4564, 8.2676],
              [124.4568, 8.2676]
            ]
          ],
          [
            [
              [124.2756, 8.2684],
              [124.2752, 8.2684],
              [124.2752, 8.268],
              [124.2756, 8.268],
              [124.2756, 8.2684]
            ]
          ],
          [
            [
              [124.4532, 8.2684],
              [124.4532, 8.2688],
              [124.4528, 8.2684],
              [124.4532, 8.2684]
            ]
          ],
          [
            [
              [124.4556, 8.2688],
              [124.4552, 8.2692],
              [124.4552, 8.2688],
              [124.4556, 8.2688]
            ]
          ],
          [
            [
              [124.2668, 8.2704],
              [124.2672, 8.27],
              [124.2672, 8.2704],
              [124.2668, 8.2704]
            ]
          ],
          [
            [
              [124.3516, 8.2696],
              [124.352, 8.27],
              [124.3516, 8.2708],
              [124.3516, 8.27],
              [124.3516, 8.2696]
            ]
          ],
          [
            [
              [124.3612, 8.2708],
              [124.3616, 8.2708],
              [124.3616, 8.2712],
              [124.3612, 8.2712],
              [124.3612, 8.2708]
            ]
          ],
          [
            [
              [124.3468, 8.2704],
              [124.3468, 8.2712],
              [124.3464, 8.2712],
              [124.3468, 8.2708],
              [124.3468, 8.2704]
            ]
          ],
          [
            [
              [124.346, 8.2712],
              [124.3464, 8.2712],
              [124.346, 8.2716],
              [124.346, 8.2712]
            ]
          ],
          [
            [
              [124.3636, 8.2712],
              [124.3636, 8.2716],
              [124.3632, 8.2716],
              [124.3624, 8.2712],
              [124.3628, 8.2712],
              [124.3632, 8.2712],
              [124.3636, 8.2712]
            ]
          ],
          [
            [
              [124.4504, 8.2716],
              [124.45, 8.2712],
              [124.45, 8.2708],
              [124.45, 8.2692],
              [124.45, 8.2704],
              [124.45, 8.2712],
              [124.4504, 8.2716]
            ]
          ],
          [
            [
              [124.3516, 8.2712],
              [124.3508, 8.272],
              [124.3504, 8.2724],
              [124.3504, 8.272],
              [124.3508, 8.2716],
              [124.3512, 8.2712],
              [124.3516, 8.2712]
            ]
          ],
          [
            [
              [124.3444, 8.2724],
              [124.344, 8.2724],
              [124.3444, 8.272],
              [124.3444, 8.2724]
            ]
          ],
          [
            [
              [124.3504, 8.272],
              [124.3504, 8.2724],
              [124.35, 8.2724],
              [124.3504, 8.272]
            ]
          ],
          [
            [
              [124.3612, 8.2724],
              [124.3608, 8.2724],
              [124.36, 8.2716],
              [124.3604, 8.2716],
              [124.3612, 8.2724]
            ]
          ],
          [
            [
              [124.362, 8.2728],
              [124.3616, 8.2728],
              [124.3612, 8.2724],
              [124.362, 8.2728]
            ]
          ],
          [
            [
              [124.3496, 8.2728],
              [124.35, 8.2724],
              [124.35, 8.2728],
              [124.3496, 8.2728]
            ]
          ],
          [
            [
              [124.454, 8.2732],
              [124.4544, 8.2732],
              [124.454, 8.2736],
              [124.454, 8.2732]
            ]
          ],
          [
            [
              [124.3492, 8.2732],
              [124.3492, 8.2736],
              [124.3488, 8.2732],
              [124.3492, 8.2732]
            ]
          ],
          [
            [
              [124.3492, 8.2736],
              [124.3488, 8.2736],
              [124.3488, 8.2732],
              [124.3492, 8.2736]
            ]
          ],
          [
            [
              [124.4576, 8.274],
              [124.4572, 8.274],
              [124.4572, 8.2736],
              [124.4576, 8.274]
            ]
          ],
          [
            [
              [124.4524, 8.2736],
              [124.4524, 8.274],
              [124.4516, 8.274],
              [124.4512, 8.274],
              [124.4516, 8.274],
              [124.4516, 8.2736],
              [124.4528, 8.2736],
              [124.4524, 8.2736]
            ]
          ],
          [
            [
              [124.3476, 8.2748],
              [124.3476, 8.2752],
              [124.348, 8.2756],
              [124.3476, 8.2756],
              [124.3476, 8.2748]
            ]
          ],
          [
            [
              [124.4428, 8.2744],
              [124.4428, 8.2756],
              [124.4432, 8.276],
              [124.4428, 8.276],
              [124.4428, 8.2744]
            ]
          ],
          [
            [
              [124.444, 8.2768],
              [124.4436, 8.2772],
              [124.4436, 8.2776],
              [124.4436, 8.2772],
              [124.4432, 8.2768],
              [124.4428, 8.276],
              [124.4432, 8.276],
              [124.4436, 8.2772],
              [124.444, 8.2768]
            ]
          ],
          [
            [
              [124.444, 8.278],
              [124.4436, 8.278],
              [124.4436, 8.2776],
              [124.444, 8.278]
            ]
          ],
          [
            [
              [124.3656, 8.2792],
              [124.3648, 8.2788],
              [124.3644, 8.278],
              [124.364, 8.278],
              [124.364, 8.2776],
              [124.3628, 8.2768],
              [124.3628, 8.2764],
              [124.3624, 8.2764],
              [124.3624, 8.276],
              [124.3628, 8.276],
              [124.3632, 8.2764],
              [124.3632, 8.2772],
              [124.364, 8.2776],
              [124.3644, 8.278],
              [124.3648, 8.2784],
              [124.3652, 8.2788],
              [124.3656, 8.2792]
            ]
          ],
          [
            [
              [124.4404, 8.2808],
              [124.44, 8.28],
              [124.44, 8.2796],
              [124.4404, 8.28],
              [124.4404, 8.2808]
            ]
          ],
          [
            [
              [124.4404, 8.2808],
              [124.4404, 8.2812],
              [124.44, 8.2808],
              [124.4404, 8.2808]
            ]
          ],
          [
            [
              [124.4304, 8.2804],
              [124.4312, 8.2816],
              [124.4308, 8.2812],
              [124.4304, 8.2808],
              [124.4304, 8.2804]
            ]
          ],
          [
            [
              [124.4404, 8.282],
              [124.4404, 8.2816],
              [124.4408, 8.282],
              [124.4404, 8.282]
            ]
          ],
          [
            [
              [124.4588, 8.2816],
              [124.4584, 8.282],
              [124.4584, 8.2816],
              [124.4588, 8.2816]
            ]
          ],
          [
            [
              [124.4464, 8.2816],
              [124.4464, 8.282],
              [124.446, 8.282],
              [124.4464, 8.2816]
            ]
          ],
          [
            [
              [124.446, 8.2832],
              [124.446, 8.2836],
              [124.4456, 8.2836],
              [124.446, 8.2832]
            ]
          ],
          [
            [
              [124.3628, 8.2836],
              [124.3628, 8.284],
              [124.3624, 8.2836],
              [124.3628, 8.2836]
            ]
          ],
          [
            [
              [124.4588, 8.284],
              [124.4588, 8.2844],
              [124.4584, 8.2844],
              [124.4588, 8.284]
            ]
          ],
          [
            [
              [124.3472, 8.2844],
              [124.3464, 8.2844],
              [124.346, 8.2844],
              [124.3464, 8.284],
              [124.3472, 8.284],
              [124.3472, 8.2844]
            ]
          ],
          [
            [
              [124.3436, 8.2844],
              [124.3436, 8.2848],
              [124.3432, 8.2848],
              [124.3436, 8.2844]
            ]
          ],
          [
            [
              [124.458, 8.2856],
              [124.4576, 8.2856],
              [124.458, 8.2852],
              [124.4584, 8.2844],
              [124.4584, 8.2848],
              [124.458, 8.2856]
            ]
          ],
          [
            [
              [124.458, 8.2856],
              [124.4584, 8.2856],
              [124.4584, 8.286],
              [124.458, 8.2856]
            ]
          ],
          [
            [
              [124.46, 8.2856],
              [124.4596, 8.286],
              [124.4596, 8.2856],
              [124.46, 8.2856]
            ]
          ],
          [
            [
              [124.3448, 8.2868],
              [124.3444, 8.2864],
              [124.3436, 8.2864],
              [124.3448, 8.2864],
              [124.3448, 8.2868]
            ]
          ],
          [
            [
              [124.3488, 8.2872],
              [124.3484, 8.2872],
              [124.3484, 8.2868],
              [124.3488, 8.2872]
            ]
          ],
          [
            [
              [124.364, 8.2876],
              [124.3636, 8.2872],
              [124.3628, 8.2864],
              [124.3628, 8.286],
              [124.3632, 8.2864],
              [124.3632, 8.2868],
              [124.3636, 8.2872],
              [124.364, 8.2876]
            ]
          ],
          [
            [
              [124.35, 8.2876],
              [124.3496, 8.2876],
              [124.3492, 8.2876],
              [124.3492, 8.2872],
              [124.35, 8.2876]
            ]
          ],
          [
            [
              [124.3448, 8.2868],
              [124.3452, 8.2868],
              [124.346, 8.2872],
              [124.3472, 8.2872],
              [124.3468, 8.2876],
              [124.3468, 8.2872],
              [124.346, 8.2872],
              [124.3456, 8.2872],
              [124.3448, 8.2868]
            ]
          ],
          [
            [
              [124.4416, 8.2888],
              [124.4412, 8.2888],
              [124.4416, 8.288],
              [124.4416, 8.2884],
              [124.4416, 8.2888]
            ]
          ],
          [
            [
              [124.434, 8.2888],
              [124.4332, 8.2884],
              [124.4336, 8.2884],
              [124.434, 8.2884],
              [124.434, 8.2888]
            ]
          ],
          [
            [
              [124.432, 8.2884],
              [124.4316, 8.2888],
              [124.4312, 8.2888],
              [124.432, 8.2884]
            ]
          ],
          [
            [
              [124.4592, 8.2892],
              [124.4588, 8.2896],
              [124.458, 8.29],
              [124.458, 8.2896],
              [124.4592, 8.2892]
            ]
          ],
          [
            [
              [124.4532, 8.2904],
              [124.4532, 8.29],
              [124.4536, 8.29],
              [124.4532, 8.2904]
            ]
          ],
          [
            [
              [124.4444, 8.2896],
              [124.4444, 8.2904],
              [124.4444, 8.2912],
              [124.444, 8.2908],
              [124.444, 8.29],
              [124.4444, 8.2896]
            ]
          ],
          [
            [
              [124.4448, 8.2916],
              [124.4444, 8.2912],
              [124.4448, 8.2908],
              [124.4448, 8.2912],
              [124.4448, 8.2916]
            ]
          ],
          [
            [
              [124.3468, 8.292],
              [124.3464, 8.292],
              [124.3468, 8.2916],
              [124.3468, 8.292]
            ]
          ],
          [
            [
              [124.3452, 8.2932],
              [124.3452, 8.2928],
              [124.3456, 8.2928],
              [124.3452, 8.2932]
            ]
          ],
          [
            [
              [124.3708, 8.2932],
              [124.3704, 8.2928],
              [124.3712, 8.2928],
              [124.3716, 8.2928],
              [124.3708, 8.2928],
              [124.3708, 8.2932]
            ]
          ],
          [
            [
              [124.4424, 8.2928],
              [124.4412, 8.2936],
              [124.4408, 8.2936],
              [124.4412, 8.2936],
              [124.4416, 8.2932],
              [124.4424, 8.2928]
            ]
          ],
          [
            [
              [124.4264, 8.2932],
              [124.4268, 8.2936],
              [124.4264, 8.2936],
              [124.4264, 8.2932]
            ]
          ],
          [
            [
              [124.3636, 8.294],
              [124.3632, 8.294],
              [124.3636, 8.2936],
              [124.3636, 8.294]
            ]
          ],
          [
            [
              [124.368, 8.294],
              [124.3676, 8.2936],
              [124.3676, 8.2932],
              [124.368, 8.294]
            ]
          ],
          [
            [
              [124.456, 8.294],
              [124.4548, 8.2948],
              [124.4552, 8.2944],
              [124.4556, 8.294],
              [124.456, 8.294]
            ]
          ],
          [
            [
              [124.3456, 8.2932],
              [124.346, 8.2936],
              [124.346, 8.294],
              [124.3456, 8.2932]
            ]
          ],
          [
            [
              [124.422, 8.2932],
              [124.4228, 8.294],
              [124.4232, 8.2944],
              [124.4232, 8.2948],
              [124.4236, 8.2948],
              [124.4232, 8.2948],
              [124.4232, 8.2952],
              [124.4224, 8.2952],
              [124.422, 8.2952],
              [124.4224, 8.2952],
              [124.4228, 8.2952],
              [124.4232, 8.2948],
              [124.4228, 8.2944],
              [124.422, 8.2932]
            ]
          ],
          [
            [
              [124.356, 8.2952],
              [124.3568, 8.2952],
              [124.3568, 8.2956],
              [124.3564, 8.2956],
              [124.356, 8.2952]
            ]
          ],
          [
            [
              [124.4244, 8.296],
              [124.424, 8.296],
              [124.424, 8.2956],
              [124.4244, 8.296]
            ]
          ],
          [
            [
              [124.428, 8.2964],
              [124.4276, 8.2964],
              [124.4276, 8.296],
              [124.428, 8.2964]
            ]
          ],
          [
            [
              [124.4264, 8.2964],
              [124.426, 8.2964],
              [124.426, 8.296],
              [124.4264, 8.2964]
            ]
          ],
          [
            [
              [124.372, 8.2964],
              [124.372, 8.296],
              [124.3716, 8.2956],
              [124.3708, 8.2952],
              [124.3708, 8.2948],
              [124.37, 8.294],
              [124.37, 8.2936],
              [124.3696, 8.2932],
              [124.3692, 8.2928],
              [124.3696, 8.2928],
              [124.3704, 8.294],
              [124.3708, 8.2944],
              [124.3712, 8.2952],
              [124.372, 8.296],
              [124.372, 8.2964]
            ]
          ],
          [
            [
              [124.362, 8.2968],
              [124.362, 8.2972],
              [124.3616, 8.2968],
              [124.362, 8.2968]
            ]
          ],
          [
            [
              [124.4268, 8.2972],
              [124.4264, 8.2972],
              [124.4264, 8.2968],
              [124.4268, 8.2972]
            ]
          ],
          [
            [
              [124.446, 8.2964],
              [124.446, 8.2976],
              [124.4456, 8.2976],
              [124.4456, 8.2964],
              [124.446, 8.2964]
            ]
          ],
          [
            [
              [124.3652, 8.2976],
              [124.3648, 8.2976],
              [124.3648, 8.2972],
              [124.3652, 8.2976]
            ]
          ],
          [
            [
              [124.3532, 8.296],
              [124.3532, 8.2968],
              [124.3528, 8.2968],
              [124.3524, 8.2976],
              [124.352, 8.2976],
              [124.3524, 8.2972],
              [124.3528, 8.2968],
              [124.3528, 8.296],
              [124.3532, 8.296]
            ]
          ],
          [
            [
              [124.4456, 8.2976],
              [124.4456, 8.298],
              [124.4452, 8.298],
              [124.4456, 8.2976]
            ]
          ],
          [
            [
              [124.3652, 8.2976],
              [124.3656, 8.298],
              [124.366, 8.298],
              [124.3664, 8.2984],
              [124.366, 8.2984],
              [124.3656, 8.298],
              [124.3652, 8.2976]
            ]
          ],
          [
            [
              [124.4452, 8.2984],
              [124.4444, 8.2988],
              [124.4448, 8.2984],
              [124.4452, 8.2984]
            ]
          ],
          [
            [
              [124.3684, 8.2992],
              [124.368, 8.2988],
              [124.3684, 8.2988],
              [124.3684, 8.2992]
            ]
          ],
          [
            [
              [124.3684, 8.2992],
              [124.3684, 8.2988],
              [124.3692, 8.2992],
              [124.3696, 8.2996],
              [124.3684, 8.2992]
            ]
          ],
          [
            [
              [124.4568, 8.2992],
              [124.4564, 8.3],
              [124.456, 8.3004],
              [124.4556, 8.3004],
              [124.4568, 8.2992]
            ]
          ],
          [
            [
              [124.4556, 8.3004],
              [124.4556, 8.3008],
              [124.4552, 8.3008],
              [124.4556, 8.3004]
            ]
          ],
          [
            [
              [124.418, 8.3012],
              [124.4176, 8.3012],
              [124.4176, 8.3008],
              [124.418, 8.3012]
            ]
          ],
          [
            [
              [124.4272, 8.3016],
              [124.4268, 8.3012],
              [124.4272, 8.3012],
              [124.4272, 8.3016]
            ]
          ],
          [
            [
              [124.3672, 8.3008],
              [124.3668, 8.3012],
              [124.3664, 8.3016],
              [124.366, 8.3016],
              [124.3668, 8.3008],
              [124.3672, 8.3008],
              [124.3676, 8.3008],
              [124.3672, 8.3008]
            ]
          ],
          [
            [
              [124.4264, 8.3012],
              [124.4264, 8.3016],
              [124.426, 8.3016],
              [124.4264, 8.3012]
            ]
          ],
          [
            [
              [124.4096, 8.302],
              [124.41, 8.302],
              [124.41, 8.3024],
              [124.4096, 8.302]
            ]
          ],
          [
            [
              [124.4104, 8.3028],
              [124.41, 8.3028],
              [124.41, 8.3024],
              [124.4104, 8.3028]
            ]
          ],
          [
            [
              [124.3736, 8.3028],
              [124.3732, 8.3024],
              [124.3732, 8.302],
              [124.3732, 8.3016],
              [124.3732, 8.302],
              [124.3736, 8.3028]
            ]
          ],
          [
            [
              [124.4092, 8.3032],
              [124.4088, 8.3032],
              [124.4088, 8.3028],
              [124.4092, 8.3032]
            ]
          ],
          [
            [
              [124.4096, 8.3036],
              [124.4092, 8.3032],
              [124.4096, 8.3032],
              [124.4096, 8.3036]
            ]
          ],
          [
            [
              [124.4124, 8.304],
              [124.412, 8.304],
              [124.412, 8.3032],
              [124.412, 8.3036],
              [124.4124, 8.304]
            ]
          ],
          [
            [
              [124.4568, 8.304],
              [124.4568, 8.3044],
              [124.4564, 8.3044],
              [124.4568, 8.304]
            ]
          ],
          [
            [
              [124.4128, 8.3048],
              [124.4124, 8.3048],
              [124.4124, 8.304],
              [124.4128, 8.3048]
            ]
          ],
          [
            [
              [124.4132, 8.304],
              [124.4132, 8.3048],
              [124.4136, 8.3052],
              [124.4132, 8.3052],
              [124.4132, 8.3048],
              [124.4128, 8.3048],
              [124.4132, 8.3048],
              [124.4132, 8.3044],
              [124.4132, 8.304]
            ]
          ],
          [
            [
              [124.4164, 8.3048],
              [124.4168, 8.3048],
              [124.4172, 8.3052],
              [124.4168, 8.3052],
              [124.4164, 8.3048]
            ]
          ],
          [
            [
              [124.3768, 8.306],
              [124.376, 8.3056],
              [124.3764, 8.3056],
              [124.3768, 8.3056],
              [124.3768, 8.306]
            ]
          ],
          [
            [
              [124.4136, 8.3056],
              [124.4132, 8.306],
              [124.4132, 8.3056],
              [124.4136, 8.3056]
            ]
          ],
          [
            [
              [124.378, 8.3064],
              [124.3776, 8.306],
              [124.378, 8.306],
              [124.378, 8.3064]
            ]
          ],
          [
            [
              [124.3628, 8.3064],
              [124.3628, 8.306],
              [124.3636, 8.306],
              [124.364, 8.3064],
              [124.3652, 8.3064],
              [124.3648, 8.3064],
              [124.364, 8.3064],
              [124.3636, 8.306],
              [124.3628, 8.3064]
            ]
          ],
          [
            [
              [124.4112, 8.3068],
              [124.41, 8.3064],
              [124.4108, 8.3064],
              [124.4112, 8.3068]
            ]
          ],
          [
            [
              [124.4196, 8.3068],
              [124.4192, 8.3068],
              [124.4192, 8.3064],
              [124.4196, 8.3068]
            ]
          ],
          [
            [
              [124.3628, 8.3064],
              [124.362, 8.3068],
              [124.3624, 8.3064],
              [124.3628, 8.3064]
            ]
          ],
          [
            [
              [124.458, 8.3068],
              [124.4584, 8.3064],
              [124.4584, 8.306],
              [124.4584, 8.3068],
              [124.458, 8.3068]
            ]
          ],
          [
            [
              [124.3788, 8.3072],
              [124.3784, 8.3072],
              [124.3784, 8.3064],
              [124.3784, 8.3068],
              [124.3788, 8.3072]
            ]
          ],
          [
            [
              [124.4204, 8.3072],
              [124.4204, 8.3076],
              [124.42, 8.3076],
              [124.4204, 8.3072]
            ]
          ],
          [
            [
              [124.404, 8.3084],
              [124.4036, 8.3084],
              [124.404, 8.308],
              [124.404, 8.3084]
            ]
          ],
          [
            [
              [124.4032, 8.3088],
              [124.4032, 8.3092],
              [124.4028, 8.3092],
              [124.4032, 8.3088]
            ]
          ],
          [
            [
              [124.442, 8.3092],
              [124.4416, 8.3092],
              [124.4412, 8.3092],
              [124.4416, 8.3088],
              [124.4416, 8.3084],
              [124.4416, 8.3088],
              [124.442, 8.3092]
            ]
          ],
          [
            [
              [124.4252, 8.3096],
              [124.4248, 8.31],
              [124.4248, 8.3096],
              [124.4252, 8.3096]
            ]
          ],
          [
            [
              [124.402, 8.3104],
              [124.402, 8.31],
              [124.4024, 8.31],
              [124.402, 8.3104]
            ]
          ],
          [
            [
              [124.4244, 8.3104],
              [124.424, 8.3104],
              [124.424, 8.31],
              [124.4244, 8.31],
              [124.4244, 8.3104]
            ]
          ],
          [
            [
              [124.4504, 8.3104],
              [124.4492, 8.3104],
              [124.4492, 8.31],
              [124.4496, 8.3104],
              [124.4504, 8.3104]
            ]
          ],
          [
            [
              [124.4492, 8.3104],
              [124.4488, 8.3108],
              [124.448, 8.3108],
              [124.4488, 8.3108],
              [124.4488, 8.3104],
              [124.4492, 8.3104]
            ]
          ],
          [
            [
              [124.4536, 8.3108],
              [124.4532, 8.3108],
              [124.4532, 8.3104],
              [124.4536, 8.3108]
            ]
          ],
          [
            [
              [124.4352, 8.3108],
              [124.4352, 8.3112],
              [124.4348, 8.3108],
              [124.4352, 8.3108]
            ]
          ],
          [
            [
              [124.402, 8.3104],
              [124.4016, 8.3112],
              [124.4008, 8.3116],
              [124.4, 8.3116],
              [124.4008, 8.3116],
              [124.4016, 8.3108],
              [124.402, 8.3104]
            ]
          ],
          [
            [
              [124.4312, 8.3124],
              [124.4308, 8.312],
              [124.4312, 8.312],
              [124.4312, 8.3124]
            ]
          ],
          [
            [
              [124.3788, 8.3136],
              [124.3784, 8.3132],
              [124.3792, 8.3128],
              [124.3792, 8.3124],
              [124.3792, 8.3128],
              [124.3788, 8.3136]
            ]
          ],
          [
            [
              [124.3768, 8.312],
              [124.3772, 8.3124],
              [124.3772, 8.3128],
              [124.3772, 8.3136],
              [124.3768, 8.3132],
              [124.3768, 8.3124],
              [124.3768, 8.312]
            ]
          ],
          [
            [
              [124.4244, 8.3136],
              [124.424, 8.3136],
              [124.424, 8.3132],
              [124.4244, 8.3136]
            ]
          ],
          [
            [
              [124.3644, 8.3144],
              [124.3632, 8.3144],
              [124.3632, 8.314],
              [124.3644, 8.314],
              [124.3644, 8.3144]
            ]
          ],
          [
            [
              [124.376, 8.3148],
              [124.3764, 8.3148],
              [124.376, 8.3152],
              [124.376, 8.3148]
            ]
          ],
          [
            [
              [124.4504, 8.3152],
              [124.45, 8.3152],
              [124.45, 8.3148],
              [124.4504, 8.3148],
              [124.4504, 8.3152]
            ]
          ],
          [
            [
              [124.4164, 8.3152],
              [124.4164, 8.3156],
              [124.416, 8.3156],
              [124.4164, 8.3152]
            ]
          ],
          [
            [
              [124.4344, 8.3164],
              [124.434, 8.3168],
              [124.434, 8.3164],
              [124.4344, 8.3164]
            ]
          ],
          [
            [
              [124.3712, 8.316],
              [124.3716, 8.3164],
              [124.3712, 8.3164],
              [124.3708, 8.3168],
              [124.3712, 8.3164],
              [124.3712, 8.316]
            ]
          ],
          [
            [
              [124.434, 8.3168],
              [124.434, 8.3172],
              [124.4336, 8.3168],
              [124.434, 8.3168]
            ]
          ],
          [
            [
              [124.3804, 8.3172],
              [124.38, 8.3176],
              [124.3796, 8.3176],
              [124.3796, 8.318],
              [124.3792, 8.318],
              [124.3796, 8.3176],
              [124.38, 8.3176],
              [124.38, 8.3172],
              [124.3804, 8.3172]
            ]
          ],
          [
            [
              [124.4272, 8.3172],
              [124.4268, 8.3184],
              [124.4268, 8.3176],
              [124.4272, 8.3172]
            ]
          ],
          [
            [
              [124.4256, 8.3168],
              [124.4256, 8.3184],
              [124.4252, 8.3184],
              [124.4256, 8.3168]
            ]
          ],
          [
            [
              [124.3704, 8.318],
              [124.37, 8.3184],
              [124.37, 8.3188],
              [124.37, 8.3192],
              [124.3696, 8.3192],
              [124.3696, 8.3188],
              [124.37, 8.318],
              [124.3704, 8.318]
            ]
          ],
          [
            [
              [124.2836, 8.3232],
              [124.2836, 8.3236],
              [124.2832, 8.3236],
              [124.2836, 8.3232]
            ]
          ],
          [
            [
              [124.2748, 8.3244],
              [124.2748, 8.3248],
              [124.2744, 8.3248],
              [124.2748, 8.3244]
            ]
          ],
          [
            [
              [124.2736, 8.3252],
              [124.2736, 8.3244],
              [124.274, 8.3252],
              [124.2736, 8.3252]
            ]
          ],
          [
            [
              [124.2736, 8.3252],
              [124.2732, 8.3256],
              [124.2732, 8.3252],
              [124.2736, 8.3252]
            ]
          ],
          [
            [
              [124.2528, 8.3268],
              [124.2524, 8.3268],
              [124.2528, 8.3264],
              [124.2528, 8.3268]
            ]
          ],
          [
            [
              [124.25, 8.3268],
              [124.25, 8.3264],
              [124.2504, 8.3268],
              [124.25, 8.3268]
            ]
          ],
          [
            [
              [124.2504, 8.3268],
              [124.2504, 8.3272],
              [124.25, 8.3268],
              [124.2504, 8.3268]
            ]
          ],
          [
            [
              [124.2512, 8.3272],
              [124.2508, 8.3276],
              [124.2508, 8.3272],
              [124.2512, 8.3272]
            ]
          ]
        ]
      },
      "properties": { "lvl": 2 }
    },
    {
      "type": "Feature",
      "geometry": {
        "type": "MultiPolygon",
        "coordinates": [
          [
            [
              [124.2404, 8.2232],
              [124.2404, 8.2236],
              [124.2404, 8.224],
              [124.24, 8.2244],
              [124.2396, 8.2244],
              [124.2392, 8.2244],
              [124.2388, 8.2244],
              [124.2388, 8.2248],
              [124.2384, 8.2248],
              [124.2384, 8.2252],
              [124.2384, 8.2256],
              [124.2384, 8.226],
              [124.2384, 8.2264],
              [124.238, 8.2268],
              [124.2376, 8.2272],
              [124.2372, 8.2272],
              [124.2372, 8.2276],
              [124.2368, 8.2276],
              [124.2364, 8.2276],
              [124.2364, 8.228],
              [124.236, 8.228],
              [124.2352, 8.228],
              [124.2344, 8.228],
              [124.2344, 8.2276],
              [124.2352, 8.2276],
              [124.2356, 8.2276],
              [124.236, 8.2264],
              [124.2364, 8.2264],
              [124.2368, 8.2268],
              [124.2368, 8.2264],
              [124.2364, 8.2264],
              [124.2364, 8.226],
              [124.236, 8.226],
              [124.2356, 8.226],
              [124.2356, 8.2256],
              [124.2352, 8.2248],
              [124.2356, 8.2244],
              [124.236, 8.2244],
              [124.2364, 8.224],
              [124.2364, 8.2236],
              [124.2368, 8.2236],
              [124.2368, 8.2224],
              [124.2364, 8.2224],
              [124.2364, 8.222],
              [124.2364, 8.2216],
              [124.2368, 8.2212],
              [124.2368, 8.2208],
              [124.2372, 8.22],
              [124.2376, 8.22],
              [124.238, 8.22],
              [124.2388, 8.2196],
              [124.2392, 8.2196],
              [124.2396, 8.2192],
              [124.24, 8.2192],
              [124.2404, 8.2192],
              [124.2412, 8.2192],
              [124.2416, 8.2192],
              [124.242, 8.2192],
              [124.2424, 8.2192],
              [124.2424, 8.2188],
              [124.2436, 8.2188],
              [124.244, 8.2196],
              [124.2444, 8.2196],
              [124.2448, 8.22],
              [124.2452, 8.22],
              [124.2452, 8.2204],
              [124.246, 8.2204],
              [124.2464, 8.2204],
              [124.2468, 8.22],
              [124.2472, 8.22],
              [124.2476, 8.2196],
              [124.2476, 8.2192],
              [124.2476, 8.2188],
              [124.2472, 8.2184],
              [124.2468, 8.2176],
              [124.2468, 8.2172],
              [124.2468, 8.2168],
              [124.2472, 8.2168],
              [124.2472, 8.2164],
              [124.2472, 8.216],
              [124.2472, 8.2156],
              [124.2468, 8.2156],
              [124.2468, 8.2152],
              [124.2472, 8.2152],
              [124.2476, 8.2148],
              [124.248, 8.2148],
              [124.248, 8.2144],
              [124.2476, 8.2144],
              [124.2472, 8.2144],
              [124.2472, 8.214],
              [124.2468, 8.214],
              [124.2464, 8.214],
              [124.2464, 8.2136],
              [124.2464, 8.2132],
              [124.246, 8.2132],
              [124.246, 8.2128],
              [124.246, 8.2124],
              [124.2464, 8.212],
              [124.2464, 8.2112],
              [124.2468, 8.2112],
              [124.2464, 8.2104],
              [124.2464, 8.21],
              [124.2464, 8.2096],
              [124.2468, 8.2096],
              [124.2468, 8.2088],
              [124.2468, 8.2084],
              [124.2472, 8.2084],
              [124.2472, 8.2076],
              [124.248, 8.2076],
              [124.2484, 8.2076],
              [124.2488, 8.2076],
              [124.2488, 8.208],
              [124.2508, 8.2084],
              [124.2516, 8.2084],
              [124.252, 8.2084],
              [124.2516, 8.2084],
              [124.2516, 8.2088],
              [124.2512, 8.2088],
              [124.2516, 8.2092],
              [124.2508, 8.2092],
              [124.2508, 8.21],
              [124.2512, 8.21],
              [124.2504, 8.2108],
              [124.2504, 8.2112],
              [124.2516, 8.2108],
              [124.2516, 8.2112],
              [124.2512, 8.2116],
              [124.2508, 8.2116],
              [124.2508, 8.2112],
              [124.2504, 8.2112],
              [124.2504, 8.2116],
              [124.2504, 8.212],
              [124.2504, 8.2124],
              [124.2508, 8.2128],
              [124.2512, 8.2128],
              [124.2512, 8.2132],
              [124.2516, 8.2132],
              [124.2516, 8.2136],
              [124.2516, 8.214],
              [124.252, 8.214],
              [124.252, 8.2144],
              [124.2516, 8.2148],
              [124.2512, 8.2152],
              [124.2512, 8.2156],
              [124.2512, 8.216],
              [124.2508, 8.216],
              [124.2508, 8.2164],
              [124.2504, 8.2164],
              [124.25, 8.2168],
              [124.25, 8.2172],
              [124.2496, 8.2176],
              [124.2496, 8.218],
              [124.2504, 8.218],
              [124.2504, 8.2176],
              [124.2508, 8.218],
              [124.2512, 8.2184],
              [124.2516, 8.2184],
              [124.2516, 8.2176],
              [124.252, 8.2176],
              [124.2524, 8.2176],
              [124.2528, 8.2176],
              [124.2528, 8.218],
              [124.252, 8.218],
              [124.252, 8.2184],
              [124.2528, 8.2184],
              [124.2528, 8.2188],
              [124.2528, 8.2192],
              [124.2528, 8.2196],
              [124.2524, 8.2196],
              [124.2528, 8.22],
              [124.2528, 8.2204],
              [124.2524, 8.2204],
              [124.252, 8.2204],
              [124.2524, 8.2208],
              [124.2516, 8.2212],
              [124.2516, 8.2208],
              [124.2512, 8.2208],
              [124.2508, 8.2212],
              [124.2504, 8.2212],
              [124.25, 8.222],
              [124.2508, 8.222],
              [124.2512, 8.222],
              [124.2512, 8.2224],
              [124.2512, 8.2228],
              [124.2508, 8.2228],
              [124.2504, 8.2228],
              [124.2504, 8.2232],
              [124.25, 8.2232],
              [124.2496, 8.2232],
              [124.2492, 8.2232],
              [124.2492, 8.2236],
              [124.2488, 8.2236],
              [124.2488, 8.2244],
              [124.2484, 8.2248],
              [124.2476, 8.2248],
              [124.2472, 8.2248],
              [124.2464, 8.2244],
              [124.2464, 8.224],
              [124.246, 8.224],
              [124.246, 8.2236],
              [124.2456, 8.2236],
              [124.2456, 8.2232],
              [124.2444, 8.2224],
              [124.244, 8.2228],
              [124.2436, 8.2228],
              [124.2428, 8.222],
              [124.2428, 8.2224],
              [124.2424, 8.222],
              [124.2428, 8.2216],
              [124.2424, 8.222],
              [124.242, 8.222],
              [124.2412, 8.222],
              [124.2412, 8.2224],
              [124.2412, 8.2228],
              [124.2408, 8.2224],
              [124.2404, 8.2224],
              [124.2404, 8.2228],
              [124.2404, 8.2232]
            ],
            [
              [124.2496, 8.2088],
              [124.2496, 8.2084],
              [124.2492, 8.2084],
              [124.2488, 8.2092],
              [124.2492, 8.2092],
              [124.2492, 8.2096],
              [124.2492, 8.21],
              [124.2492, 8.2104],
              [124.2492, 8.2096],
              [124.2492, 8.2092],
              [124.2496, 8.2092],
              [124.2496, 8.2088]
            ],
            [
              [124.2432, 8.22],
              [124.2428, 8.2192],
              [124.2428, 8.22],
              [124.2432, 8.22]
            ],
            [
              [124.2424, 8.2204],
              [124.242, 8.2196],
              [124.2412, 8.2196],
              [124.2412, 8.22],
              [124.242, 8.22],
              [124.2424, 8.2204]
            ],
            [
              [124.2384, 8.222],
              [124.2384, 8.2216],
              [124.2388, 8.2216],
              [124.2392, 8.2212],
              [124.2392, 8.2216],
              [124.2392, 8.2208],
              [124.2396, 8.2208],
              [124.2392, 8.2208],
              [124.2388, 8.2208],
              [124.2384, 8.2212],
              [124.2384, 8.2216],
              [124.2384, 8.222]
            ]
          ],
          [
            [
              [124.2368, 8.2188],
              [124.2368, 8.2184],
              [124.2372, 8.2184],
              [124.2368, 8.2188]
            ]
          ],
          [
            [
              [124.2324, 8.218],
              [124.232, 8.218],
              [124.232, 8.2184],
              [124.2316, 8.2184],
              [124.2312, 8.2188],
              [124.2312, 8.2184],
              [124.2316, 8.2184],
              [124.232, 8.2176],
              [124.2324, 8.218]
            ]
          ],
          [
            [
              [124.24, 8.2188],
              [124.2392, 8.2192],
              [124.2392, 8.2188],
              [124.2396, 8.2188],
              [124.24, 8.2184],
              [124.24, 8.2188]
            ]
          ],
          [
            [
              [124.2576, 8.2208],
              [124.2572, 8.2208],
              [124.2572, 8.2204],
              [124.2576, 8.2204],
              [124.2576, 8.2208]
            ]
          ],
          [
            [
              [124.2616, 8.2228],
              [124.2612, 8.2228],
              [124.2608, 8.2228],
              [124.2604, 8.2228],
              [124.2596, 8.2228],
              [124.2592, 8.2228],
              [124.2592, 8.2224],
              [124.2604, 8.2224],
              [124.2608, 8.2224],
              [124.2612, 8.2224],
              [124.2616, 8.2228]
            ]
          ],
          [
            [
              [124.2656, 8.2244],
              [124.266, 8.2244],
              [124.266, 8.2252],
              [124.2664, 8.2252],
              [124.2664, 8.2256],
              [124.266, 8.2256],
              [124.2656, 8.2256],
              [124.2656, 8.2252],
              [124.2656, 8.2248],
              [124.2656, 8.2244]
            ]
          ],
          [
            [
              [124.2696, 8.2268],
              [124.2696, 8.2264],
              [124.2692, 8.226],
              [124.2688, 8.226],
              [124.2688, 8.2264],
              [124.2684, 8.2264],
              [124.268, 8.2264],
              [124.2676, 8.2264],
              [124.2672, 8.2264],
              [124.2668, 8.2264],
              [124.2664, 8.2264],
              [124.2664, 8.226],
              [124.2692, 8.226],
              [124.2696, 8.226],
              [124.27, 8.2264],
              [124.2696, 8.2264],
              [124.2696, 8.2268]
            ]
          ],
          [
            [
              [124.2668, 8.2332],
              [124.2664, 8.2336],
              [124.2664, 8.2332],
              [124.2668, 8.2332]
            ]
          ],
          [
            [
              [124.2524, 8.2372],
              [124.252, 8.2376],
              [124.252, 8.2384],
              [124.2512, 8.2384],
              [124.2508, 8.238],
              [124.2504, 8.238],
              [124.2504, 8.2372],
              [124.25, 8.2372],
              [124.25, 8.238],
              [124.25, 8.2372],
              [124.2496, 8.2372],
              [124.2492, 8.2368],
              [124.2496, 8.2364],
              [124.2492, 8.236],
              [124.2492, 8.2356],
              [124.2488, 8.2356],
              [124.2484, 8.2356],
              [124.2484, 8.2348],
              [124.2488, 8.2352],
              [124.2484, 8.2348],
              [124.248, 8.2344],
              [124.248, 8.234],
              [124.248, 8.2348],
              [124.2476, 8.2348],
              [124.2472, 8.2344],
              [124.2476, 8.2348],
              [124.2476, 8.2352],
              [124.2472, 8.2352],
              [124.2472, 8.2356],
              [124.2468, 8.2356],
              [124.2468, 8.2352],
              [124.2468, 8.2348],
              [124.2464, 8.2348],
              [124.2464, 8.2352],
              [124.246, 8.2356],
              [124.2456, 8.2356],
              [124.2456, 8.2352],
              [124.2452, 8.2356],
              [124.2448, 8.2356],
              [124.2448, 8.236],
              [124.2452, 8.2364],
              [124.2452, 8.2368],
              [124.2452, 8.2372],
              [124.2448, 8.2372],
              [124.2444, 8.2372],
              [124.2444, 8.2368],
              [124.244, 8.2368],
              [124.2444, 8.2364],
              [124.2444, 8.2356],
              [124.244, 8.2356],
              [124.2444, 8.2352],
              [124.2444, 8.2348],
              [124.2448, 8.2344],
              [124.2452, 8.2344],
              [124.2448, 8.234],
              [124.2452, 8.2336],
              [124.2452, 8.2332],
              [124.2456, 8.2332],
              [124.2456, 8.2328],
              [124.246, 8.2328],
              [124.2464, 8.2332],
              [124.2464, 8.2328],
              [124.246, 8.2328],
              [124.246, 8.2324],
              [124.2464, 8.2324],
              [124.2468, 8.2328],
              [124.2468, 8.2332],
              [124.2468, 8.2324],
              [124.2476, 8.2324],
              [124.2476, 8.232],
              [124.248, 8.232],
              [124.248, 8.2332],
              [124.2484, 8.2332],
              [124.248, 8.2336],
              [124.2484, 8.2336],
              [124.2484, 8.2332],
              [124.2484, 8.2328],
              [124.2492, 8.2328],
              [124.2492, 8.2332],
              [124.2496, 8.2332],
              [124.2496, 8.2336],
              [124.25, 8.234],
              [124.2496, 8.234],
              [124.25, 8.2348],
              [124.2492, 8.2352],
              [124.2496, 8.2356],
              [124.25, 8.236],
              [124.2504, 8.2364],
              [124.25, 8.2368],
              [124.2508, 8.2372],
              [124.2508, 8.2376],
              [124.2508, 8.238],
              [124.2512, 8.238],
              [124.2516, 8.238],
              [124.2516, 8.2376],
              [124.2516, 8.2372],
              [124.2516, 8.2368],
              [124.2516, 8.2364],
              [124.252, 8.236],
              [124.2524, 8.2356],
              [124.2528, 8.236],
              [124.2532, 8.2368],
              [124.2528, 8.2372],
              [124.2532, 8.2376],
              [124.2528, 8.238],
              [124.2528, 8.2376],
              [124.2524, 8.2372]
            ]
          ],
          [
            [
              [124.2664, 8.2348],
              [124.2664, 8.2344],
              [124.2664, 8.234],
              [124.2668, 8.234],
              [124.2668, 8.2344],
              [124.2664, 8.2344],
              [124.2664, 8.2348]
            ]
          ],
          [
            [
              [124.46, 8.2356],
              [124.4588, 8.2356],
              [124.4584, 8.2356],
              [124.4576, 8.2356],
              [124.4572, 8.2356],
              [124.4572, 8.2352],
              [124.4576, 8.2356],
              [124.458, 8.2356],
              [124.4584, 8.2356],
              [124.4588, 8.2356],
              [124.4596, 8.2356],
              [124.46, 8.2356]
            ]
          ],
          [
            [
              [124.4568, 8.236],
              [124.4564, 8.2356],
              [124.4568, 8.2356],
              [124.4568, 8.236]
            ]
          ],
          [
            [
              [124.2668, 8.2356],
              [124.2668, 8.236],
              [124.2668, 8.2364],
              [124.2668, 8.2368],
              [124.2664, 8.2368],
              [124.2664, 8.2372],
              [124.2664, 8.2376],
              [124.266, 8.2376],
              [124.266, 8.238],
              [124.266, 8.2384],
              [124.2656, 8.2388],
              [124.2656, 8.2392],
              [124.2656, 8.2388],
              [124.2656, 8.2384],
              [124.2656, 8.238],
              [124.266, 8.2376],
              [124.266, 8.2372],
              [124.2664, 8.2372],
              [124.2664, 8.2368],
              [124.2664, 8.2364],
              [124.2664, 8.236],
              [124.2668, 8.236],
              [124.2668, 8.2356]
            ]
          ],
          [
            [
              [124.254, 8.2376],
              [124.254, 8.238],
              [124.2536, 8.238],
              [124.2536, 8.2376],
              [124.254, 8.2372],
              [124.254, 8.2376]
            ]
          ],
          [
            [
              [124.2436, 8.2368],
              [124.2436, 8.2372],
              [124.2436, 8.2376],
              [124.2432, 8.2376],
              [124.2432, 8.2372],
              [124.2436, 8.2368]
            ]
          ],
          [
            [
              [124.2624, 8.238],
              [124.2624, 8.2384],
              [124.262, 8.2384],
              [124.262, 8.238],
              [124.2624, 8.238]
            ]
          ],
          [
            [
              [124.2656, 8.2392],
              [124.2656, 8.2396],
              [124.2652, 8.2396],
              [124.2652, 8.2392],
              [124.2656, 8.2392]
            ]
          ],
          [
            [
              [124.2788, 8.2412],
              [124.2784, 8.2408],
              [124.2788, 8.2408],
              [124.2788, 8.2412]
            ]
          ],
          [
            [
              [124.276, 8.2416],
              [124.2764, 8.242],
              [124.2764, 8.2424],
              [124.2764, 8.2428],
              [124.2764, 8.2424],
              [124.276, 8.2424],
              [124.276, 8.242],
              [124.276, 8.2416]
            ]
          ],
          [
            [
              [124.2728, 8.2428],
              [124.2724, 8.2428],
              [124.2724, 8.2424],
              [124.2728, 8.2424],
              [124.2728, 8.2428]
            ]
          ],
          [
            [
              [124.2796, 8.2424],
              [124.28, 8.2428],
              [124.2796, 8.2428],
              [124.2796, 8.2424]
            ]
          ],
          [
            [
              [124.2748, 8.244],
              [124.2748, 8.2444],
              [124.2744, 8.2444],
              [124.2744, 8.244],
              [124.2748, 8.244]
            ]
          ],
          [
            [
              [124.2772, 8.2444],
              [124.2776, 8.2444],
              [124.2776, 8.2448],
              [124.2772, 8.2444]
            ]
          ],
          [
            [
              [124.2844, 8.2456],
              [124.2844, 8.2452],
              [124.2844, 8.2448],
              [124.2848, 8.2448],
              [124.2844, 8.2452],
              [124.2844, 8.2456]
            ]
          ],
          [
            [
              [124.2596, 8.246],
              [124.2596, 8.2456],
              [124.26, 8.2456],
              [124.2604, 8.2456],
              [124.2608, 8.2456],
              [124.2608, 8.246],
              [124.2604, 8.2464],
              [124.26, 8.2464],
              [124.2596, 8.2464],
              [124.2596, 8.246]
            ]
          ],
          [
            [
              [124.262, 8.2548],
              [124.262, 8.2544],
              [124.2644, 8.2544],
              [124.2648, 8.2548],
              [124.2652, 8.2548],
              [124.2656, 8.2548],
              [124.266, 8.2548],
              [124.2664, 8.2552],
              [124.2668, 8.2552],
              [124.2672, 8.2552],
              [124.2672, 8.2556],
              [124.2676, 8.2556],
              [124.2676, 8.256],
              [124.268, 8.256],
              [124.2684, 8.256],
              [124.2684, 8.2564],
              [124.2688, 8.2564],
              [124.2692, 8.2564],
              [124.27, 8.2564],
              [124.2704, 8.2564],
              [124.2704, 8.2568],
              [124.2712, 8.2568],
              [124.2716, 8.2568],
              [124.2724, 8.2572],
              [124.2728, 8.2572],
              [124.2732, 8.2572],
              [124.2736, 8.2568],
              [124.2744, 8.2568],
              [124.2748, 8.2568],
              [124.2752, 8.2568],
              [124.2756, 8.2568],
              [124.2752, 8.2572],
              [124.2756, 8.2572],
              [124.276, 8.2576],
              [124.276, 8.258],
              [124.2764, 8.2584],
              [124.2764, 8.258],
              [124.2768, 8.258],
              [124.2772, 8.258],
              [124.2772, 8.2584],
              [124.2776, 8.2584],
              [124.278, 8.2584],
              [124.278, 8.2588],
              [124.2784, 8.2588],
              [124.2788, 8.2588],
              [124.2792, 8.2592],
              [124.2796, 8.2596],
              [124.28, 8.2596],
              [124.28, 8.26],
              [124.2804, 8.26],
              [124.2808, 8.26],
              [124.2808, 8.2604],
              [124.2812, 8.2604],
              [124.2816, 8.2604],
              [124.282, 8.2604],
              [124.2824, 8.2608],
              [124.2828, 8.2608],
              [124.2832, 8.2608],
              [124.2836, 8.2608],
              [124.2836, 8.2612],
              [124.284, 8.2612],
              [124.2844, 8.2612],
              [124.2844, 8.2616],
              [124.2844, 8.262],
              [124.2848, 8.262],
              [124.2852, 8.262],
              [124.2852, 8.2624],
              [124.2852, 8.2628],
              [124.2852, 8.2632],
              [124.2852, 8.264],
              [124.2848, 8.2636],
              [124.2844, 8.2636],
              [124.2844, 8.2644],
              [124.2844, 8.2648],
              [124.2844, 8.2652],
              [124.2848, 8.2652],
              [124.2848, 8.2656],
              [124.2848, 8.266],
              [124.2852, 8.266],
              [124.2852, 8.2668],
              [124.2844, 8.2672],
              [124.284, 8.2676],
              [124.284, 8.2672],
              [124.284, 8.2668],
              [124.284, 8.2664],
              [124.2836, 8.2664],
              [124.2836, 8.266],
              [124.2828, 8.2652],
              [124.2828, 8.2648],
              [124.2824, 8.2648],
              [124.2824, 8.2644],
              [124.282, 8.2644],
              [124.2816, 8.264],
              [124.2812, 8.2632],
              [124.2808, 8.2632],
              [124.2808, 8.2628],
              [124.2804, 8.2628],
              [124.2804, 8.262],
              [124.28, 8.2616],
              [124.2796, 8.2612],
              [124.2792, 8.2608],
              [124.2788, 8.2608],
              [124.278, 8.2604],
              [124.2776, 8.2604],
              [124.2776, 8.26],
              [124.2772, 8.26],
              [124.2776, 8.2604],
              [124.2776, 8.2608],
              [124.2772, 8.2612],
              [124.2768, 8.2612],
              [124.276, 8.2612],
              [124.276, 8.2608],
              [124.276, 8.2604],
              [124.2756, 8.2604],
              [124.2756, 8.26],
              [124.2756, 8.2592],
              [124.2752, 8.2592],
              [124.2748, 8.2592],
              [124.2744, 8.2588],
              [124.274, 8.2588],
              [124.2736, 8.2592],
              [124.2724, 8.2592],
              [124.272, 8.2596],
              [124.2716, 8.2592],
              [124.2712, 8.2592],
              [124.2708, 8.2588],
              [124.2708, 8.2592],
              [124.2704, 8.2592],
              [124.2704, 8.2588],
              [124.27, 8.2584],
              [124.2696, 8.2584],
              [124.2696, 8.2588],
              [124.2692, 8.2588],
              [124.2688, 8.2588],
              [124.2684, 8.2592],
              [124.2684, 8.2588],
              [124.268, 8.2588],
              [124.268, 8.2584],
              [124.268, 8.258],
              [124.2676, 8.258],
              [124.2672, 8.2576],
              [124.2664, 8.2572],
              [124.2652, 8.2568],
              [124.2648, 8.2568],
              [124.2648, 8.2564],
              [124.2644, 8.2564],
              [124.264, 8.2564],
              [124.2636, 8.2564],
              [124.2636, 8.2568],
              [124.2628, 8.2564],
              [124.2616, 8.2564],
              [124.2616, 8.256],
              [124.2612, 8.256],
              [124.2612, 8.2556],
              [124.2604, 8.2556],
              [124.26, 8.2556],
              [124.2596, 8.2556],
              [124.2596, 8.2552],
              [124.2592, 8.2552],
              [124.2588, 8.2552],
              [124.258, 8.2548],
              [124.2576, 8.2548],
              [124.2576, 8.2552],
              [124.2576, 8.2548],
              [124.2572, 8.2548],
              [124.2568, 8.2548],
              [124.2568, 8.2544],
              [124.2564, 8.2544],
              [124.2564, 8.254],
              [124.2556, 8.254],
              [124.2556, 8.2536],
              [124.2548, 8.2536],
              [124.254, 8.2536],
              [124.2536, 8.254],
              [124.2536, 8.2544],
              [124.2536, 8.2548],
              [124.2536, 8.2552],
              [124.254, 8.2556],
              [124.2544, 8.2556],
              [124.2544, 8.256],
              [124.2548, 8.256],
              [124.2548, 8.2564],
              [124.2548, 8.2572],
              [124.2552, 8.2572],
              [124.2556, 8.2568],
              [124.2556, 8.2572],
              [124.2556, 8.2576],
              [124.2556, 8.258],
              [124.2552, 8.258],
              [124.2552, 8.2588],
              [124.2552, 8.2592],
              [124.2548, 8.2588],
              [124.2544, 8.2588],
              [124.2548, 8.2592],
              [124.2548, 8.2596],
              [124.2544, 8.26],
              [124.2544, 8.2604],
              [124.2544, 8.2608],
              [124.2544, 8.2612],
              [124.254, 8.2616],
              [124.254, 8.262],
              [124.254, 8.2624],
              [124.2536, 8.2628],
              [124.2536, 8.2632],
              [124.2532, 8.2636],
              [124.2528, 8.2636],
              [124.2528, 8.2644],
              [124.2528, 8.2648],
              [124.2528, 8.2636],
              [124.2524, 8.2636],
              [124.2524, 8.2628],
              [124.2524, 8.2624],
              [124.2532, 8.262],
              [124.2532, 8.2616],
              [124.2532, 8.2612],
              [124.2536, 8.26],
              [124.2536, 8.2588],
              [124.2536, 8.2584],
              [124.2532, 8.258],
              [124.2532, 8.2572],
              [124.2528, 8.2568],
              [124.2528, 8.2564],
              [124.2528, 8.256],
              [124.2528, 8.2556],
              [124.2528, 8.2544],
              [124.2532, 8.2544],
              [124.2532, 8.254],
              [124.2532, 8.2528],
              [124.2532, 8.2524],
              [124.2536, 8.2524],
              [124.2536, 8.252],
              [124.2536, 8.2516],
              [124.2536, 8.2512],
              [124.2532, 8.2508],
              [124.2524, 8.2508],
              [124.2524, 8.2512],
              [124.2516, 8.2512],
              [124.2512, 8.2516],
              [124.2508, 8.2524],
              [124.2512, 8.2528],
              [124.2504, 8.2528],
              [124.25, 8.2532],
              [124.25, 8.254],
              [124.25, 8.2544],
              [124.2496, 8.2544],
              [124.2496, 8.2548],
              [124.2496, 8.2552],
              [124.2492, 8.2552],
              [124.2492, 8.2556],
              [124.2488, 8.2556],
              [124.2484, 8.256],
              [124.248, 8.2564],
              [124.2476, 8.256],
              [124.2464, 8.256],
              [124.246, 8.2556],
              [124.2452, 8.2556],
              [124.2456, 8.2556],
              [124.2456, 8.2552],
              [124.2456, 8.2548],
              [124.246, 8.2544],
              [124.2464, 8.2544],
              [124.2468, 8.2544],
              [124.2468, 8.2536],
              [124.2476, 8.254],
              [124.2476, 8.2536],
              [124.2484, 8.2536],
              [124.2488, 8.2532],
              [124.2492, 8.252],
              [124.25, 8.2512],
              [124.25, 8.2508],
              [124.2504, 8.2508],
              [124.2508, 8.2508],
              [124.2508, 8.2504],
              [124.2512, 8.2504],
              [124.2516, 8.25],
              [124.2516, 8.2496],
              [124.252, 8.2496],
              [124.252, 8.2492],
              [124.2524, 8.2488],
              [124.2524, 8.2484],
              [124.2524, 8.248],
              [124.2528, 8.248],
              [124.2528, 8.2476],
              [124.2532, 8.248],
              [124.2536, 8.248],
              [124.2536, 8.2476],
              [124.254, 8.2472],
              [124.2544, 8.2468],
              [124.2548, 8.2468],
              [124.2548, 8.2464],
              [124.2552, 8.2464],
              [124.2556, 8.2464],
              [124.256, 8.2464],
              [124.2572, 8.2464],
              [124.2564, 8.2464],
              [124.2564, 8.2468],
              [124.2556, 8.2468],
              [124.2552, 8.2472],
              [124.2552, 8.2476],
              [124.2548, 8.2476],
              [124.2548, 8.248],
              [124.2544, 8.2484],
              [124.2544, 8.2488],
              [124.2536, 8.2492],
              [124.2536, 8.25],
              [124.254, 8.25],
              [124.2548, 8.25],
              [124.256, 8.2496],
              [124.2564, 8.25],
              [124.256, 8.25],
              [124.256, 8.2504],
              [124.2564, 8.25],
              [124.2568, 8.25],
              [124.2568, 8.2504],
              [124.2572, 8.2504],
              [124.2572, 8.2508],
              [124.2576, 8.2512],
              [124.258, 8.2512],
              [124.2584, 8.2512],
              [124.2588, 8.2512],
              [124.2592, 8.2512],
              [124.2592, 8.252],
              [124.2588, 8.2516],
              [124.2588, 8.252],
              [124.2592, 8.2524],
              [124.2596, 8.2528],
              [124.2596, 8.2536],
              [124.2596, 8.254],
              [124.26, 8.254],
              [124.2604, 8.2544],
              [124.2604, 8.2548],
              [124.2608, 8.2544],
              [124.2608, 8.2548],
              [124.262, 8.2548]
            ],
            [
              [124.276, 8.2592],
              [124.276, 8.2596],
              [124.2764, 8.2596],
              [124.276, 8.2592]
            ],
            [
              [124.2532, 8.2484],
              [124.2532, 8.2488],
              [124.2528, 8.2492],
              [124.2528, 8.2496],
              [124.2532, 8.25],
              [124.2536, 8.2496],
              [124.2536, 8.2488],
              [124.2536, 8.2484],
              [124.2532, 8.2484]
            ],
            [
              [124.2552, 8.2512],
              [124.2552, 8.2508],
              [124.2548, 8.2508],
              [124.2548, 8.2512],
              [124.2552, 8.2512]
            ],
            [
              [124.2584, 8.2516],
              [124.2576, 8.2516],
              [124.258, 8.252],
              [124.2584, 8.2516]
            ],
            [
              [124.2584, 8.2536],
              [124.2584, 8.2532],
              [124.258, 8.2528],
              [124.258, 8.2532],
              [124.2584, 8.2536]
            ],
            [
              [124.2536, 8.2564],
              [124.2532, 8.2564],
              [124.2536, 8.2572],
              [124.2536, 8.2568],
              [124.2536, 8.2564]
            ]
          ],
          [
            [
              [124.4592, 8.248],
              [124.4588, 8.248],
              [124.4588, 8.2476],
              [124.4592, 8.248]
            ]
          ],
          [
            [
              [124.2788, 8.2484],
              [124.2784, 8.2484],
              [124.278, 8.2484],
              [124.278, 8.248],
              [124.2776, 8.248],
              [124.2772, 8.248],
              [124.2776, 8.248],
              [124.278, 8.248],
              [124.2784, 8.248],
              [124.2788, 8.248],
              [124.2788, 8.2484]
            ]
          ],
          [
            [
              [124.2768, 8.248],
              [124.2764, 8.248],
              [124.276, 8.248],
              [124.276, 8.2484],
              [124.2748, 8.2484],
              [124.2744, 8.2484],
              [124.2744, 8.248],
              [124.2748, 8.248],
              [124.2756, 8.248],
              [124.276, 8.248],
              [124.2764, 8.248],
              [124.2768, 8.248]
            ]
          ],
          [
            [
              [124.2736, 8.248],
              [124.2732, 8.2484],
              [124.2732, 8.248],
              [124.2736, 8.248]
            ]
          ],
          [
            [
              [124.2732, 8.2484],
              [124.2728, 8.2484],
              [124.2732, 8.248],
              [124.2732, 8.2484]
            ]
          ],
          [
            [
              [124.2452, 8.2484],
              [124.2452, 8.248],
              [124.2456, 8.2484],
              [124.2452, 8.2484]
            ]
          ],
          [
            [
              [124.2624, 8.2492],
              [124.2616, 8.2496],
              [124.2616, 8.2492],
              [124.2612, 8.2492],
              [124.262, 8.2484],
              [124.2624, 8.2488],
              [124.2628, 8.2488],
              [124.2624, 8.2492]
            ]
          ],
          [
            [
              [124.2652, 8.2524],
              [124.2644, 8.252],
              [124.2644, 8.2516],
              [124.264, 8.2516],
              [124.264, 8.2512],
              [124.2632, 8.2512],
              [124.2624, 8.2512],
              [124.262, 8.2516],
              [124.2616, 8.2516],
              [124.2616, 8.2512],
              [124.2616, 8.2508],
              [124.2616, 8.2504],
              [124.262, 8.25],
              [124.2624, 8.2504],
              [124.2632, 8.2504],
              [124.2636, 8.2508],
              [124.264, 8.2508],
              [124.2644, 8.2512],
              [124.2644, 8.2516],
              [124.2648, 8.2516],
              [124.2656, 8.2516],
              [124.2656, 8.2512],
              [124.2664, 8.2512],
              [124.2664, 8.2508],
              [124.2672, 8.2508],
              [124.2676, 8.2508],
              [124.268, 8.2508],
              [124.2672, 8.2512],
              [124.2668, 8.2512],
              [124.2664, 8.2516],
              [124.266, 8.252],
              [124.2656, 8.252],
              [124.2652, 8.252],
              [124.2652, 8.2524]
            ]
          ],
          [
            [
              [124.284, 8.2504],
              [124.2836, 8.2504],
              [124.2836, 8.25],
              [124.284, 8.25],
              [124.284, 8.2504]
            ]
          ],
          [
            [
              [124.2844, 8.2508],
              [124.284, 8.2508],
              [124.284, 8.2504],
              [124.2844, 8.2508]
            ]
          ],
          [
            [
              [124.2852, 8.2512],
              [124.2848, 8.2512],
              [124.2848, 8.2508],
              [124.2852, 8.2508],
              [124.2852, 8.2512]
            ]
          ],
          [
            [
              [124.2784, 8.2532],
              [124.2784, 8.2536],
              [124.278, 8.2536],
              [124.278, 8.2532],
              [124.2784, 8.2532]
            ]
          ],
          [
            [
              [124.2768, 8.256],
              [124.2764, 8.256],
              [124.2764, 8.2556],
              [124.2768, 8.2556],
              [124.2768, 8.256]
            ]
          ],
          [
            [
              [124.2576, 8.2568],
              [124.2572, 8.2564],
              [124.2576, 8.2564],
              [124.2576, 8.2568]
            ]
          ],
          [
            [
              [124.2852, 8.2568],
              [124.2852, 8.2572],
              [124.2848, 8.2572],
              [124.2848, 8.2568],
              [124.2844, 8.2568],
              [124.2848, 8.2568],
              [124.2852, 8.2568]
            ]
          ],
          [
            [
              [124.2604, 8.2572],
              [124.26, 8.2576],
              [124.26, 8.2584],
              [124.2604, 8.2588],
              [124.2604, 8.2592],
              [124.26, 8.2592],
              [124.2596, 8.2592],
              [124.2592, 8.2588],
              [124.2584, 8.2584],
              [124.2584, 8.258],
              [124.2588, 8.258],
              [124.2592, 8.258],
              [124.2592, 8.2576],
              [124.2596, 8.2572],
              [124.2596, 8.2568],
              [124.2604, 8.2572]
            ]
          ],
          [
            [
              [124.2616, 8.2572],
              [124.262, 8.2576],
              [124.2612, 8.2576],
              [124.2608, 8.2576],
              [124.2604, 8.2572],
              [124.2608, 8.2568],
              [124.2612, 8.2572],
              [124.2616, 8.2572]
            ]
          ],
          [
            [
              [124.274, 8.2608],
              [124.2744, 8.2608],
              [124.2744, 8.2612],
              [124.2744, 8.262],
              [124.2748, 8.262],
              [124.2752, 8.262],
              [124.2756, 8.2616],
              [124.276, 8.2624],
              [124.276, 8.2628],
              [124.2756, 8.2628],
              [124.2756, 8.2624],
              [124.2752, 8.2624],
              [124.2748, 8.2624],
              [124.2744, 8.2624],
              [124.2744, 8.262],
              [124.274, 8.262],
              [124.274, 8.2616],
              [124.2736, 8.2616],
              [124.274, 8.2608]
            ]
          ],
          [
            [
              [124.2632, 8.2616],
              [124.2636, 8.2616],
              [124.264, 8.2616],
              [124.2644, 8.2616],
              [124.2648, 8.2616],
              [124.2652, 8.262],
              [124.2648, 8.262],
              [124.2644, 8.262],
              [124.264, 8.262],
              [124.2636, 8.262],
              [124.2636, 8.2616],
              [124.2632, 8.2616]
            ]
          ],
          [
            [
              [124.2568, 8.2636],
              [124.2568, 8.264],
              [124.2568, 8.2644],
              [124.2568, 8.2648],
              [124.2564, 8.2648],
              [124.256, 8.2644],
              [124.256, 8.264],
              [124.2556, 8.2636],
              [124.2568, 8.2636]
            ]
          ],
          [
            [
              [124.2772, 8.2664],
              [124.2772, 8.266],
              [124.2776, 8.266],
              [124.2776, 8.2664],
              [124.2772, 8.2664]
            ]
          ],
          [
            [
              [124.2652, 8.266],
              [124.2652, 8.2664],
              [124.2648, 8.2664],
              [124.2648, 8.266],
              [124.2652, 8.266]
            ]
          ],
          [
            [
              [124.276, 8.2672],
              [124.2756, 8.2676],
              [124.2756, 8.2672],
              [124.276, 8.2672]
            ]
          ],
          [
            [
              [124.2756, 8.2676],
              [124.2752, 8.2676],
              [124.2752, 8.268],
              [124.2752, 8.2684],
              [124.2744, 8.2684],
              [124.2744, 8.2688],
              [124.2732, 8.2688],
              [124.2736, 8.2688],
              [124.2736, 8.2684],
              [124.274, 8.2684],
              [124.2744, 8.268],
              [124.2748, 8.268],
              [124.2748, 8.2676],
              [124.2752, 8.2676],
              [124.2756, 8.2676]
            ]
          ],
          [
            [
              [124.3748, 8.3148],
              [124.3744, 8.3152],
              [124.3744, 8.3148],
              [124.374, 8.3148],
              [124.3736, 8.3148],
              [124.3732, 8.3148],
              [124.3728, 8.3148],
              [124.3724, 8.3148],
              [124.372, 8.3148],
              [124.3716, 8.3148],
              [124.3712, 8.3148],
              [124.3712, 8.3152],
              [124.3712, 8.3156],
              [124.3716, 8.3156],
              [124.3716, 8.316],
              [124.372, 8.316],
              [124.372, 8.3164],
              [124.3724, 8.3164],
              [124.3728, 8.3164],
              [124.3732, 8.3164],
              [124.3732, 8.3168],
              [124.3736, 8.3172],
              [124.374, 8.3172],
              [124.3744, 8.3172],
              [124.3744, 8.3176],
              [124.3748, 8.3176],
              [124.3752, 8.3176],
              [124.3756, 8.318],
              [124.3764, 8.318],
              [124.3768, 8.318],
              [124.3772, 8.318],
              [124.3776, 8.3184],
              [124.3776, 8.318],
              [124.378, 8.318],
              [124.3784, 8.318],
              [124.3788, 8.318],
              [124.3792, 8.318],
              [124.3784, 8.3184],
              [124.378, 8.3184],
              [124.3772, 8.3184],
              [124.3768, 8.3184],
              [124.3768, 8.318],
              [124.3764, 8.318],
              [124.376, 8.318],
              [124.376, 8.3184],
              [124.3756, 8.3184],
              [124.3756, 8.318],
              [124.3752, 8.318],
              [124.3748, 8.318],
              [124.3748, 8.3176],
              [124.3744, 8.3176],
              [124.374, 8.3176],
              [124.3736, 8.318],
              [124.3732, 8.318],
              [124.3728, 8.3184],
              [124.3728, 8.3188],
              [124.3736, 8.3192],
              [124.3732, 8.3196],
              [124.3732, 8.3192],
              [124.3728, 8.3192],
              [124.3728, 8.3188],
              [124.3724, 8.3188],
              [124.3724, 8.3184],
              [124.3724, 8.318],
              [124.3728, 8.318],
              [124.3732, 8.318],
              [124.3732, 8.3176],
              [124.3728, 8.3172],
              [124.3728, 8.3168],
              [124.3724, 8.3168],
              [124.372, 8.3168],
              [124.3716, 8.3164],
              [124.3712, 8.316],
              [124.3708, 8.316],
              [124.3708, 8.3156],
              [124.3708, 8.3152],
              [124.3708, 8.3148],
              [124.3712, 8.3148],
              [124.3716, 8.3144],
              [124.372, 8.3144],
              [124.3728, 8.3144],
              [124.3732, 8.3144],
              [124.3732, 8.314],
              [124.3724, 8.3132],
              [124.372, 8.3132],
              [124.372, 8.3128],
              [124.3716, 8.3128],
              [124.3712, 8.3128],
              [124.3704, 8.3128],
              [124.37, 8.3124],
              [124.3696, 8.3124],
              [124.3692, 8.3124],
              [124.3692, 8.312],
              [124.3688, 8.312],
              [124.3688, 8.3124],
              [124.3684, 8.3128],
              [124.3684, 8.3132],
              [124.368, 8.3136],
              [124.368, 8.314],
              [124.368, 8.3148],
              [124.368, 8.3144],
              [124.368, 8.314],
              [124.368, 8.3136],
              [124.368, 8.3132],
              [124.3684, 8.3128],
              [124.3684, 8.3124],
              [124.3688, 8.312],
              [124.3688, 8.3116],
              [124.3684, 8.3116],
              [124.3684, 8.3112],
              [124.3676, 8.3112],
              [124.3672, 8.3112],
              [124.3668, 8.3108],
              [124.3668, 8.3104],
              [124.3664, 8.3104],
              [124.3664, 8.31],
              [124.3664, 8.3096],
              [124.3664, 8.3092],
              [124.3664, 8.3088],
              [124.3664, 8.3084],
              [124.3664, 8.308],
              [124.3664, 8.3076],
              [124.3664, 8.3072],
              [124.3668, 8.3072],
              [124.3668, 8.3068],
              [124.3668, 8.3064],
              [124.3664, 8.3064],
              [124.3664, 8.306],
              [124.3664, 8.3056],
              [124.366, 8.3052],
              [124.3664, 8.3048],
              [124.3664, 8.3044],
              [124.3664, 8.304],
              [124.3664, 8.3036],
              [124.366, 8.3032],
              [124.366, 8.3024],
              [124.366, 8.302],
              [124.3656, 8.302],
              [124.3656, 8.3016],
              [124.3652, 8.3016],
              [124.3648, 8.3012],
              [124.3648, 8.3008],
              [124.3636, 8.3004],
              [124.3632, 8.3],
              [124.3624, 8.2988],
              [124.362, 8.2988],
              [124.3616, 8.2988],
              [124.3608, 8.2984],
              [124.3604, 8.298],
              [124.3596, 8.2976],
              [124.3592, 8.2976],
              [124.3588, 8.2976],
              [124.3584, 8.2972],
              [124.358, 8.2972],
              [124.3576, 8.2968],
              [124.3572, 8.2968],
              [124.3568, 8.2968],
              [124.3564, 8.2968],
              [124.3564, 8.2964],
              [124.356, 8.296],
              [124.356, 8.2956],
              [124.3552, 8.2956],
              [124.3552, 8.296],
              [124.3548, 8.296],
              [124.3548, 8.2964],
              [124.3544, 8.2964],
              [124.354, 8.2964],
              [124.3536, 8.296],
              [124.3532, 8.296],
              [124.3528, 8.296],
              [124.3524, 8.296],
              [124.3524, 8.2956],
              [124.352, 8.2956],
              [124.352, 8.2948],
              [124.352, 8.2944],
              [124.352, 8.294],
              [124.352, 8.2936],
              [124.3516, 8.2932],
              [124.3504, 8.2928],
              [124.3504, 8.2924],
              [124.35, 8.2924],
              [124.3496, 8.292],
              [124.3492, 8.2916],
              [124.3488, 8.2916],
              [124.3484, 8.2916],
              [124.348, 8.2912],
              [124.3476, 8.2912],
              [124.3472, 8.2912],
              [124.3472, 8.2916],
              [124.3468, 8.292],
              [124.3468, 8.2916],
              [124.3472, 8.2912],
              [124.3476, 8.2912],
              [124.3476, 8.2908],
              [124.348, 8.2908],
              [124.348, 8.29],
              [124.348, 8.2896],
              [124.348, 8.2892],
              [124.3476, 8.2892],
              [124.3476, 8.2888],
              [124.3468, 8.2884],
              [124.3468, 8.288],
              [124.3468, 8.2876],
              [124.3472, 8.2872],
              [124.3476, 8.2872],
              [124.3476, 8.2868],
              [124.348, 8.2868],
              [124.348, 8.2864],
              [124.348, 8.286],
              [124.3476, 8.2856],
              [124.3476, 8.2852],
              [124.3476, 8.2848],
              [124.3472, 8.2848],
              [124.3472, 8.2844],
              [124.3472, 8.284],
              [124.3472, 8.2836],
              [124.3484, 8.2836],
              [124.3488, 8.2836],
              [124.3488, 8.2832],
              [124.3492, 8.2832],
              [124.3492, 8.2828],
              [124.3488, 8.2824],
              [124.3484, 8.2824],
              [124.348, 8.2824],
              [124.3472, 8.2824],
              [124.3468, 8.282],
              [124.3468, 8.2812],
              [124.3468, 8.2808],
              [124.3472, 8.2804],
              [124.3472, 8.28],
              [124.348, 8.28],
              [124.348, 8.2796],
              [124.348, 8.2792],
              [124.3476, 8.2788],
              [124.3476, 8.2784],
              [124.3476, 8.278],
              [124.348, 8.2776],
              [124.3488, 8.2776],
              [124.3488, 8.2772],
              [124.3488, 8.2768],
              [124.3484, 8.2768],
              [124.3484, 8.2764],
              [124.3484, 8.276],
              [124.348, 8.276],
              [124.3476, 8.276],
              [124.3476, 8.2764],
              [124.3472, 8.2764],
              [124.3472, 8.2776],
              [124.3464, 8.2776],
              [124.346, 8.2776],
              [124.3456, 8.2776],
              [124.3452, 8.278],
              [124.3448, 8.278],
              [124.3444, 8.278],
              [124.344, 8.278],
              [124.3436, 8.278],
              [124.3432, 8.278],
              [124.3432, 8.2776],
              [124.3432, 8.2768],
              [124.3432, 8.2764],
              [124.3432, 8.276],
              [124.3428, 8.276],
              [124.3424, 8.276],
              [124.3424, 8.2756],
              [124.342, 8.2756],
              [124.3412, 8.2756],
              [124.3412, 8.2752],
              [124.3416, 8.2752],
              [124.342, 8.2752],
              [124.3424, 8.2752],
              [124.3424, 8.2756],
              [124.3432, 8.2756],
              [124.3436, 8.2756],
              [124.344, 8.2756],
              [124.344, 8.276],
              [124.3436, 8.276],
              [124.3432, 8.276],
              [124.3436, 8.2768],
              [124.3436, 8.2772],
              [124.344, 8.2772],
              [124.344, 8.2776],
              [124.3444, 8.2776],
              [124.3448, 8.2776],
              [124.3456, 8.2772],
              [124.3464, 8.2772],
              [124.3464, 8.2768],
              [124.3468, 8.2768],
              [124.3472, 8.2768],
              [124.3472, 8.2764],
              [124.3472, 8.276],
              [124.3472, 8.2756],
              [124.3476, 8.2756],
              [124.348, 8.2756],
              [124.3484, 8.2756],
              [124.3488, 8.276],
              [124.3488, 8.2764],
              [124.3488, 8.2768],
              [124.3496, 8.2768],
              [124.3496, 8.2764],
              [124.35, 8.2764],
              [124.35, 8.276],
              [124.3504, 8.276],
              [124.3504, 8.2756],
              [124.3508, 8.2756],
              [124.3512, 8.2756],
              [124.3516, 8.2752],
              [124.3516, 8.2744],
              [124.352, 8.2744],
              [124.3524, 8.2744],
              [124.3524, 8.2748],
              [124.3528, 8.2748],
              [124.3528, 8.2744],
              [124.3532, 8.2744],
              [124.3532, 8.274],
              [124.3536, 8.274],
              [124.354, 8.274],
              [124.354, 8.2736],
              [124.354, 8.2732],
              [124.3544, 8.2732],
              [124.3544, 8.2728],
              [124.3548, 8.2724],
              [124.3556, 8.272],
              [124.356, 8.272],
              [124.356, 8.2716],
              [124.3564, 8.2716],
              [124.3568, 8.2716],
              [124.3568, 8.2712],
              [124.3572, 8.2712],
              [124.3576, 8.2712],
              [124.358, 8.2708],
              [124.358, 8.2704],
              [124.3584, 8.27],
              [124.3584, 8.2696],
              [124.3584, 8.2692],
              [124.358, 8.2692],
              [124.358, 8.2688],
              [124.358, 8.2684],
              [124.358, 8.268],
              [124.3584, 8.268],
              [124.3584, 8.2684],
              [124.3584, 8.2688],
              [124.3584, 8.2692],
              [124.3584, 8.2696],
              [124.3584, 8.27],
              [124.3584, 8.2704],
              [124.358, 8.2708],
              [124.358, 8.2712],
              [124.358, 8.2716],
              [124.3588, 8.2716],
              [124.3592, 8.2716],
              [124.3596, 8.2716],
              [124.3604, 8.2716],
              [124.36, 8.2716],
              [124.3596, 8.2716],
              [124.3588, 8.2716],
              [124.3584, 8.272],
              [124.358, 8.2716],
              [124.3576, 8.2716],
              [124.3576, 8.2712],
              [124.3572, 8.2712],
              [124.3568, 8.2716],
              [124.3564, 8.272],
              [124.356, 8.272],
              [124.3556, 8.272],
              [124.3556, 8.2724],
              [124.3552, 8.2724],
              [124.3548, 8.2724],
              [124.3548, 8.2728],
              [124.3544, 8.2732],
              [124.3544, 8.2736],
              [124.3544, 8.274],
              [124.3548, 8.274],
              [124.3548, 8.2744],
              [124.3552, 8.2744],
              [124.3556, 8.2744],
              [124.356, 8.2744],
              [124.3564, 8.2744],
              [124.3568, 8.2744],
              [124.3572, 8.2744],
              [124.3572, 8.2748],
              [124.3576, 8.2752],
              [124.358, 8.2756],
              [124.3588, 8.2756],
              [124.3592, 8.2756],
              [124.3596, 8.2756],
              [124.3584, 8.2756],
              [124.358, 8.2756],
              [124.3576, 8.2756],
              [124.3572, 8.2752],
              [124.3568, 8.2748],
              [124.3568, 8.2744],
              [124.3564, 8.2744],
              [124.3564, 8.2748],
              [124.356, 8.2748],
              [124.3556, 8.2748],
              [124.3552, 8.2744],
              [124.3548, 8.2744],
              [124.3544, 8.2744],
              [124.3536, 8.2744],
              [124.3532, 8.2744],
              [124.3528, 8.2748],
              [124.3524, 8.2748],
              [124.352, 8.2748],
              [124.352, 8.2752],
              [124.3516, 8.2756],
              [124.3512, 8.2756],
              [124.3512, 8.276],
              [124.3508, 8.276],
              [124.3504, 8.276],
              [124.3504, 8.2764],
              [124.35, 8.2768],
              [124.3496, 8.2768],
              [124.3496, 8.2772],
              [124.3496, 8.2776],
              [124.3496, 8.278],
              [124.3492, 8.278],
              [124.3492, 8.2784],
              [124.3484, 8.2784],
              [124.348, 8.2784],
              [124.348, 8.2788],
              [124.3484, 8.2792],
              [124.3484, 8.28],
              [124.3488, 8.2804],
              [124.3492, 8.2804],
              [124.3496, 8.2804],
              [124.3504, 8.2804],
              [124.3508, 8.28],
              [124.3516, 8.28],
              [124.3516, 8.2804],
              [124.352, 8.2804],
              [124.3524, 8.2808],
              [124.3524, 8.2812],
              [124.3528, 8.2812],
              [124.3532, 8.2812],
              [124.3536, 8.2816],
              [124.354, 8.2816],
              [124.354, 8.2812],
              [124.3544, 8.2812],
              [124.3548, 8.2812],
              [124.3552, 8.2812],
              [124.3556, 8.2816],
              [124.3556, 8.282],
              [124.3564, 8.282],
              [124.3572, 8.282],
              [124.3576, 8.282],
              [124.3576, 8.2824],
              [124.358, 8.2828],
              [124.3584, 8.2828],
              [124.3584, 8.2832],
              [124.3588, 8.2832],
              [124.3588, 8.2836],
              [124.3592, 8.2836],
              [124.3596, 8.2836],
              [124.36, 8.2836],
              [124.36, 8.284],
              [124.3604, 8.284],
              [124.36, 8.284],
              [124.36, 8.2844],
              [124.3604, 8.2848],
              [124.3608, 8.2848],
              [124.3604, 8.2848],
              [124.36, 8.2848],
              [124.36, 8.2844],
              [124.36, 8.284],
              [124.3596, 8.284],
              [124.3592, 8.284],
              [124.3588, 8.284],
              [124.3588, 8.2836],
              [124.3584, 8.2836],
              [124.3584, 8.2832],
              [124.358, 8.2832],
              [124.3576, 8.2828],
              [124.3572, 8.2824],
              [124.3568, 8.2824],
              [124.3568, 8.282],
              [124.3564, 8.282],
              [124.3556, 8.282],
              [124.3552, 8.282],
              [124.3552, 8.2816],
              [124.3548, 8.2816],
              [124.3548, 8.2812],
              [124.3544, 8.2812],
              [124.3544, 8.2816],
              [124.354, 8.2816],
              [124.3536, 8.2816],
              [124.3532, 8.2816],
              [124.3532, 8.2812],
              [124.3528, 8.2812],
              [124.3524, 8.2812],
              [124.352, 8.2808],
              [124.352, 8.2804],
              [124.3516, 8.2804],
              [124.3512, 8.2804],
              [124.3508, 8.2804],
              [124.3504, 8.2804],
              [124.3496, 8.2804],
              [124.3492, 8.2804],
              [124.3488, 8.2804],
              [124.3484, 8.2804],
              [124.3476, 8.2804],
              [124.3476, 8.2808],
              [124.3472, 8.2808],
              [124.3472, 8.2812],
              [124.3472, 8.2816],
              [124.3472, 8.282],
              [124.3484, 8.282],
              [124.3492, 8.2824],
              [124.3492, 8.2828],
              [124.3492, 8.2832],
              [124.3492, 8.2836],
              [124.3484, 8.284],
              [124.3476, 8.284],
              [124.3476, 8.2848],
              [124.348, 8.2848],
              [124.348, 8.2852],
              [124.348, 8.2856],
              [124.3484, 8.2856],
              [124.3484, 8.286],
              [124.3484, 8.2864],
              [124.3484, 8.2868],
              [124.3484, 8.2872],
              [124.348, 8.2872],
              [124.3476, 8.2876],
              [124.3476, 8.288],
              [124.3476, 8.2884],
              [124.3484, 8.2892],
              [124.3484, 8.2896],
              [124.3484, 8.29],
              [124.3484, 8.2904],
              [124.3484, 8.2908],
              [124.3484, 8.2912],
              [124.3488, 8.2916],
              [124.3492, 8.2916],
              [124.3496, 8.2916],
              [124.35, 8.292],
              [124.3508, 8.2924],
              [124.3512, 8.2924],
              [124.3512, 8.2928],
              [124.352, 8.2928],
              [124.3524, 8.2932],
              [124.3524, 8.2936],
              [124.3524, 8.294],
              [124.3524, 8.2944],
              [124.3524, 8.2948],
              [124.3524, 8.2952],
              [124.3528, 8.2956],
              [124.354, 8.2956],
              [124.354, 8.296],
              [124.3548, 8.296],
              [124.3548, 8.2956],
              [124.3552, 8.2956],
              [124.3556, 8.2952],
              [124.356, 8.2952],
              [124.3564, 8.2956],
              [124.3564, 8.296],
              [124.3564, 8.2964],
              [124.3568, 8.2964],
              [124.3576, 8.2964],
              [124.358, 8.2968],
              [124.3588, 8.2972],
              [124.3596, 8.2972],
              [124.36, 8.2976],
              [124.3604, 8.2976],
              [124.3608, 8.2976],
              [124.3612, 8.2972],
              [124.3616, 8.2968],
              [124.3616, 8.2964],
              [124.3616, 8.296],
              [124.3616, 8.2964],
              [124.3616, 8.2968],
              [124.362, 8.2968],
              [124.3616, 8.2968],
              [124.3616, 8.2972],
              [124.3612, 8.2972],
              [124.3612, 8.2976],
              [124.3608, 8.2976],
              [124.3608, 8.298],
              [124.3612, 8.2984],
              [124.3616, 8.2984],
              [124.362, 8.2984],
              [124.3624, 8.2988],
              [124.3632, 8.2992],
              [124.3632, 8.2996],
              [124.364, 8.3],
              [124.3644, 8.3],
              [124.3652, 8.3008],
              [124.3656, 8.3012],
              [124.366, 8.3016],
              [124.3664, 8.3016],
              [124.3664, 8.302],
              [124.3664, 8.3024],
              [124.3664, 8.3028],
              [124.3664, 8.3032],
              [124.3668, 8.3036],
              [124.3668, 8.304],
              [124.3668, 8.3044],
              [124.3668, 8.3052],
              [124.3672, 8.3052],
              [124.3676, 8.3052],
              [124.368, 8.3052],
              [124.3684, 8.3052],
              [124.3688, 8.3052],
              [124.3692, 8.3048],
              [124.3696, 8.3048],
              [124.37, 8.3048],
              [124.3708, 8.3056],
              [124.3708, 8.306],
              [124.3712, 8.306],
              [124.3716, 8.306],
              [124.372, 8.3056],
              [124.3724, 8.3056],
              [124.3732, 8.3052],
              [124.3736, 8.3052],
              [124.374, 8.3052],
              [124.3748, 8.3052],
              [124.3752, 8.3052],
              [124.3752, 8.3056],
              [124.3748, 8.3056],
              [124.3748, 8.3052],
              [124.374, 8.3052],
              [124.3736, 8.3052],
              [124.3736, 8.3056],
              [124.3732, 8.3056],
              [124.3728, 8.3056],
              [124.3724, 8.3056],
              [124.3724, 8.306],
              [124.372, 8.306],
              [124.3716, 8.306],
              [124.3712, 8.306],
              [124.3708, 8.306],
              [124.3708, 8.3056],
              [124.3704, 8.3052],
              [124.37, 8.3048],
              [124.3696, 8.3048],
              [124.3692, 8.3052],
              [124.3688, 8.3052],
              [124.3684, 8.3052],
              [124.368, 8.3052],
              [124.3676, 8.3056],
              [124.3672, 8.3056],
              [124.3668, 8.3056],
              [124.3664, 8.3056],
              [124.3668, 8.3056],
              [124.3668, 8.306],
              [124.3668, 8.3064],
              [124.3672, 8.3064],
              [124.3672, 8.3068],
              [124.3672, 8.3072],
              [124.3668, 8.3072],
              [124.3668, 8.3076],
              [124.3668, 8.3084],
              [124.3668, 8.3092],
              [124.3668, 8.31],
              [124.3672, 8.3104],
              [124.3672, 8.3108],
              [124.3676, 8.3108],
              [124.368, 8.3108],
              [124.3684, 8.3108],
              [124.3688, 8.3108],
              [124.3688, 8.3112],
              [124.3692, 8.3112],
              [124.3692, 8.3116],
              [124.3696, 8.3116],
              [124.3696, 8.312],
              [124.37, 8.312],
              [124.3712, 8.312],
              [124.3716, 8.312],
              [124.3716, 8.3124],
              [124.372, 8.3124],
              [124.3728, 8.3132],
              [124.3732, 8.3136],
              [124.374, 8.3136],
              [124.374, 8.314],
              [124.374, 8.3144],
              [124.374, 8.3148],
              [124.3744, 8.3148],
              [124.3748, 8.3148]
            ]
          ],
          [
            [
              [124.2644, 8.2712],
              [124.2644, 8.272],
              [124.2648, 8.272],
              [124.2648, 8.2724],
              [124.2652, 8.2728],
              [124.2652, 8.2732],
              [124.2648, 8.2736],
              [124.2644, 8.2732],
              [124.264, 8.2732],
              [124.264, 8.2728],
              [124.2636, 8.2724],
              [124.2636, 8.272],
              [124.2624, 8.2712],
              [124.262, 8.2704],
              [124.2612, 8.27],
              [124.2608, 8.27],
              [124.2608, 8.2692],
              [124.2608, 8.2688],
              [124.2608, 8.2684],
              [124.2616, 8.2684],
              [124.2616, 8.2688],
              [124.262, 8.2688],
              [124.262, 8.2692],
              [124.2624, 8.2692],
              [124.2628, 8.2692],
              [124.2628, 8.2688],
              [124.2632, 8.2688],
              [124.2636, 8.2688],
              [124.2636, 8.2696],
              [124.2632, 8.2696],
              [124.2632, 8.27],
              [124.2632, 8.2704],
              [124.2636, 8.2704],
              [124.2636, 8.2708],
              [124.264, 8.2708],
              [124.264, 8.2712],
              [124.2644, 8.2712]
            ]
          ],
          [
            [
              [124.456, 8.2684],
              [124.456, 8.2688],
              [124.4556, 8.2688],
              [124.4556, 8.2684],
              [124.456, 8.2684]
            ]
          ],
          [
            [
              [124.2664, 8.2704],
              [124.266, 8.2704],
              [124.2656, 8.2704],
              [124.2656, 8.27],
              [124.266, 8.27],
              [124.2664, 8.27],
              [124.2664, 8.2704]
            ]
          ],
          [
            [
              [124.344, 8.2752],
              [124.3436, 8.2752],
              [124.3436, 8.2748],
              [124.3436, 8.274],
              [124.3432, 8.2736],
              [124.3432, 8.2732],
              [124.3432, 8.2728],
              [124.3432, 8.2732],
              [124.3436, 8.2732],
              [124.3436, 8.2736],
              [124.3436, 8.274],
              [124.3436, 8.2744],
              [124.344, 8.2748],
              [124.344, 8.2752]
            ]
          ],
          [
            [
              [124.3488, 8.2736],
              [124.3484, 8.274],
              [124.3484, 8.2736],
              [124.3488, 8.2736]
            ]
          ],
          [
            [
              [124.3604, 8.276],
              [124.36, 8.276],
              [124.3596, 8.2756],
              [124.3604, 8.276]
            ]
          ],
          [
            [
              [124.4596, 8.3208],
              [124.4596, 8.3212],
              [124.4592, 8.3212],
              [124.4592, 8.3216],
              [124.4592, 8.3224],
              [124.4592, 8.3228],
              [124.4596, 8.3228],
              [124.46, 8.3228],
              [124.46, 8.3244],
              [124.4592, 8.324],
              [124.4588, 8.3232],
              [124.458, 8.3224],
              [124.4576, 8.3224],
              [124.4572, 8.3228],
              [124.4576, 8.3232],
              [124.4572, 8.3244],
              [124.4568, 8.3248],
              [124.4564, 8.3252],
              [124.4556, 8.3248],
              [124.4552, 8.324],
              [124.456, 8.3224],
              [124.456, 8.3216],
              [124.4556, 8.3208],
              [124.4548, 8.3204],
              [124.454, 8.32],
              [124.4528, 8.3204],
              [124.452, 8.3208],
              [124.4516, 8.3208],
              [124.4516, 8.3224],
              [124.4504, 8.3228],
              [124.4488, 8.3224],
              [124.4476, 8.322],
              [124.4472, 8.3212],
              [124.4476, 8.3204],
              [124.448, 8.3204],
              [124.4484, 8.3188],
              [124.4476, 8.3184],
              [124.448, 8.3184],
              [124.448, 8.318],
              [124.448, 8.3172],
              [124.448, 8.3168],
              [124.4476, 8.3168],
              [124.4476, 8.3164],
              [124.4476, 8.316],
              [124.4476, 8.3152],
              [124.4476, 8.3148],
              [124.4476, 8.3144],
              [124.4476, 8.3136],
              [124.448, 8.3132],
              [124.4476, 8.3128],
              [124.4472, 8.3128],
              [124.4468, 8.3128],
              [124.4464, 8.3132],
              [124.446, 8.3132],
              [124.4456, 8.3132],
              [124.4452, 8.3132],
              [124.4452, 8.3128],
              [124.4448, 8.3128],
              [124.4444, 8.3128],
              [124.4444, 8.3124],
              [124.444, 8.3124],
              [124.444, 8.312],
              [124.4436, 8.312],
              [124.4432, 8.312],
              [124.4428, 8.312],
              [124.4428, 8.3124],
              [124.4428, 8.3128],
              [124.442, 8.3132],
              [124.442, 8.3136],
              [124.4416, 8.314],
              [124.4412, 8.314],
              [124.4408, 8.314],
              [124.44, 8.314],
              [124.44, 8.3136],
              [124.44, 8.3132],
              [124.4392, 8.3132],
              [124.4384, 8.3132],
              [124.438, 8.3128],
              [124.438, 8.312],
              [124.438, 8.3116],
              [124.4376, 8.3116],
              [124.4372, 8.3112],
              [124.4356, 8.3112],
              [124.436, 8.3112],
              [124.4364, 8.3112],
              [124.4368, 8.3112],
              [124.4372, 8.3112],
              [124.4376, 8.3112],
              [124.438, 8.3112],
              [124.438, 8.3116],
              [124.438, 8.312],
              [124.438, 8.3124],
              [124.438, 8.3128],
              [124.4384, 8.3128],
              [124.4384, 8.3132],
              [124.4392, 8.3132],
              [124.44, 8.3132],
              [124.4404, 8.3136],
              [124.4408, 8.3136],
              [124.4412, 8.3136],
              [124.4416, 8.3136],
              [124.4416, 8.3132],
              [124.442, 8.3128],
              [124.4424, 8.3128],
              [124.4428, 8.3124],
              [124.4428, 8.312],
              [124.4428, 8.3112],
              [124.4432, 8.3104],
              [124.4432, 8.3108],
              [124.4436, 8.3108],
              [124.4436, 8.3112],
              [124.444, 8.3112],
              [124.444, 8.3116],
              [124.4444, 8.3116],
              [124.4444, 8.312],
              [124.4448, 8.312],
              [124.4452, 8.3116],
              [124.4456, 8.3116],
              [124.446, 8.3116],
              [124.446, 8.312],
              [124.4464, 8.312],
              [124.4468, 8.312],
              [124.4468, 8.3116],
              [124.4468, 8.3112],
              [124.4468, 8.3108],
              [124.4468, 8.3104],
              [124.4464, 8.3104],
              [124.4464, 8.31],
              [124.446, 8.3096],
              [124.446, 8.3092],
              [124.4456, 8.3092],
              [124.4452, 8.3092],
              [124.4452, 8.3096],
              [124.4448, 8.3096],
              [124.4444, 8.3096],
              [124.444, 8.3092],
              [124.444, 8.3084],
              [124.444, 8.308],
              [124.4436, 8.308],
              [124.4436, 8.3076],
              [124.4432, 8.3076],
              [124.4432, 8.3064],
              [124.4428, 8.3064],
              [124.4428, 8.306],
              [124.4428, 8.3056],
              [124.4428, 8.3052],
              [124.4432, 8.3052],
              [124.4436, 8.3052],
              [124.444, 8.3052],
              [124.444, 8.3056],
              [124.4444, 8.3056],
              [124.4452, 8.3056],
              [124.4452, 8.3052],
              [124.4452, 8.3048],
              [124.4448, 8.3048],
              [124.4444, 8.3048],
              [124.4444, 8.3044],
              [124.444, 8.3044],
              [124.444, 8.304],
              [124.444, 8.3036],
              [124.4436, 8.3036],
              [124.4436, 8.3032],
              [124.4432, 8.3032],
              [124.4428, 8.3036],
              [124.4424, 8.3036],
              [124.4424, 8.304],
              [124.4416, 8.304],
              [124.4412, 8.304],
              [124.4412, 8.3044],
              [124.4408, 8.3044],
              [124.4404, 8.3044],
              [124.4404, 8.304],
              [124.44, 8.304],
              [124.44, 8.3036],
              [124.4396, 8.3036],
              [124.4396, 8.3032],
              [124.4396, 8.3028],
              [124.4396, 8.3024],
              [124.4396, 8.3016],
              [124.4392, 8.3016],
              [124.4388, 8.3016],
              [124.4388, 8.3012],
              [124.4384, 8.3012],
              [124.438, 8.3008],
              [124.438, 8.3004],
              [124.4376, 8.3004],
              [124.4376, 8.3],
              [124.4376, 8.2992],
              [124.4376, 8.2988],
              [124.4376, 8.2984],
              [124.4376, 8.298],
              [124.438, 8.298],
              [124.4384, 8.298],
              [124.4388, 8.298],
              [124.4388, 8.2976],
              [124.4388, 8.2972],
              [124.4384, 8.2972],
              [124.438, 8.2972],
              [124.4376, 8.2972],
              [124.4372, 8.2972],
              [124.4368, 8.2972],
              [124.4364, 8.2972],
              [124.4364, 8.2976],
              [124.436, 8.2976],
              [124.4352, 8.298],
              [124.4348, 8.298],
              [124.4344, 8.298],
              [124.4336, 8.298],
              [124.4336, 8.2976],
              [124.4332, 8.2976],
              [124.4328, 8.298],
              [124.4328, 8.2984],
              [124.4332, 8.2988],
              [124.4332, 8.2992],
              [124.4332, 8.2996],
              [124.4328, 8.2996],
              [124.4328, 8.3],
              [124.4328, 8.3004],
              [124.4324, 8.3004],
              [124.4324, 8.3008],
              [124.432, 8.3012],
              [124.432, 8.3016],
              [124.4316, 8.3012],
              [124.4316, 8.3008],
              [124.4312, 8.3008],
              [124.4312, 8.3004],
              [124.4312, 8.3],
              [124.4308, 8.3],
              [124.43, 8.3],
              [124.4296, 8.3],
              [124.4296, 8.3004],
              [124.4296, 8.3008],
              [124.4296, 8.3012],
              [124.4288, 8.3012],
              [124.4284, 8.3012],
              [124.4284, 8.3016],
              [124.4284, 8.302],
              [124.4288, 8.302],
              [124.4288, 8.3024],
              [124.4292, 8.3024],
              [124.4296, 8.3032],
              [124.4296, 8.3036],
              [124.4292, 8.304],
              [124.4288, 8.304],
              [124.4284, 8.3036],
              [124.4284, 8.3032],
              [124.428, 8.3032],
              [124.4276, 8.3032],
              [124.4272, 8.3036],
              [124.4272, 8.304],
              [124.4276, 8.304],
              [124.4276, 8.3044],
              [124.428, 8.3044],
              [124.428, 8.3048],
              [124.4288, 8.3052],
              [124.4288, 8.306],
              [124.4288, 8.3064],
              [124.4284, 8.3068],
              [124.4284, 8.3072],
              [124.428, 8.3076],
              [124.428, 8.308],
              [124.4276, 8.3088],
              [124.4272, 8.3088],
              [124.4272, 8.3092],
              [124.4268, 8.3092],
              [124.4268, 8.3088],
              [124.4264, 8.3084],
              [124.4268, 8.3084],
              [124.4268, 8.308],
              [124.4256, 8.308],
              [124.4256, 8.3088],
              [124.4252, 8.3088],
              [124.4252, 8.3092],
              [124.4252, 8.3096],
              [124.4248, 8.3096],
              [124.4248, 8.3092],
              [124.4248, 8.3088],
              [124.4244, 8.3088],
              [124.4244, 8.3084],
              [124.424, 8.3084],
              [124.424, 8.308],
              [124.4228, 8.308],
              [124.4224, 8.308],
              [124.4224, 8.3088],
              [124.422, 8.3088],
              [124.422, 8.3092],
              [124.4216, 8.3092],
              [124.4212, 8.3092],
              [124.4208, 8.3096],
              [124.4208, 8.31],
              [124.4208, 8.3108],
              [124.4204, 8.3112],
              [124.4204, 8.3108],
              [124.4204, 8.3104],
              [124.42, 8.3104],
              [124.4196, 8.3104],
              [124.4196, 8.3108],
              [124.4192, 8.3108],
              [124.4192, 8.3112],
              [124.4188, 8.3112],
              [124.4184, 8.3112],
              [124.418, 8.3108],
              [124.4176, 8.3104],
              [124.4172, 8.3104],
              [124.4168, 8.3104],
              [124.4168, 8.3108],
              [124.4164, 8.3108],
              [124.4164, 8.3104],
              [124.416, 8.3104],
              [124.416, 8.31],
              [124.416, 8.3096],
              [124.4156, 8.3096],
              [124.4152, 8.3096],
              [124.4152, 8.3104],
              [124.4152, 8.3108],
              [124.4148, 8.3108],
              [124.4144, 8.3112],
              [124.4144, 8.3116],
              [124.414, 8.3116],
              [124.4136, 8.3112],
              [124.4128, 8.3112],
              [124.4124, 8.3112],
              [124.412, 8.3116],
              [124.4116, 8.3116],
              [124.4116, 8.312],
              [124.4112, 8.312],
              [124.4108, 8.3124],
              [124.4104, 8.3124],
              [124.41, 8.3132],
              [124.41, 8.3136],
              [124.41, 8.3144],
              [124.4096, 8.3144],
              [124.4096, 8.3148],
              [124.4096, 8.3152],
              [124.4104, 8.316],
              [124.4104, 8.3164],
              [124.41, 8.3164],
              [124.41, 8.316],
              [124.4104, 8.316],
              [124.41, 8.3152],
              [124.4096, 8.3152],
              [124.4092, 8.3148],
              [124.4096, 8.3144],
              [124.4096, 8.314],
              [124.4096, 8.3136],
              [124.4096, 8.3132],
              [124.4104, 8.3124],
              [124.4108, 8.312],
              [124.4112, 8.312],
              [124.4112, 8.3116],
              [124.4112, 8.3112],
              [124.4108, 8.3112],
              [124.4108, 8.3104],
              [124.4104, 8.31],
              [124.4104, 8.3096],
              [124.41, 8.3096],
              [124.4092, 8.3092],
              [124.4084, 8.3092],
              [124.408, 8.3088],
              [124.408, 8.3084],
              [124.4076, 8.3084],
              [124.4076, 8.308],
              [124.4076, 8.3076],
              [124.4072, 8.3072],
              [124.4068, 8.3072],
              [124.4064, 8.3072],
              [124.4064, 8.3068],
              [124.406, 8.3068],
              [124.4056, 8.3068],
              [124.4052, 8.3068],
              [124.4052, 8.3072],
              [124.4048, 8.3072],
              [124.4052, 8.3068],
              [124.4056, 8.3068],
              [124.4064, 8.3068],
              [124.4068, 8.3068],
              [124.4072, 8.3068],
              [124.4072, 8.3072],
              [124.4076, 8.3072],
              [124.4076, 8.3076],
              [124.4076, 8.308],
              [124.408, 8.3088],
              [124.4084, 8.3088],
              [124.4088, 8.3088],
              [124.4088, 8.3092],
              [124.4092, 8.3092],
              [124.4096, 8.3092],
              [124.41, 8.3096],
              [124.4104, 8.3096],
              [124.4108, 8.31],
              [124.4108, 8.3104],
              [124.4112, 8.3104],
              [124.4112, 8.3108],
              [124.4112, 8.3112],
              [124.4112, 8.3116],
              [124.4116, 8.3116],
              [124.4116, 8.3112],
              [124.412, 8.3112],
              [124.412, 8.3108],
              [124.4124, 8.3108],
              [124.4128, 8.3108],
              [124.4136, 8.3108],
              [124.414, 8.3112],
              [124.4144, 8.3108],
              [124.4148, 8.3108],
              [124.4148, 8.3104],
              [124.4152, 8.3104],
              [124.4152, 8.3096],
              [124.4148, 8.3096],
              [124.4144, 8.3092],
              [124.414, 8.3092],
              [124.4136, 8.3092],
              [124.4132, 8.3088],
              [124.4132, 8.3084],
              [124.4128, 8.3084],
              [124.4128, 8.308],
              [124.4124, 8.308],
              [124.412, 8.3076],
              [124.412, 8.3072],
              [124.412, 8.3068],
              [124.4124, 8.3068],
              [124.4124, 8.3064],
              [124.4128, 8.3068],
              [124.4124, 8.3068],
              [124.4124, 8.3072],
              [124.4124, 8.3076],
              [124.4128, 8.308],
              [124.4132, 8.308],
              [124.4132, 8.3084],
              [124.4132, 8.3088],
              [124.4136, 8.3092],
              [124.414, 8.3092],
              [124.4144, 8.3092],
              [124.4148, 8.3092],
              [124.4152, 8.3092],
              [124.4156, 8.3092],
              [124.416, 8.3092],
              [124.416, 8.3096],
              [124.4164, 8.31],
              [124.4168, 8.31],
              [124.4172, 8.31],
              [124.4176, 8.31],
              [124.418, 8.31],
              [124.418, 8.3104],
              [124.4184, 8.3104],
              [124.4184, 8.3108],
              [124.4192, 8.3108],
              [124.4196, 8.3104],
              [124.4196, 8.31],
              [124.42, 8.31],
              [124.4204, 8.31],
              [124.4204, 8.3096],
              [124.42, 8.3092],
              [124.42, 8.3088],
              [124.4196, 8.3088],
              [124.42, 8.308],
              [124.4204, 8.308],
              [124.4204, 8.3076],
              [124.4208, 8.3076],
              [124.4208, 8.308],
              [124.4208, 8.3084],
              [124.4212, 8.3088],
              [124.4216, 8.3088],
              [124.4216, 8.3084],
              [124.422, 8.3084],
              [124.422, 8.308],
              [124.4224, 8.3076],
              [124.4228, 8.3076],
              [124.4232, 8.3076],
              [124.4236, 8.3076],
              [124.4244, 8.308],
              [124.4248, 8.308],
              [124.4252, 8.308],
              [124.4252, 8.3076],
              [124.4256, 8.3072],
              [124.4268, 8.3072],
              [124.4272, 8.3072],
              [124.4272, 8.3076],
              [124.4272, 8.308],
              [124.428, 8.3076],
              [124.428, 8.3072],
              [124.428, 8.3068],
              [124.428, 8.3064],
              [124.4284, 8.3064],
              [124.4284, 8.306],
              [124.428, 8.3052],
              [124.4276, 8.3052],
              [124.4276, 8.3048],
              [124.4272, 8.3048],
              [124.4272, 8.3044],
              [124.4268, 8.3044],
              [124.4264, 8.304],
              [124.4264, 8.3036],
              [124.4268, 8.3036],
              [124.4272, 8.3032],
              [124.4272, 8.3028],
              [124.4276, 8.3028],
              [124.428, 8.3028],
              [124.4284, 8.3028],
              [124.4288, 8.3028],
              [124.4288, 8.3032],
              [124.4288, 8.3036],
              [124.4292, 8.3036],
              [124.4296, 8.3036],
              [124.4296, 8.3032],
              [124.4292, 8.3032],
              [124.4288, 8.3024],
              [124.4284, 8.302],
              [124.428, 8.3016],
              [124.4276, 8.3016],
              [124.428, 8.3016],
              [124.428, 8.3012],
              [124.4284, 8.3012],
              [124.4288, 8.3008],
              [124.4292, 8.3008],
              [124.4292, 8.3004],
              [124.4292, 8.3],
              [124.4288, 8.3],
              [124.4284, 8.2996],
              [124.4284, 8.2992],
              [124.428, 8.2992],
              [124.4268, 8.2992],
              [124.4264, 8.2992],
              [124.426, 8.2992],
              [124.4256, 8.2988],
              [124.4256, 8.2992],
              [124.4252, 8.2992],
              [124.4244, 8.2992],
              [124.4244, 8.2996],
              [124.4244, 8.3],
              [124.4244, 8.3004],
              [124.424, 8.3004],
              [124.4244, 8.3004],
              [124.4244, 8.3],
              [124.424, 8.2996],
              [124.424, 8.2992],
              [124.4244, 8.2992],
              [124.4248, 8.2992],
              [124.4252, 8.2992],
              [124.4252, 8.2988],
              [124.4256, 8.2988],
              [124.426, 8.2988],
              [124.4264, 8.2992],
              [124.4268, 8.2992],
              [124.4272, 8.2992],
              [124.428, 8.2992],
              [124.4284, 8.2992],
              [124.4288, 8.2996],
              [124.4288, 8.3],
              [124.4292, 8.3],
              [124.4296, 8.3],
              [124.4296, 8.2996],
              [124.4296, 8.2992],
              [124.4296, 8.2988],
              [124.4292, 8.2988],
              [124.4292, 8.2984],
              [124.4288, 8.298],
              [124.4284, 8.2976],
              [124.4288, 8.2976],
              [124.4288, 8.298],
              [124.4292, 8.298],
              [124.4292, 8.2984],
              [124.4296, 8.2984],
              [124.4296, 8.2988],
              [124.4296, 8.2992],
              [124.43, 8.2992],
              [124.4304, 8.2992],
              [124.4308, 8.2992],
              [124.4308, 8.2996],
              [124.4312, 8.2996],
              [124.4312, 8.3],
              [124.4316, 8.3],
              [124.4316, 8.3004],
              [124.432, 8.3004],
              [124.4324, 8.3004],
              [124.4324, 8.3],
              [124.432, 8.3],
              [124.4316, 8.2996],
              [124.4316, 8.2992],
              [124.4324, 8.2992],
              [124.4328, 8.2992],
              [124.4328, 8.2988],
              [124.4324, 8.2988],
              [124.4324, 8.2984],
              [124.4324, 8.298],
              [124.4328, 8.298],
              [124.4328, 8.2976],
              [124.4332, 8.2976],
              [124.4332, 8.2972],
              [124.4336, 8.2972],
              [124.4336, 8.2976],
              [124.434, 8.2976],
              [124.4344, 8.2976],
              [124.4348, 8.2976],
              [124.4352, 8.2976],
              [124.4356, 8.2972],
              [124.436, 8.2972],
              [124.4364, 8.2972],
              [124.4368, 8.2968],
              [124.4364, 8.296],
              [124.4364, 8.2956],
              [124.436, 8.2956],
              [124.4352, 8.2956],
              [124.4348, 8.2956],
              [124.4348, 8.2952],
              [124.4348, 8.2948],
              [124.4348, 8.2944],
              [124.4348, 8.294],
              [124.4344, 8.294],
              [124.4344, 8.2936],
              [124.4344, 8.2932],
              [124.4344, 8.2928],
              [124.4344, 8.2924],
              [124.4344, 8.292],
              [124.4344, 8.2916],
              [124.4348, 8.2916],
              [124.4348, 8.2912],
              [124.4348, 8.2908],
              [124.4348, 8.2904],
              [124.4344, 8.2896],
              [124.434, 8.2896],
              [124.434, 8.2892],
              [124.4336, 8.2892],
              [124.4336, 8.2888],
              [124.4332, 8.2888],
              [124.4328, 8.2888],
              [124.4328, 8.2884],
              [124.4324, 8.2884],
              [124.4328, 8.2884],
              [124.4332, 8.2884],
              [124.434, 8.2888],
              [124.434, 8.2892],
              [124.4344, 8.2892],
              [124.4344, 8.2896],
              [124.4348, 8.2896],
              [124.4348, 8.29],
              [124.4352, 8.2904],
              [124.4352, 8.2908],
              [124.4352, 8.2912],
              [124.4352, 8.2916],
              [124.4348, 8.2916],
              [124.4348, 8.292],
              [124.4348, 8.2924],
              [124.4348, 8.2928],
              [124.4348, 8.2932],
              [124.4348, 8.2936],
              [124.4348, 8.294],
              [124.4348, 8.2944],
              [124.4348, 8.2948],
              [124.4348, 8.2952],
              [124.4352, 8.2956],
              [124.4356, 8.2956],
              [124.4356, 8.2952],
              [124.4364, 8.2956],
              [124.4364, 8.296],
              [124.4368, 8.296],
              [124.4368, 8.2964],
              [124.4372, 8.2968],
              [124.4376, 8.2964],
              [124.4384, 8.2964],
              [124.4384, 8.296],
              [124.4388, 8.296],
              [124.4388, 8.2956],
              [124.4392, 8.2956],
              [124.4392, 8.2952],
              [124.4392, 8.2948],
              [124.4396, 8.2944],
              [124.4396, 8.294],
              [124.4392, 8.2936],
              [124.4396, 8.2932],
              [124.4392, 8.2932],
              [124.4388, 8.2932],
              [124.4388, 8.2928],
              [124.4384, 8.2924],
              [124.4384, 8.292],
              [124.4392, 8.292],
              [124.4392, 8.2924],
              [124.4396, 8.2924],
              [124.44, 8.2924],
              [124.44, 8.2928],
              [124.4404, 8.2928],
              [124.4404, 8.2924],
              [124.4412, 8.2924],
              [124.4412, 8.292],
              [124.4416, 8.2916],
              [124.4416, 8.2912],
              [124.4416, 8.2908],
              [124.4412, 8.2908],
              [124.4408, 8.2904],
              [124.4404, 8.2904],
              [124.44, 8.2904],
              [124.44, 8.29],
              [124.4396, 8.29],
              [124.4396, 8.2896],
              [124.4396, 8.2888],
              [124.4408, 8.2888],
              [124.4412, 8.2888],
              [124.4412, 8.2884],
              [124.4412, 8.288],
              [124.4416, 8.2876],
              [124.4416, 8.2872],
              [124.4416, 8.2868],
              [124.4416, 8.2856],
              [124.4416, 8.2852],
              [124.4412, 8.2852],
              [124.4412, 8.2844],
              [124.4412, 8.284],
              [124.4408, 8.2836],
              [124.4412, 8.2836],
              [124.4416, 8.284],
              [124.4416, 8.2848],
              [124.4416, 8.2856],
              [124.4416, 8.286],
              [124.4416, 8.2868],
              [124.4416, 8.2872],
              [124.4416, 8.2876],
              [124.4416, 8.288],
              [124.4412, 8.2888],
              [124.4416, 8.2888],
              [124.442, 8.2884],
              [124.4424, 8.2884],
              [124.4424, 8.288],
              [124.4424, 8.2876],
              [124.4424, 8.2872],
              [124.4424, 8.2868],
              [124.4428, 8.2868],
              [124.4432, 8.2868],
              [124.4436, 8.2868],
              [124.4436, 8.2864],
              [124.444, 8.2864],
              [124.444, 8.286],
              [124.4444, 8.2864],
              [124.4448, 8.2864],
              [124.4448, 8.286],
              [124.4456, 8.2856],
              [124.446, 8.2856],
              [124.446, 8.2852],
              [124.446, 8.2848],
              [124.446, 8.2844],
              [124.4456, 8.284],
              [124.4456, 8.2836],
              [124.4452, 8.2832],
              [124.4448, 8.2832],
              [124.4448, 8.2828],
              [124.4452, 8.2832],
              [124.4456, 8.2836],
              [124.446, 8.2836],
              [124.446, 8.2844],
              [124.446, 8.2848],
              [124.446, 8.2852],
              [124.4464, 8.2852],
              [124.4464, 8.2856],
              [124.4468, 8.2856],
              [124.4468, 8.2852],
              [124.4472, 8.2852],
              [124.4476, 8.2852],
              [124.448, 8.2848],
              [124.4484, 8.2844],
              [124.4484, 8.284],
              [124.4484, 8.2836],
              [124.448, 8.2832],
              [124.448, 8.2828],
              [124.4484, 8.2828],
              [124.4484, 8.2824],
              [124.4488, 8.2824],
              [124.4492, 8.282],
              [124.4496, 8.2816],
              [124.4496, 8.2812],
              [124.4496, 8.2808],
              [124.4496, 8.2804],
              [124.45, 8.28],
              [124.4504, 8.28],
              [124.4504, 8.2796],
              [124.4504, 8.2792],
              [124.4508, 8.2792],
              [124.4508, 8.278],
              [124.4504, 8.2776],
              [124.4504, 8.2772],
              [124.4504, 8.2768],
              [124.4508, 8.2768],
              [124.4508, 8.2764],
              [124.4508, 8.276],
              [124.4508, 8.2756],
              [124.4508, 8.2748],
              [124.4512, 8.2748],
              [124.4512, 8.2744],
              [124.4512, 8.274],
              [124.4512, 8.2736],
              [124.4512, 8.2732],
              [124.4512, 8.2728],
              [124.4512, 8.2724],
              [124.4508, 8.2724],
              [124.4508, 8.272],
              [124.4512, 8.272],
              [124.4512, 8.2724],
              [124.4512, 8.2728],
              [124.4516, 8.2728],
              [124.4516, 8.2736],
              [124.4516, 8.274],
              [124.4512, 8.274],
              [124.4512, 8.2744],
              [124.4512, 8.2748],
              [124.4512, 8.2752],
              [124.4512, 8.276],
              [124.4508, 8.276],
              [124.4508, 8.2768],
              [124.4508, 8.2772],
              [124.4508, 8.2776],
              [124.4508, 8.278],
              [124.4508, 8.2784],
              [124.4508, 8.2788],
              [124.4508, 8.2792],
              [124.4508, 8.2796],
              [124.4504, 8.2796],
              [124.4504, 8.28],
              [124.45, 8.2804],
              [124.4496, 8.2804],
              [124.4496, 8.2808],
              [124.4496, 8.2812],
              [124.4496, 8.282],
              [124.4496, 8.2824],
              [124.4488, 8.2824],
              [124.4488, 8.2828],
              [124.4484, 8.2832],
              [124.4484, 8.2836],
              [124.4488, 8.2836],
              [124.4488, 8.2844],
              [124.4484, 8.2844],
              [124.4484, 8.2848],
              [124.448, 8.2852],
              [124.4476, 8.2852],
              [124.4476, 8.2856],
              [124.4472, 8.2856],
              [124.4468, 8.2856],
              [124.446, 8.2856],
              [124.4456, 8.2856],
              [124.4456, 8.286],
              [124.4452, 8.286],
              [124.4448, 8.2864],
              [124.444, 8.2864],
              [124.444, 8.2868],
              [124.4436, 8.2868],
              [124.4436, 8.2872],
              [124.4432, 8.2872],
              [124.4428, 8.2872],
              [124.4428, 8.2876],
              [124.4428, 8.288],
              [124.4428, 8.2884],
              [124.4424, 8.2888],
              [124.442, 8.2888],
              [124.4416, 8.2892],
              [124.4412, 8.2892],
              [124.4412, 8.2896],
              [124.4412, 8.29],
              [124.4412, 8.2904],
              [124.4416, 8.2904],
              [124.442, 8.2908],
              [124.442, 8.2912],
              [124.4432, 8.2912],
              [124.4424, 8.2912],
              [124.442, 8.2912],
              [124.442, 8.2916],
              [124.4416, 8.2916],
              [124.4416, 8.292],
              [124.4412, 8.2924],
              [124.4408, 8.2928],
              [124.4404, 8.2928],
              [124.4404, 8.2932],
              [124.4404, 8.2936],
              [124.4408, 8.2936],
              [124.4408, 8.294],
              [124.4404, 8.294],
              [124.44, 8.2944],
              [124.44, 8.2948],
              [124.4396, 8.2952],
              [124.4396, 8.2956],
              [124.4396, 8.296],
              [124.44, 8.296],
              [124.44, 8.2964],
              [124.4404, 8.2968],
              [124.4404, 8.2972],
              [124.4404, 8.2976],
              [124.4404, 8.298],
              [124.44, 8.298],
              [124.44, 8.2984],
              [124.44, 8.2988],
              [124.4396, 8.2988],
              [124.4396, 8.2992],
              [124.4392, 8.2992],
              [124.4388, 8.2996],
              [124.4384, 8.2996],
              [124.4384, 8.3004],
              [124.4388, 8.3004],
              [124.4388, 8.3008],
              [124.4392, 8.3008],
              [124.4396, 8.3008],
              [124.4396, 8.3012],
              [124.44, 8.302],
              [124.4404, 8.302],
              [124.4404, 8.3024],
              [124.4404, 8.3028],
              [124.4404, 8.3032],
              [124.4408, 8.3032],
              [124.4408, 8.3036],
              [124.4412, 8.3036],
              [124.4416, 8.3036],
              [124.442, 8.3036],
              [124.4424, 8.3036],
              [124.4424, 8.3032],
              [124.4428, 8.3032],
              [124.4432, 8.3024],
              [124.4432, 8.302],
              [124.4432, 8.3024],
              [124.4436, 8.3024],
              [124.4436, 8.3028],
              [124.444, 8.3032],
              [124.4444, 8.3032],
              [124.4444, 8.3036],
              [124.4448, 8.304],
              [124.4452, 8.304],
              [124.4452, 8.3044],
              [124.4456, 8.3044],
              [124.4456, 8.3048],
              [124.446, 8.3052],
              [124.4464, 8.3052],
              [124.446, 8.3052],
              [124.4456, 8.3056],
              [124.4456, 8.306],
              [124.4456, 8.3064],
              [124.4452, 8.3064],
              [124.4448, 8.3064],
              [124.4444, 8.3064],
              [124.444, 8.3064],
              [124.4436, 8.3064],
              [124.4436, 8.3068],
              [124.4436, 8.3072],
              [124.444, 8.3072],
              [124.4448, 8.3072],
              [124.4452, 8.3072],
              [124.4452, 8.308],
              [124.4448, 8.308],
              [124.4448, 8.3084],
              [124.4444, 8.3088],
              [124.4444, 8.3092],
              [124.4448, 8.3092],
              [124.4448, 8.3088],
              [124.4452, 8.3088],
              [124.4452, 8.3084],
              [124.4456, 8.3084],
              [124.4456, 8.3088],
              [124.446, 8.3088],
              [124.4464, 8.3088],
              [124.4468, 8.3088],
              [124.4468, 8.3084],
              [124.4472, 8.3084],
              [124.4472, 8.308],
              [124.4476, 8.308],
              [124.448, 8.308],
              [124.4484, 8.308],
              [124.4492, 8.308],
              [124.4496, 8.308],
              [124.4496, 8.3072],
              [124.4492, 8.3068],
              [124.4492, 8.3064],
              [124.4496, 8.3064],
              [124.4496, 8.306],
              [124.45, 8.306],
              [124.45, 8.3056],
              [124.4504, 8.3052],
              [124.4508, 8.3052],
              [124.4508, 8.3048],
              [124.4512, 8.304],
              [124.4516, 8.3032],
              [124.4516, 8.3028],
              [124.4516, 8.3024],
              [124.4516, 8.302],
              [124.452, 8.302],
              [124.452, 8.3008],
              [124.4516, 8.3008],
              [124.4516, 8.3004],
              [124.4512, 8.3004],
              [124.4512, 8.3],
              [124.4508, 8.2996],
              [124.4508, 8.2992],
              [124.4508, 8.2984],
              [124.4508, 8.298],
              [124.4508, 8.2968],
              [124.4508, 8.296],
              [124.4508, 8.2952],
              [124.4508, 8.2948],
              [124.4508, 8.2944],
              [124.4508, 8.294],
              [124.4508, 8.2936],
              [124.4512, 8.2932],
              [124.4512, 8.2928],
              [124.4512, 8.2924],
              [124.4512, 8.292],
              [124.4512, 8.2916],
              [124.4508, 8.2912],
              [124.4508, 8.2908],
              [124.4504, 8.2908],
              [124.4504, 8.2904],
              [124.4508, 8.2904],
              [124.4508, 8.29],
              [124.4512, 8.2896],
              [124.4512, 8.2892],
              [124.4512, 8.2888],
              [124.4512, 8.2884],
              [124.4512, 8.288],
              [124.4516, 8.2876],
              [124.4524, 8.2872],
              [124.4528, 8.2868],
              [124.4528, 8.2864],
              [124.4532, 8.286],
              [124.4532, 8.2864],
              [124.4528, 8.2868],
              [124.4528, 8.2872],
              [124.452, 8.2876],
              [124.4516, 8.2876],
              [124.4516, 8.288],
              [124.4516, 8.2884],
              [124.4512, 8.2884],
              [124.4512, 8.2888],
              [124.4512, 8.2892],
              [124.4512, 8.2896],
              [124.4512, 8.29],
              [124.4508, 8.2904],
              [124.4508, 8.2908],
              [124.4508, 8.2912],
              [124.4512, 8.2912],
              [124.4512, 8.2916],
              [124.4516, 8.2916],
              [124.4516, 8.2912],
              [124.4516, 8.2916],
              [124.4516, 8.292],
              [124.4516, 8.2924],
              [124.4516, 8.2928],
              [124.4512, 8.2928],
              [124.4512, 8.2932],
              [124.4512, 8.2936],
              [124.4512, 8.294],
              [124.4512, 8.2944],
              [124.4512, 8.2948],
              [124.4512, 8.2952],
              [124.4512, 8.2956],
              [124.4512, 8.296],
              [124.4512, 8.2964],
              [124.4512, 8.2968],
              [124.4512, 8.2976],
              [124.4512, 8.2984],
              [124.4508, 8.2984],
              [124.4508, 8.2988],
              [124.4508, 8.2992],
              [124.4512, 8.2996],
              [124.4516, 8.3004],
              [124.452, 8.3004],
              [124.452, 8.3008],
              [124.4524, 8.3008],
              [124.4524, 8.3012],
              [124.4528, 8.3012],
              [124.4528, 8.3016],
              [124.4524, 8.3016],
              [124.4524, 8.302],
              [124.452, 8.302],
              [124.452, 8.3024],
              [124.452, 8.3028],
              [124.452, 8.3032],
              [124.4516, 8.3032],
              [124.4516, 8.3036],
              [124.4516, 8.304],
              [124.4512, 8.304],
              [124.4512, 8.3044],
              [124.4512, 8.3048],
              [124.4508, 8.3052],
              [124.4508, 8.3056],
              [124.4504, 8.306],
              [124.45, 8.306],
              [124.45, 8.3064],
              [124.4496, 8.3064],
              [124.4496, 8.3068],
              [124.4496, 8.3072],
              [124.4496, 8.308],
              [124.4492, 8.3084],
              [124.4484, 8.3084],
              [124.448, 8.3084],
              [124.4476, 8.3084],
              [124.4476, 8.3088],
              [124.4472, 8.3088],
              [124.4472, 8.3092],
              [124.4468, 8.3092],
              [124.4468, 8.3096],
              [124.4472, 8.3104],
              [124.4476, 8.3104],
              [124.4476, 8.3108],
              [124.448, 8.3108],
              [124.4476, 8.3108],
              [124.4476, 8.3116],
              [124.4476, 8.312],
              [124.448, 8.312],
              [124.4484, 8.312],
              [124.4484, 8.3124],
              [124.4488, 8.3124],
              [124.4488, 8.3128],
              [124.4488, 8.3136],
              [124.4492, 8.3136],
              [124.45, 8.3136],
              [124.4504, 8.3136],
              [124.4508, 8.3136],
              [124.4508, 8.314],
              [124.4512, 8.314],
              [124.4516, 8.314],
              [124.4516, 8.3144],
              [124.452, 8.3144],
              [124.4524, 8.3144],
              [124.4524, 8.314],
              [124.4524, 8.3136],
              [124.4528, 8.3136],
              [124.4528, 8.3128],
              [124.4532, 8.3124],
              [124.4536, 8.312],
              [124.454, 8.3116],
              [124.4544, 8.3116],
              [124.4548, 8.3116],
              [124.4548, 8.3112],
              [124.4552, 8.3112],
              [124.4556, 8.3112],
              [124.456, 8.3112],
              [124.4564, 8.3108],
              [124.4572, 8.3108],
              [124.4576, 8.3108],
              [124.458, 8.3104],
              [124.458, 8.31],
              [124.458, 8.3096],
              [124.4576, 8.3096],
              [124.4576, 8.3092],
              [124.4576, 8.3088],
              [124.4576, 8.3072],
              [124.4576, 8.3076],
              [124.4576, 8.308],
              [124.4576, 8.3084],
              [124.4576, 8.3088],
              [124.458, 8.3088],
              [124.458, 8.3092],
              [124.4584, 8.3096],
              [124.4584, 8.31],
              [124.4588, 8.3104],
              [124.4592, 8.3104],
              [124.4592, 8.31],
              [124.4596, 8.31],
              [124.46, 8.31],
              [124.46, 8.312],
              [124.46, 8.3116],
              [124.4596, 8.3116],
              [124.4592, 8.3116],
              [124.4592, 8.3124],
              [124.46, 8.3124],
              [124.46, 8.3136],
              [124.4596, 8.3136],
              [124.4592, 8.3136],
              [124.4592, 8.314],
              [124.4588, 8.3144],
              [124.4588, 8.314],
              [124.4584, 8.314],
              [124.4584, 8.3136],
              [124.458, 8.3136],
              [124.458, 8.3132],
              [124.4576, 8.3132],
              [124.4576, 8.3128],
              [124.4576, 8.3124],
              [124.4572, 8.3124],
              [124.4572, 8.312],
              [124.4568, 8.312],
              [124.4564, 8.312],
              [124.456, 8.312],
              [124.4556, 8.312],
              [124.4552, 8.312],
              [124.4548, 8.312],
              [124.4548, 8.3124],
              [124.4544, 8.3124],
              [124.454, 8.3124],
              [124.4536, 8.3128],
              [124.4536, 8.3132],
              [124.4532, 8.3136],
              [124.4532, 8.314],
              [124.4528, 8.3144],
              [124.4528, 8.3148],
              [124.4528, 8.3156],
              [124.4532, 8.316],
              [124.4532, 8.3164],
              [124.4532, 8.3168],
              [124.4528, 8.3168],
              [124.4524, 8.3168],
              [124.452, 8.3168],
              [124.4512, 8.3164],
              [124.4508, 8.3164],
              [124.4504, 8.3172],
              [124.45, 8.3172],
              [124.45, 8.3176],
              [124.4496, 8.3176],
              [124.4496, 8.318],
              [124.4496, 8.3184],
              [124.4492, 8.3188],
              [124.4492, 8.3192],
              [124.4492, 8.3196],
              [124.4492, 8.32],
              [124.4488, 8.32],
              [124.4484, 8.3204],
              [124.4484, 8.3208],
              [124.4484, 8.3212],
              [124.4488, 8.3212],
              [124.4488, 8.3216],
              [124.4496, 8.3216],
              [124.45, 8.3216],
              [124.4504, 8.3212],
              [124.4508, 8.3212],
              [124.4508, 8.3208],
              [124.4512, 8.3208],
              [124.4512, 8.3204],
              [124.4516, 8.3204],
              [124.452, 8.3204],
              [124.452, 8.32],
              [124.4524, 8.32],
              [124.4528, 8.32],
              [124.4532, 8.3196],
              [124.4536, 8.3196],
              [124.4548, 8.3196],
              [124.4552, 8.3196],
              [124.4552, 8.32],
              [124.456, 8.3208],
              [124.4564, 8.3208],
              [124.4564, 8.3212],
              [124.4564, 8.322],
              [124.456, 8.3228],
              [124.456, 8.3232],
              [124.456, 8.3236],
              [124.456, 8.324],
              [124.4564, 8.324],
              [124.4564, 8.3236],
              [124.4568, 8.3232],
              [124.4568, 8.3228],
              [124.4568, 8.3224],
              [124.4572, 8.3224],
              [124.4572, 8.322],
              [124.4576, 8.322],
              [124.458, 8.322],
              [124.4584, 8.322],
              [124.4584, 8.3224],
              [124.4588, 8.3224],
              [124.4592, 8.3224],
              [124.4592, 8.3212],
              [124.4592, 8.3208],
              [124.4596, 8.3208]
            ],
            [
              [124.4404, 8.29],
              [124.4408, 8.29],
              [124.4408, 8.2896],
              [124.4408, 8.2892],
              [124.44, 8.2892],
              [124.4396, 8.2896],
              [124.44, 8.2896],
              [124.44, 8.29],
              [124.4404, 8.29]
            ],
            [
              [124.4504, 8.3152],
              [124.4504, 8.3148],
              [124.45, 8.3148],
              [124.45, 8.3152],
              [124.4504, 8.3152]
            ]
          ],
          [
            [
              [124.456, 8.2856],
              [124.4556, 8.2856],
              [124.4548, 8.2856],
              [124.454, 8.2856],
              [124.4536, 8.2856],
              [124.4536, 8.286],
              [124.4532, 8.286],
              [124.4532, 8.2856],
              [124.454, 8.2852],
              [124.4544, 8.2844],
              [124.4544, 8.284],
              [124.4548, 8.2832],
              [124.4552, 8.2832],
              [124.4552, 8.2836],
              [124.4544, 8.284],
              [124.4544, 8.2844],
              [124.4544, 8.2848],
              [124.454, 8.2848],
              [124.454, 8.2852],
              [124.4544, 8.2852],
              [124.4548, 8.2856],
              [124.456, 8.2856]
            ]
          ],
          [
            [
              [124.3612, 8.284],
              [124.3608, 8.284],
              [124.3604, 8.284],
              [124.3604, 8.2836],
              [124.3608, 8.2836],
              [124.3612, 8.2836],
              [124.3612, 8.284]
            ]
          ],
          [
            [
              [124.3636, 8.2836],
              [124.364, 8.2836],
              [124.364, 8.284],
              [124.3636, 8.284],
              [124.3636, 8.2836]
            ]
          ],
          [
            [
              [124.3612, 8.2856],
              [124.3612, 8.2852],
              [124.3608, 8.2852],
              [124.3608, 8.2848],
              [124.3612, 8.2848],
              [124.3612, 8.2852],
              [124.3612, 8.2856]
            ]
          ],
          [
            [
              [124.4588, 8.2856],
              [124.4588, 8.286],
              [124.4584, 8.286],
              [124.4584, 8.2856],
              [124.4588, 8.2856]
            ]
          ],
          [
            [
              [124.434, 8.2872],
              [124.4336, 8.2872],
              [124.4336, 8.2868],
              [124.4332, 8.2868],
              [124.4328, 8.2864],
              [124.4324, 8.2864],
              [124.4324, 8.286],
              [124.4324, 8.2848],
              [124.432, 8.2844],
              [124.4324, 8.2844],
              [124.4324, 8.2848],
              [124.4324, 8.2852],
              [124.4324, 8.2856],
              [124.4324, 8.286],
              [124.4328, 8.2864],
              [124.4332, 8.2864],
              [124.4332, 8.2868],
              [124.4336, 8.2868],
              [124.434, 8.2872]
            ]
          ],
          [
            [
              [124.434, 8.2872],
              [124.4344, 8.2872],
              [124.4344, 8.2876],
              [124.4344, 8.288],
              [124.4344, 8.2884],
              [124.434, 8.2884],
              [124.4336, 8.2884],
              [124.434, 8.2884],
              [124.434, 8.288],
              [124.4344, 8.288],
              [124.4344, 8.2876],
              [124.434, 8.2876],
              [124.434, 8.2872]
            ]
          ],
          [
            [
              [124.3684, 8.2928],
              [124.368, 8.2928],
              [124.368, 8.2924],
              [124.3676, 8.2924],
              [124.3672, 8.2924],
              [124.3668, 8.2924],
              [124.3664, 8.2924],
              [124.366, 8.2924],
              [124.366, 8.2928],
              [124.3656, 8.2928],
              [124.3652, 8.2928],
              [124.364, 8.2932],
              [124.3636, 8.294],
              [124.3636, 8.2936],
              [124.364, 8.2932],
              [124.3644, 8.2932],
              [124.3648, 8.2928],
              [124.3652, 8.2928],
              [124.3656, 8.2924],
              [124.366, 8.2924],
              [124.3664, 8.2924],
              [124.3668, 8.2924],
              [124.3672, 8.2924],
              [124.368, 8.2924],
              [124.3684, 8.2924],
              [124.3684, 8.2928]
            ]
          ],
          [
            [
              [124.4272, 8.2944],
              [124.4276, 8.2944],
              [124.4276, 8.2948],
              [124.4272, 8.2948],
              [124.4272, 8.2944]
            ]
          ],
          [
            [
              [124.444, 8.3004],
              [124.4436, 8.3008],
              [124.4432, 8.3008],
              [124.4436, 8.3004],
              [124.444, 8.3004]
            ]
          ],
          [
            [
              [124.4432, 8.3008],
              [124.4428, 8.3012],
              [124.4428, 8.3008],
              [124.4432, 8.3008]
            ]
          ],
          [
            [
              [124.4432, 8.302],
              [124.4428, 8.302],
              [124.4428, 8.3016],
              [124.4432, 8.3016],
              [124.4432, 8.302]
            ]
          ],
          [
            [
              [124.41, 8.3032],
              [124.41, 8.3028],
              [124.4104, 8.3028],
              [124.4104, 8.3032],
              [124.41, 8.3032]
            ]
          ],
          [
            [
              [124.456, 8.306],
              [124.4556, 8.306],
              [124.4556, 8.3056],
              [124.4556, 8.3052],
              [124.456, 8.3052],
              [124.456, 8.306]
            ]
          ],
          [
            [
              [124.4116, 8.306],
              [124.412, 8.3064],
              [124.4116, 8.3064],
              [124.4116, 8.306]
            ]
          ],
          [
            [
              [124.42, 8.3072],
              [124.4204, 8.3072],
              [124.42, 8.3076],
              [124.42, 8.3072]
            ]
          ],
          [
            [
              [124.4348, 8.3108],
              [124.4344, 8.3108],
              [124.4344, 8.3104],
              [124.4348, 8.3104],
              [124.4348, 8.3108]
            ]
          ],
          [
            [
              [124.4204, 8.3136],
              [124.4204, 8.3132],
              [124.4204, 8.3128],
              [124.42, 8.3128],
              [124.42, 8.3124],
              [124.4196, 8.3124],
              [124.4196, 8.312],
              [124.4196, 8.3116],
              [124.42, 8.3116],
              [124.42, 8.3112],
              [124.4204, 8.3112],
              [124.4196, 8.312],
              [124.42, 8.3124],
              [124.4204, 8.3124],
              [124.4204, 8.3128],
              [124.4204, 8.3132],
              [124.4204, 8.3136]
            ]
          ],
          [
            [
              [124.3768, 8.3144],
              [124.3768, 8.3148],
              [124.3764, 8.3148],
              [124.376, 8.3148],
              [124.3764, 8.3148],
              [124.3768, 8.3144]
            ]
          ],
          [
            [
              [124.4208, 8.3144],
              [124.4208, 8.3148],
              [124.42, 8.3148],
              [124.4208, 8.3144]
            ]
          ],
          [
            [
              [124.376, 8.3152],
              [124.3756, 8.3152],
              [124.3752, 8.3152],
              [124.3748, 8.3152],
              [124.3748, 8.3148],
              [124.3752, 8.3152],
              [124.3756, 8.3152],
              [124.376, 8.3152]
            ]
          ],
          [
            [
              [124.368, 8.3148],
              [124.368, 8.3152],
              [124.368, 8.3156],
              [124.3676, 8.3156],
              [124.3676, 8.316],
              [124.3676, 8.3164],
              [124.3676, 8.316],
              [124.3676, 8.3156],
              [124.3676, 8.3152],
              [124.368, 8.3152],
              [124.368, 8.3148]
            ]
          ],
          [
            [
              [124.4192, 8.3152],
              [124.4192, 8.3156],
              [124.4192, 8.316],
              [124.4192, 8.3164],
              [124.4192, 8.3168],
              [124.4188, 8.3168],
              [124.4188, 8.3156],
              [124.4192, 8.3152]
            ]
          ],
          [
            [
              [124.4468, 8.3168],
              [124.4468, 8.3172],
              [124.446, 8.318],
              [124.446, 8.3184],
              [124.4456, 8.3184],
              [124.4456, 8.318],
              [124.446, 8.318],
              [124.446, 8.3176],
              [124.446, 8.3172],
              [124.446, 8.3168],
              [124.4456, 8.3168],
              [124.4452, 8.3168],
              [124.4452, 8.3172],
              [124.4448, 8.3172],
              [124.4448, 8.3176],
              [124.4448, 8.3184],
              [124.4444, 8.3188],
              [124.4444, 8.3184],
              [124.4444, 8.318],
              [124.4444, 8.3176],
              [124.4444, 8.3172],
              [124.4448, 8.3168],
              [124.4452, 8.3168],
              [124.4456, 8.3168],
              [124.4456, 8.3164],
              [124.446, 8.3164],
              [124.4464, 8.3164],
              [124.4464, 8.3168],
              [124.4468, 8.3168]
            ]
          ],
          [
            [
              [124.324, 8.3244],
              [124.3236, 8.3248],
              [124.3236, 8.3244],
              [124.324, 8.3244]
            ]
          ],
          [
            [
              [124.2556, 8.3256],
              [124.2552, 8.326],
              [124.2548, 8.326],
              [124.2548, 8.3256],
              [124.2552, 8.3256],
              [124.2556, 8.3256]
            ]
          ],
          [
            [
              [124.2532, 8.3264],
              [124.2536, 8.326],
              [124.2536, 8.3264],
              [124.2532, 8.3264]
            ]
          ],
          [
            [
              [124.2728, 8.3268],
              [124.2724, 8.3272],
              [124.2724, 8.3268],
              [124.2728, 8.3268]
            ]
          ],
          [
            [
              [124.2504, 8.3272],
              [124.2508, 8.3272],
              [124.2508, 8.3276],
              [124.2504, 8.3276],
              [124.2504, 8.3272]
            ]
          ],
          [
            [
              [124.2724, 8.3272],
              [124.2724, 8.3276],
              [124.272, 8.3276],
              [124.272, 8.328],
              [124.2716, 8.328],
              [124.2712, 8.328],
              [124.2708, 8.328],
              [124.2696, 8.328],
              [124.2712, 8.328],
              [124.2716, 8.328],
              [124.2716, 8.3276],
              [124.272, 8.3276],
              [124.272, 8.3272],
              [124.2724, 8.3272]
            ]
          ],
          [
            [
              [124.2692, 8.328],
              [124.2696, 8.3284],
              [124.2692, 8.3284],
              [124.2692, 8.3288],
              [124.2692, 8.3292],
              [124.2692, 8.3288],
              [124.2692, 8.3284],
              [124.2692, 8.328]
            ]
          ],
          [
            [
              [124.2648, 8.2236],
              [124.2644, 8.2236],
              [124.2644, 8.2232],
              [124.2648, 8.2232],
              [124.2648, 8.2236]
            ]
          ],
          [
            [
              [124.27, 8.2276],
              [124.27, 8.2272],
              [124.27, 8.2264],
              [124.2704, 8.2264],
              [124.2704, 8.2268],
              [124.2704, 8.2272],
              [124.27, 8.2272],
              [124.27, 8.2276]
            ]
          ],
          [
            [
              [124.2352, 8.2264],
              [124.2348, 8.2256],
              [124.2352, 8.2256],
              [124.2352, 8.226],
              [124.2352, 8.2264]
            ]
          ],
          [
            [
              [124.2716, 8.228],
              [124.272, 8.228],
              [124.272, 8.2284],
              [124.2716, 8.2284],
              [124.2716, 8.228]
            ]
          ],
          [
            [
              [124.2672, 8.2332],
              [124.2672, 8.2336],
              [124.2668, 8.2332],
              [124.2672, 8.2332]
            ]
          ],
          [
            [
              [124.2612, 8.236],
              [124.2612, 8.2364],
              [124.2608, 8.2364],
              [124.2608, 8.236],
              [124.2612, 8.236]
            ]
          ],
          [
            [
              [124.4596, 8.2372],
              [124.4596, 8.2376],
              [124.4592, 8.2376],
              [124.4596, 8.2372]
            ]
          ],
          [
            [
              [124.4592, 8.2376],
              [124.4592, 8.2384],
              [124.4592, 8.2388],
              [124.4588, 8.2388],
              [124.4588, 8.2392],
              [124.4588, 8.2396],
              [124.4588, 8.2392],
              [124.4588, 8.2388],
              [124.4592, 8.2376]
            ]
          ],
          [
            [
              [124.4588, 8.2396],
              [124.4588, 8.24],
              [124.4584, 8.24],
              [124.4584, 8.2396],
              [124.4588, 8.2396]
            ]
          ],
          [
            [
              [124.2784, 8.2408],
              [124.278, 8.2408],
              [124.278, 8.2404],
              [124.2784, 8.2408]
            ]
          ],
          [
            [
              [124.2472, 8.2392],
              [124.2468, 8.2392],
              [124.246, 8.2392],
              [124.246, 8.2396],
              [124.2452, 8.2396],
              [124.2452, 8.2388],
              [124.2452, 8.2384],
              [124.2448, 8.238],
              [124.2452, 8.2376],
              [124.2456, 8.2376],
              [124.2456, 8.238],
              [124.246, 8.2388],
              [124.2468, 8.2388],
              [124.2468, 8.2384],
              [124.2472, 8.2384],
              [124.248, 8.2384],
              [124.2484, 8.2384],
              [124.2488, 8.2384],
              [124.2492, 8.2384],
              [124.2496, 8.238],
              [124.25, 8.238],
              [124.25, 8.2384],
              [124.2504, 8.2384],
              [124.2504, 8.2388],
              [124.2512, 8.2392],
              [124.2504, 8.2392],
              [124.25, 8.2392],
              [124.25, 8.2388],
              [124.2492, 8.2392],
              [124.2492, 8.2384],
              [124.2488, 8.2384],
              [124.248, 8.2384],
              [124.2484, 8.2392],
              [124.2476, 8.2392],
              [124.2472, 8.2392]
            ]
          ],
          [
            [
              [124.2476, 8.2396],
              [124.2472, 8.2396],
              [124.2472, 8.2392],
              [124.2476, 8.2396]
            ]
          ],
          [
            [
              [124.2748, 8.244],
              [124.2752, 8.2436],
              [124.2752, 8.244],
              [124.2748, 8.244]
            ]
          ],
          [
            [
              [124.2776, 8.2448],
              [124.278, 8.2448],
              [124.278, 8.2452],
              [124.2776, 8.2448]
            ]
          ],
          [
            [
              [124.4584, 8.2472],
              [124.4588, 8.2472],
              [124.4584, 8.2476],
              [124.4584, 8.2472]
            ]
          ],
          [
            [
              [124.2644, 8.248],
              [124.2644, 8.2488],
              [124.2648, 8.2488],
              [124.2648, 8.2492],
              [124.2648, 8.2496],
              [124.2644, 8.2496],
              [124.264, 8.2492],
              [124.264, 8.2488],
              [124.2636, 8.2488],
              [124.2632, 8.2484],
              [124.2628, 8.2484],
              [124.2632, 8.248],
              [124.2636, 8.248],
              [124.2636, 8.2476],
              [124.264, 8.2484],
              [124.2644, 8.248]
            ]
          ],
          [
            [
              [124.4596, 8.2484],
              [124.4592, 8.2484],
              [124.4592, 8.248],
              [124.4596, 8.2484]
            ]
          ],
          [
            [
              [124.2468, 8.2492],
              [124.2468, 8.2496],
              [124.2464, 8.2492],
              [124.2468, 8.2492]
            ]
          ],
          [
            [
              [124.2648, 8.25],
              [124.2644, 8.25],
              [124.2648, 8.2496],
              [124.2648, 8.25]
            ]
          ],
          [
            [
              [124.2464, 8.25],
              [124.2468, 8.2504],
              [124.2468, 8.2508],
              [124.246, 8.2508],
              [124.246, 8.2504],
              [124.2464, 8.2504],
              [124.2464, 8.25]
            ]
          ],
          [
            [
              [124.2608, 8.248],
              [124.2604, 8.2476],
              [124.2604, 8.2472],
              [124.2608, 8.2472],
              [124.2608, 8.248]
            ]
          ],
          [
            [
              [124.2736, 8.2564],
              [124.2736, 8.256],
              [124.2732, 8.256],
              [124.2732, 8.2556],
              [124.2736, 8.2556],
              [124.2736, 8.256],
              [124.2736, 8.2564]
            ]
          ],
          [
            [
              [124.2816, 8.2572],
              [124.282, 8.2572],
              [124.282, 8.2576],
              [124.2812, 8.2572],
              [124.2816, 8.2572]
            ]
          ],
          [
            [
              [124.2664, 8.2596],
              [124.266, 8.2592],
              [124.2656, 8.2592],
              [124.2656, 8.2588],
              [124.2652, 8.2588],
              [124.2652, 8.2584],
              [124.2652, 8.258],
              [124.2652, 8.2576],
              [124.2652, 8.2572],
              [124.2656, 8.2576],
              [124.2656, 8.258],
              [124.2656, 8.2584],
              [124.2656, 8.2588],
              [124.2664, 8.2592],
              [124.2664, 8.2596]
            ]
          ],
          [
            [
              [124.278, 8.2612],
              [124.278, 8.2608],
              [124.2784, 8.2608],
              [124.2784, 8.2612],
              [124.278, 8.2612]
            ]
          ],
          [
            [
              [124.3588, 8.2676],
              [124.3592, 8.2672],
              [124.3592, 8.2676],
              [124.3588, 8.2676]
            ]
          ],
          [
            [
              [124.4532, 8.268],
              [124.4532, 8.2684],
              [124.4528, 8.2684],
              [124.4528, 8.268],
              [124.4532, 8.268]
            ]
          ],
          [
            [
              [124.268, 8.2688],
              [124.2676, 8.2692],
              [124.2676, 8.2688],
              [124.268, 8.2688]
            ]
          ],
          [
            [
              [124.4532, 8.2692],
              [124.4532, 8.2696],
              [124.4528, 8.2696],
              [124.4528, 8.27],
              [124.4528, 8.2704],
              [124.4524, 8.2708],
              [124.4524, 8.2704],
              [124.4524, 8.27],
              [124.4528, 8.27],
              [124.4528, 8.2696],
              [124.4532, 8.2692]
            ]
          ],
          [
            [
              [124.2656, 8.2704],
              [124.2656, 8.2708],
              [124.2652, 8.2708],
              [124.2652, 8.2704],
              [124.2656, 8.2704]
            ]
          ],
          [
            [
              [124.362, 8.2712],
              [124.3616, 8.2712],
              [124.3616, 8.2708],
              [124.362, 8.2708],
              [124.362, 8.2712]
            ]
          ],
          [
            [
              [124.452, 8.2712],
              [124.452, 8.2716],
              [124.4516, 8.2716],
              [124.452, 8.2712]
            ]
          ],
          [
            [
              [124.4516, 8.2716],
              [124.4512, 8.272],
              [124.4512, 8.2716],
              [124.4516, 8.2716]
            ]
          ],
          [
            [
              [124.3452, 8.2716],
              [124.3452, 8.272],
              [124.3448, 8.272],
              [124.3448, 8.2716],
              [124.3452, 8.2716]
            ]
          ],
          [
            [
              [124.4508, 8.272],
              [124.4504, 8.272],
              [124.4504, 8.2716],
              [124.4508, 8.272]
            ]
          ],
          [
            [
              [124.3432, 8.2728],
              [124.3436, 8.2724],
              [124.3436, 8.2728],
              [124.3432, 8.2728]
            ]
          ],
          [
            [
              [124.456, 8.2736],
              [124.4556, 8.2736],
              [124.4552, 8.2736],
              [124.4552, 8.2732],
              [124.4556, 8.2732],
              [124.456, 8.2732],
              [124.456, 8.2736]
            ]
          ],
          [
            [
              [124.454, 8.2732],
              [124.454, 8.2736],
              [124.4536, 8.2736],
              [124.4536, 8.2732],
              [124.454, 8.2732]
            ]
          ],
          [
            [
              [124.348, 8.274],
              [124.348, 8.2744],
              [124.348, 8.2748],
              [124.3476, 8.2748],
              [124.348, 8.274]
            ]
          ],
          [
            [
              [124.3604, 8.276],
              [124.3608, 8.276],
              [124.3608, 8.2764],
              [124.3612, 8.2764],
              [124.3616, 8.2764],
              [124.362, 8.276],
              [124.3624, 8.276],
              [124.3628, 8.276],
              [124.3624, 8.276],
              [124.362, 8.2764],
              [124.3616, 8.2764],
              [124.3612, 8.2764],
              [124.3604, 8.276]
            ]
          ],
          [
            [
              [124.444, 8.2784],
              [124.4436, 8.278],
              [124.444, 8.278],
              [124.444, 8.2784]
            ]
          ],
          [
            [
              [124.4448, 8.2828],
              [124.4444, 8.2824],
              [124.4444, 8.2816],
              [124.4444, 8.2812],
              [124.4444, 8.2808],
              [124.444, 8.2808],
              [124.444, 8.2804],
              [124.444, 8.28],
              [124.444, 8.2796],
              [124.444, 8.2792],
              [124.444, 8.2788],
              [124.444, 8.2784],
              [124.444, 8.2792],
              [124.444, 8.2796],
              [124.444, 8.28],
              [124.444, 8.2804],
              [124.4444, 8.2804],
              [124.4444, 8.2808],
              [124.4444, 8.2812],
              [124.4444, 8.2816],
              [124.4444, 8.282],
              [124.4448, 8.282],
              [124.4448, 8.2824],
              [124.4448, 8.2828]
            ]
          ],
          [
            [
              [124.4564, 8.2808],
              [124.456, 8.2808],
              [124.456, 8.2804],
              [124.4564, 8.2804],
              [124.4564, 8.2808]
            ]
          ],
          [
            [
              [124.4404, 8.2808],
              [124.44, 8.2808],
              [124.44, 8.28],
              [124.4404, 8.2808]
            ]
          ],
          [
            [
              [124.4592, 8.2812],
              [124.4592, 8.2816],
              [124.4588, 8.2816],
              [124.4588, 8.2812],
              [124.4592, 8.2812]
            ]
          ],
          [
            [
              [124.4564, 8.2812],
              [124.4564, 8.2816],
              [124.456, 8.2816],
              [124.456, 8.2812],
              [124.4564, 8.2812]
            ]
          ],
          [
            [
              [124.4572, 8.2824],
              [124.456, 8.2824],
              [124.456, 8.2828],
              [124.4556, 8.2828],
              [124.4556, 8.2824],
              [124.456, 8.2824],
              [124.456, 8.2816],
              [124.456, 8.282],
              [124.456, 8.2824],
              [124.4572, 8.2824]
            ]
          ],
          [
            [
              [124.458, 8.282],
              [124.458, 8.2824],
              [124.4576, 8.2824],
              [124.458, 8.282]
            ]
          ],
          [
            [
              [124.3624, 8.284],
              [124.3624, 8.2836],
              [124.3628, 8.284],
              [124.3624, 8.284]
            ]
          ],
          [
            [
              [124.4576, 8.2856],
              [124.4576, 8.286],
              [124.4572, 8.286],
              [124.4568, 8.2856],
              [124.4564, 8.2856],
              [124.4568, 8.2856],
              [124.4572, 8.2856],
              [124.4576, 8.2856]
            ]
          ],
          [
            [
              [124.3624, 8.286],
              [124.3628, 8.286],
              [124.3628, 8.2864],
              [124.3624, 8.2864],
              [124.3624, 8.286]
            ]
          ],
          [
            [
              [124.432, 8.2872],
              [124.4316, 8.2872],
              [124.4316, 8.2868],
              [124.432, 8.2872]
            ]
          ],
          [
            [
              [124.3492, 8.2872],
              [124.3492, 8.2876],
              [124.3488, 8.2876],
              [124.3492, 8.2872]
            ]
          ],
          [
            [
              [124.3512, 8.288],
              [124.3508, 8.288],
              [124.3508, 8.2876],
              [124.3512, 8.2876],
              [124.3512, 8.288]
            ]
          ],
          [
            [
              [124.4324, 8.2884],
              [124.432, 8.288],
              [124.4324, 8.288],
              [124.4324, 8.2884]
            ]
          ],
          [
            [
              [124.4484, 8.2892],
              [124.4488, 8.2888],
              [124.4488, 8.2892],
              [124.4484, 8.2892]
            ]
          ],
          [
            [
              [124.4464, 8.2904],
              [124.446, 8.2908],
              [124.446, 8.2904],
              [124.4464, 8.2904]
            ]
          ],
          [
            [
              [124.452, 8.2908],
              [124.452, 8.2912],
              [124.4516, 8.2912],
              [124.4516, 8.2908],
              [124.452, 8.2908]
            ]
          ],
          [
            [
              [124.4444, 8.2912],
              [124.4436, 8.2912],
              [124.4432, 8.2912],
              [124.4436, 8.2912],
              [124.444, 8.2908],
              [124.4444, 8.2912]
            ]
          ],
          [
            [
              [124.436, 8.2912],
              [124.4356, 8.2912],
              [124.4356, 8.2908],
              [124.436, 8.2904],
              [124.436, 8.2908],
              [124.436, 8.2912]
            ]
          ],
          [
            [
              [124.3468, 8.292],
              [124.346, 8.2924],
              [124.3456, 8.2928],
              [124.346, 8.2924],
              [124.346, 8.292],
              [124.3464, 8.292],
              [124.3468, 8.292]
            ]
          ],
          [
            [
              [124.434, 8.292],
              [124.4336, 8.292],
              [124.4336, 8.2916],
              [124.434, 8.2916],
              [124.434, 8.292]
            ]
          ],
          [
            [
              [124.3456, 8.2928],
              [124.3456, 8.2932],
              [124.3452, 8.2932],
              [124.3456, 8.2928]
            ]
          ],
          [
            [
              [124.3636, 8.294],
              [124.3636, 8.2944],
              [124.3632, 8.2944],
              [124.3632, 8.2948],
              [124.3628, 8.2948],
              [124.3628, 8.2952],
              [124.3624, 8.2952],
              [124.362, 8.2956],
              [124.362, 8.296],
              [124.3616, 8.296],
              [124.362, 8.2956],
              [124.362, 8.2952],
              [124.3624, 8.2952],
              [124.3624, 8.2948],
              [124.3628, 8.2948],
              [124.3632, 8.2944],
              [124.3632, 8.294],
              [124.3636, 8.294]
            ]
          ],
          [
            [
              [124.4532, 8.2952],
              [124.4528, 8.2956],
              [124.4528, 8.2952],
              [124.4532, 8.2952]
            ]
          ],
          [
            [
              [124.362, 8.2968],
              [124.3628, 8.2968],
              [124.3628, 8.2972],
              [124.362, 8.2972],
              [124.362, 8.2968]
            ]
          ],
          [
            [
              [124.4276, 8.2976],
              [124.4272, 8.2976],
              [124.4272, 8.2972],
              [124.4276, 8.2972],
              [124.4276, 8.2976]
            ]
          ],
          [
            [
              [124.424, 8.3004],
              [124.424, 8.3008],
              [124.4236, 8.3008],
              [124.4232, 8.3004],
              [124.4228, 8.3004],
              [124.4232, 8.3004],
              [124.4236, 8.3004],
              [124.424, 8.3004]
            ]
          ],
          [
            [
              [124.422, 8.3004],
              [124.422, 8.3008],
              [124.4216, 8.3008],
              [124.4216, 8.3004],
              [124.422, 8.3004]
            ]
          ],
          [
            [
              [124.4176, 8.3008],
              [124.4176, 8.3012],
              [124.4172, 8.3012],
              [124.4172, 8.3008],
              [124.4176, 8.3008]
            ]
          ],
          [
            [
              [124.4192, 8.3016],
              [124.4196, 8.3012],
              [124.4196, 8.3016],
              [124.4192, 8.3016]
            ]
          ],
          [
            [
              [124.4236, 8.3028],
              [124.4232, 8.3028],
              [124.4232, 8.3024],
              [124.4236, 8.3024],
              [124.4236, 8.3028]
            ]
          ],
          [
            [
              [124.3744, 8.3044],
              [124.374, 8.304],
              [124.3744, 8.304],
              [124.3744, 8.3044]
            ]
          ],
          [
            [
              [124.4104, 8.3044],
              [124.41, 8.304],
              [124.4104, 8.304],
              [124.4104, 8.3044]
            ]
          ],
          [
            [
              [124.4132, 8.3056],
              [124.4132, 8.3052],
              [124.4136, 8.3052],
              [124.4136, 8.3056],
              [124.4132, 8.3056]
            ]
          ],
          [
            [
              [124.4116, 8.306],
              [124.4112, 8.306],
              [124.4112, 8.3056],
              [124.4116, 8.306]
            ]
          ],
          [
            [
              [124.4572, 8.3072],
              [124.4568, 8.3072],
              [124.4568, 8.3068],
              [124.4572, 8.3068],
              [124.4572, 8.3072]
            ]
          ],
          [
            [
              [124.434, 8.3072],
              [124.434, 8.3076],
              [124.4336, 8.3076],
              [124.4336, 8.3072],
              [124.434, 8.3072]
            ]
          ],
          [
            [
              [124.4048, 8.3072],
              [124.4044, 8.3076],
              [124.4044, 8.3072],
              [124.4048, 8.3072]
            ]
          ],
          [
            [
              [124.4044, 8.3076],
              [124.4044, 8.308],
              [124.404, 8.308],
              [124.4044, 8.3076]
            ]
          ],
          [
            [
              [124.434, 8.3088],
              [124.4344, 8.3088],
              [124.4344, 8.3092],
              [124.434, 8.3092],
              [124.434, 8.3088]
            ]
          ],
          [
            [
              [124.4316, 8.3124],
              [124.4312, 8.3124],
              [124.4312, 8.312],
              [124.4316, 8.312],
              [124.4316, 8.3124]
            ]
          ],
          [
            [
              [124.3768, 8.314],
              [124.3772, 8.3136],
              [124.3776, 8.3136],
              [124.3776, 8.3132],
              [124.378, 8.3132],
              [124.3784, 8.3132],
              [124.3788, 8.3136],
              [124.3784, 8.3136],
              [124.3776, 8.3136],
              [124.3772, 8.3136],
              [124.3772, 8.314],
              [124.3768, 8.314]
            ]
          ],
          [
            [
              [124.4244, 8.314],
              [124.424, 8.314],
              [124.424, 8.3136],
              [124.4244, 8.3136],
              [124.4244, 8.314]
            ]
          ],
          [
            [
              [124.4208, 8.314],
              [124.4212, 8.3144],
              [124.4208, 8.3144],
              [124.4208, 8.314]
            ]
          ],
          [
            [
              [124.4176, 8.3136],
              [124.4176, 8.314],
              [124.4172, 8.314],
              [124.4176, 8.3136]
            ]
          ],
          [
            [
              [124.3768, 8.314],
              [124.3772, 8.314],
              [124.3768, 8.3144],
              [124.3768, 8.314]
            ]
          ],
          [
            [
              [124.3648, 8.314],
              [124.3648, 8.3144],
              [124.3644, 8.3144],
              [124.3644, 8.314],
              [124.3648, 8.314]
            ]
          ],
          [
            [
              [124.37, 8.3192],
              [124.37, 8.3196],
              [124.3696, 8.3196],
              [124.3696, 8.3192],
              [124.37, 8.3192]
            ]
          ],
          [
            [
              [124.46, 8.3204],
              [124.4596, 8.3208],
              [124.4596, 8.3204],
              [124.46, 8.3204]
            ]
          ],
          [
            [
              [124.2752, 8.324],
              [124.2752, 8.3244],
              [124.2748, 8.3244],
              [124.2748, 8.324],
              [124.2752, 8.324]
            ]
          ],
          [
            [
              [124.2744, 8.3248],
              [124.2744, 8.3252],
              [124.274, 8.3252],
              [124.2744, 8.3248]
            ]
          ],
          [
            [
              [124.2732, 8.3252],
              [124.2732, 8.3256],
              [124.2732, 8.326],
              [124.2728, 8.326],
              [124.2728, 8.3264],
              [124.2728, 8.3268],
              [124.2728, 8.3264],
              [124.2728, 8.326],
              [124.2728, 8.3256],
              [124.2732, 8.3256],
              [124.2732, 8.3252]
            ]
          ],
          [
            [
              [124.2532, 8.3264],
              [124.2532, 8.3268],
              [124.2528, 8.3268],
              [124.2528, 8.3264],
              [124.2532, 8.3264]
            ]
          ],
          [
            [
              [124.252, 8.3268],
              [124.252, 8.3272],
              [124.2516, 8.3272],
              [124.2516, 8.3268],
              [124.252, 8.3268]
            ]
          ],
          [
            [
              [124.2584, 8.3276],
              [124.2584, 8.3272],
              [124.2588, 8.3272],
              [124.2588, 8.3276],
              [124.2584, 8.3276]
            ]
          ]
        ]
      },
      "properties": { "lvl": 3 }
    }
  ]
}
