{
  "type": "FeatureCollection",
  "features": [
    {
      "type": "Feature",
      "geometry": {
        "type": "MultiPolygon",
        "coordinates": [
          [
            [
              [124.1308, 8.1764],
              [124.1304, 8.1764],
              [124.1308, 8.176],
              [124.1308, 8.1764]
            ]
          ],
          [
            [
              [124.1308, 8.1768],
              [124.1304, 8.1772],
              [124.1304, 8.1768],
              [124.1308, 8.1768]
            ]
          ],
          [
            [
              [124.1216, 8.178],
              [124.1212, 8.178],
              [124.1212, 8.1776],
              [124.1216, 8.178]
            ]
          ],
          [
            [
              [124.166, 8.1792],
              [124.1656, 8.1792],
              [124.166, 8.1788],
              [124.166, 8.1792]
            ]
          ],
          [
            [
              [124.1296, 8.178],
              [124.1296, 8.1784],
              [124.1284, 8.1784],
              [124.128, 8.1788],
              [124.1276, 8.1796],
              [124.1276, 8.18],
              [124.1272, 8.1804],
              [124.1272, 8.1796],
              [124.1276, 8.1796],
              [124.1276, 8.1792],
              [124.128, 8.1788],
              [124.128, 8.1784],
              [124.1292, 8.1784],
              [124.1296, 8.178]
            ]
          ],
          [
            [
              [124.1544, 8.182],
              [124.1544, 8.1816],
              [124.1548, 8.1816],
              [124.1548, 8.182],
              [124.1544, 8.182]
            ]
          ],
          [
            [
              [124.1572, 8.1836],
              [124.1568, 8.1836],
              [124.1564, 8.1828],
              [124.1556, 8.1824],
              [124.1556, 8.182],
              [124.1568, 8.1824],
              [124.1568, 8.1828],
              [124.1572, 8.1832],
              [124.1572, 8.1836]
            ]
          ],
          [
            [
              [124.166, 8.184],
              [124.1656, 8.184],
              [124.1656, 8.1832],
              [124.1664, 8.1828],
              [124.1664, 8.1832],
              [124.166, 8.1832],
              [124.166, 8.184]
            ]
          ],
          [
            [
              [124.1388, 8.1844],
              [124.1388, 8.184],
              [124.1396, 8.184],
              [124.1396, 8.1844],
              [124.1388, 8.1844]
            ]
          ],
          [
            [
              [124.154, 8.182],
              [124.154, 8.1828],
              [124.1544, 8.1828],
              [124.1544, 8.1836],
              [124.1536, 8.1836],
              [124.1536, 8.184],
              [124.1528, 8.1844],
              [124.152, 8.1844],
              [124.1496, 8.1848],
              [124.1496, 8.1844],
              [124.1488, 8.1844],
              [124.1484, 8.184],
              [124.1488, 8.1844],
              [124.15, 8.1844],
              [124.1516, 8.1844],
              [124.1524, 8.1844],
              [124.154, 8.1836],
              [124.154, 8.182]
            ]
          ],
          [
            [
              [124.1388, 8.1844],
              [124.1388, 8.1848],
              [124.1384, 8.1848],
              [124.138, 8.1848],
              [124.138, 8.1844],
              [124.1384, 8.1844],
              [124.1388, 8.1844]
            ]
          ],
          [
            [
              [124.1452, 8.1852],
              [124.1448, 8.1852],
              [124.1452, 8.1848],
              [124.1452, 8.1852]
            ]
          ],
          [
            [
              [124.132, 8.1856],
              [124.1316, 8.1852],
              [124.132, 8.1848],
              [124.1336, 8.1848],
              [124.134, 8.1848],
              [124.134, 8.1852],
              [124.132, 8.1852],
              [124.132, 8.1856]
            ]
          ],
          [
            [
              [124.1588, 8.1844],
              [124.1592, 8.1844],
              [124.16, 8.1844],
              [124.16, 8.184],
              [124.1604, 8.1836],
              [124.1608, 8.1836],
              [124.1608, 8.1844],
              [124.1612, 8.1848],
              [124.1616, 8.1848],
              [124.1616, 8.1852],
              [124.1624, 8.1852],
              [124.1644, 8.1852],
              [124.1644, 8.1848],
              [124.1652, 8.1848],
              [124.1652, 8.184],
              [124.1652, 8.1852],
              [124.1644, 8.1856],
              [124.1628, 8.1856],
              [124.162, 8.1856],
              [124.162, 8.1852],
              [124.1612, 8.1852],
              [124.1604, 8.1852],
              [124.1604, 8.1848],
              [124.1596, 8.1848],
              [124.1592, 8.1848],
              [124.1588, 8.1844]
            ]
          ],
          [
            [
              [124.1336, 8.186],
              [124.1336, 8.1856],
              [124.1328, 8.1856],
              [124.1332, 8.1852],
              [124.1336, 8.1856],
              [124.1336, 8.186]
            ]
          ],
          [
            [
              [124.1312, 8.1864],
              [124.1308, 8.1864],
              [124.1304, 8.1864],
              [124.1304, 8.186],
              [124.1312, 8.186],
              [124.1312, 8.1864]
            ]
          ],
          [
            [
              [124.1336, 8.186],
              [124.134, 8.1864],
              [124.1336, 8.1864],
              [124.1328, 8.1864],
              [124.1336, 8.1864],
              [124.1336, 8.186]
            ]
          ],
          [
            [
              [124.1276, 8.1848],
              [124.128, 8.1848],
              [124.128, 8.1852],
              [124.1284, 8.1856],
              [124.1288, 8.186],
              [124.1288, 8.1864],
              [124.1296, 8.1864],
              [124.1296, 8.1868],
              [124.1284, 8.1868],
              [124.1284, 8.1864],
              [124.1284, 8.1856],
              [124.128, 8.1856],
              [124.1276, 8.1852],
              [124.1276, 8.1848]
            ]
          ],
          [
            [
              [124.1708, 8.1876],
              [124.1712, 8.1872],
              [124.1716, 8.1872],
              [124.1724, 8.1876],
              [124.1744, 8.1876],
              [124.1744, 8.188],
              [124.172, 8.188],
              [124.172, 8.1876],
              [124.1716, 8.1876],
              [124.1708, 8.1876]
            ]
          ],
          [
            [
              [124.1764, 8.1908],
              [124.176, 8.1908],
              [124.176, 8.1904],
              [124.1764, 8.1908]
            ]
          ],
          [
            [
              [124.1808, 8.192],
              [124.1804, 8.192],
              [124.1804, 8.1916],
              [124.1808, 8.192]
            ]
          ],
          [
            [
              [124.1844, 8.1968],
              [124.1844, 8.1964],
              [124.1848, 8.1964],
              [124.1844, 8.1968]
            ]
          ],
          [
            [
              [124.1952, 8.1996],
              [124.1948, 8.1996],
              [124.1948, 8.1992],
              [124.1952, 8.1992],
              [124.1952, 8.1996]
            ]
          ],
          [
            [
              [124.1992, 8.2024],
              [124.1996, 8.2028],
              [124.1996, 8.2036],
              [124.1996, 8.2028],
              [124.1992, 8.2028],
              [124.1992, 8.2024]
            ]
          ],
          [
            [
              [124.2, 8.204],
              [124.1996, 8.204],
              [124.1996, 8.2036],
              [124.2, 8.204]
            ]
          ],
          [
            [
              [124.2008, 8.2044],
              [124.2004, 8.2044],
              [124.2004, 8.204],
              [124.2008, 8.2044]
            ]
          ],
          [
            [
              [124.2004, 8.206],
              [124.2, 8.2064],
              [124.2, 8.206],
              [124.2004, 8.206]
            ]
          ],
          [
            [
              [124.2196, 8.2092],
              [124.2192, 8.2092],
              [124.2192, 8.2088],
              [124.2196, 8.2092]
            ]
          ],
          [
            [
              [124.2036, 8.2092],
              [124.2032, 8.2092],
              [124.2036, 8.2088],
              [124.2036, 8.2092]
            ]
          ],
          [
            [
              [124.2212, 8.2096],
              [124.2208, 8.2096],
              [124.2208, 8.2092],
              [124.2212, 8.2096]
            ]
          ],
          [
            [
              [124.218, 8.2092],
              [124.2176, 8.2096],
              [124.2172, 8.2096],
              [124.216, 8.2096],
              [124.2168, 8.2096],
              [124.218, 8.2092]
            ]
          ],
          [
            [
              [124.2156, 8.2096],
              [124.2156, 8.21],
              [124.2152, 8.21],
              [124.2156, 8.2096]
            ]
          ],
          [
            [
              [124.2104, 8.2108],
              [124.21, 8.2108],
              [124.21, 8.2104],
              [124.2096, 8.21],
              [124.208, 8.21],
              [124.2076, 8.21],
              [124.21, 8.21],
              [124.2104, 8.2104],
              [124.2104, 8.2108]
            ]
          ],
          [
            [
              [124.2224, 8.2108],
              [124.2228, 8.2112],
              [124.2224, 8.2112],
              [124.2224, 8.2108]
            ]
          ],
          [
            [
              [124.224, 8.212],
              [124.2236, 8.212],
              [124.2236, 8.2116],
              [124.224, 8.212]
            ]
          ],
          [
            [
              [124.2248, 8.2132],
              [124.2244, 8.2132],
              [124.2244, 8.2128],
              [124.2248, 8.2132]
            ]
          ],
          [
            [
              [124.2496, 8.2188],
              [124.2492, 8.2188],
              [124.2488, 8.2184],
              [124.2496, 8.2184],
              [124.2496, 8.2188]
            ]
          ],
          [
            [
              [124.242, 8.2192],
              [124.2416, 8.2192],
              [124.2416, 8.2188],
              [124.242, 8.2192]
            ]
          ],
          [
            [
              [124.2404, 8.2192],
              [124.24, 8.2192],
              [124.2404, 8.2188],
              [124.2404, 8.2192]
            ]
          ],
          [
            [
              [124.2432, 8.22],
              [124.2428, 8.22],
              [124.2428, 8.2196],
              [124.2432, 8.22]
            ]
          ],
          [
            [
              [124.2416, 8.22],
              [124.2412, 8.2196],
              [124.2416, 8.2196],
              [124.2416, 8.22]
            ]
          ],
          [
            [
              [124.25, 8.2192],
              [124.2504, 8.2196],
              [124.2504, 8.22],
              [124.25, 8.22],
              [124.25, 8.2196],
              [124.25, 8.2192]
            ]
          ],
          [
            [
              [124.2432, 8.22],
              [124.2436, 8.2204],
              [124.2432, 8.2204],
              [124.2432, 8.22]
            ]
          ],
          [
            [
              [124.238, 8.2204],
              [124.2376, 8.2208],
              [124.2376, 8.2204],
              [124.238, 8.2204]
            ]
          ],
          [
            [
              [124.248, 8.2208],
              [124.248, 8.2212],
              [124.2472, 8.2212],
              [124.2472, 8.2208],
              [124.248, 8.2208]
            ]
          ],
          [
            [
              [124.2444, 8.2212],
              [124.244, 8.2212],
              [124.244, 8.2208],
              [124.2444, 8.2212]
            ]
          ],
          [
            [
              [124.2436, 8.222],
              [124.2432, 8.2216],
              [124.2436, 8.2216],
              [124.2436, 8.222]
            ]
          ],
          [
            [
              [124.2484, 8.2216],
              [124.2484, 8.222],
              [124.248, 8.222],
              [124.2484, 8.2216]
            ]
          ],
          [
            [
              [124.2472, 8.2212],
              [124.2468, 8.2216],
              [124.2468, 8.222],
              [124.2464, 8.222],
              [124.246, 8.222],
              [124.2456, 8.2216],
              [124.246, 8.2216],
              [124.2464, 8.2216],
              [124.2464, 8.2212],
              [124.2468, 8.2212],
              [124.2472, 8.2212]
            ]
          ],
          [
            [
              [124.2476, 8.2224],
              [124.2476, 8.2228],
              [124.2468, 8.2224],
              [124.2472, 8.2224],
              [124.2476, 8.2224]
            ]
          ],
          [
            [
              [124.2364, 8.2212],
              [124.2364, 8.2232],
              [124.236, 8.2232],
              [124.236, 8.2236],
              [124.2352, 8.2236],
              [124.2352, 8.2224],
              [124.2356, 8.2224],
              [124.2356, 8.222],
              [124.2344, 8.2208],
              [124.234, 8.2196],
              [124.234, 8.2192],
              [124.2336, 8.2184],
              [124.2332, 8.218],
              [124.2328, 8.218],
              [124.2324, 8.218],
              [124.2324, 8.2176],
              [124.232, 8.2176],
              [124.2316, 8.2172],
              [124.2312, 8.2172],
              [124.2304, 8.2164],
              [124.2304, 8.216],
              [124.23, 8.216],
              [124.2288, 8.2156],
              [124.2288, 8.2152],
              [124.2284, 8.2152],
              [124.228, 8.2152],
              [124.228, 8.2148],
              [124.2268, 8.2148],
              [124.2264, 8.2144],
              [124.2264, 8.214],
              [124.2292, 8.214],
              [124.2296, 8.2144],
              [124.2296, 8.2148],
              [124.23, 8.2152],
              [124.2308, 8.2156],
              [124.2316, 8.2164],
              [124.2324, 8.2168],
              [124.2328, 8.2168],
              [124.2332, 8.2172],
              [124.234, 8.2176],
              [124.2344, 8.2176],
              [124.2348, 8.218],
              [124.2348, 8.2184],
              [124.2348, 8.2192],
              [124.2352, 8.2192],
              [124.2356, 8.2188],
              [124.236, 8.2188],
              [124.236, 8.2192],
              [124.2356, 8.2196],
              [124.2352, 8.2204],
              [124.2356, 8.2204],
              [124.2364, 8.2212]
            ],
            [
              [124.2356, 8.2232],
              [124.236, 8.2232],
              [124.236, 8.2228],
              [124.2352, 8.2228],
              [124.2356, 8.2232]
            ]
          ],
          [
            [
              [124.2384, 8.2252],
              [124.238, 8.2252],
              [124.238, 8.2248],
              [124.238, 8.2244],
              [124.2376, 8.224],
              [124.2376, 8.2236],
              [124.2372, 8.2232],
              [124.2372, 8.2216],
              [124.2372, 8.2212],
              [124.2376, 8.2208],
              [124.2384, 8.2208],
              [124.2388, 8.2208],
              [124.2392, 8.2212],
              [124.2392, 8.222],
              [124.2388, 8.222],
              [124.2388, 8.2236],
              [124.2388, 8.224],
              [124.2384, 8.224],
              [124.2384, 8.2244],
              [124.2384, 8.2252]
            ]
          ],
          [
            [
              [124.2372, 8.2252],
              [124.2372, 8.226],
              [124.2368, 8.226],
              [124.2368, 8.2252],
              [124.2372, 8.2252]
            ]
          ],
          [
            [
              [124.2476, 8.2476],
              [124.2472, 8.2472],
              [124.2472, 8.2464],
              [124.2472, 8.246],
              [124.2476, 8.246],
              [124.2476, 8.2456],
              [124.2484, 8.2452],
              [124.2488, 8.2448],
              [124.2488, 8.2444],
              [124.2484, 8.2444],
              [124.2484, 8.244],
              [124.2476, 8.244],
              [124.2472, 8.2424],
              [124.2472, 8.2416],
              [124.2468, 8.2412],
              [124.2464, 8.2408],
              [124.246, 8.2408],
              [124.2448, 8.2408],
              [124.2444, 8.2404],
              [124.2436, 8.2404],
              [124.2436, 8.24],
              [124.2432, 8.24],
              [124.2428, 8.24],
              [124.2424, 8.2396],
              [124.2424, 8.2392],
              [124.242, 8.2392],
              [124.2416, 8.2388],
              [124.2416, 8.2376],
              [124.242, 8.2376],
              [124.2424, 8.2372],
              [124.2428, 8.2364],
              [124.2428, 8.236],
              [124.2428, 8.2352],
              [124.2428, 8.2344],
              [124.2428, 8.2332],
              [124.2428, 8.2328],
              [124.2428, 8.2316],
              [124.2432, 8.2316],
              [124.2432, 8.23],
              [124.2424, 8.2292],
              [124.242, 8.2288],
              [124.2412, 8.2288],
              [124.2408, 8.2284],
              [124.2404, 8.228],
              [124.2388, 8.228],
              [124.2384, 8.228],
              [124.2384, 8.2276],
              [124.2376, 8.2276],
              [124.2376, 8.2272],
              [124.238, 8.2268],
              [124.238, 8.2264],
              [124.2384, 8.226],
              [124.2388, 8.2264],
              [124.24, 8.2264],
              [124.2404, 8.226],
              [124.2408, 8.226],
              [124.2416, 8.2268],
              [124.242, 8.2272],
              [124.242, 8.2276],
              [124.2424, 8.228],
              [124.2428, 8.2284],
              [124.2432, 8.2292],
              [124.2432, 8.2296],
              [124.2436, 8.23],
              [124.2436, 8.2304],
              [124.244, 8.2304],
              [124.244, 8.2308],
              [124.2444, 8.2312],
              [124.2444, 8.2316],
              [124.244, 8.2316],
              [124.244, 8.2328],
              [124.2444, 8.2332],
              [124.2444, 8.2336],
              [124.2448, 8.234],
              [124.2452, 8.2344],
              [124.2456, 8.2348],
              [124.2456, 8.2356],
              [124.2452, 8.236],
              [124.2448, 8.2364],
              [124.2448, 8.2368],
              [124.2448, 8.2372],
              [124.244, 8.2376],
              [124.2436, 8.238],
              [124.2432, 8.238],
              [124.2428, 8.238],
              [124.2428, 8.2392],
              [124.244, 8.2392],
              [124.2444, 8.2388],
              [124.2448, 8.2388],
              [124.2452, 8.238],
              [124.246, 8.2376],
              [124.2464, 8.2372],
              [124.2464, 8.2368],
              [124.2468, 8.2364],
              [124.2476, 8.2364],
              [124.248, 8.2368],
              [124.2484, 8.2376],
              [124.2484, 8.2388],
              [124.2484, 8.2396],
              [124.248, 8.24],
              [124.248, 8.2428],
              [124.248, 8.2432],
              [124.2488, 8.2444],
              [124.2492, 8.2452],
              [124.2492, 8.246],
              [124.2484, 8.246],
              [124.248, 8.2464],
              [124.2476, 8.2468],
              [124.2476, 8.2476]
            ]
          ],
          [
            [
              [124.2476, 8.2476],
              [124.248, 8.248],
              [124.248, 8.2484],
              [124.2476, 8.2476]
            ]
          ],
          [
            [
              [124.2464, 8.2488],
              [124.246, 8.2484],
              [124.2464, 8.2484],
              [124.2464, 8.2488]
            ]
          ],
          [
            [
              [124.2452, 8.2488],
              [124.2452, 8.2484],
              [124.2456, 8.2484],
              [124.2452, 8.2488]
            ]
          ],
          [
            [
              [124.2564, 8.2496],
              [124.256, 8.2496],
              [124.2556, 8.2492],
              [124.2548, 8.2492],
              [124.2544, 8.2492],
              [124.2548, 8.2488],
              [124.256, 8.2488],
              [124.2564, 8.2496]
            ]
          ],
          [
            [
              [124.2468, 8.2488],
              [124.2468, 8.2492],
              [124.2468, 8.2496],
              [124.2464, 8.2488],
              [124.2468, 8.2488]
            ]
          ],
          [
            [
              [124.2556, 8.25],
              [124.2552, 8.25],
              [124.2552, 8.2496],
              [124.2556, 8.2496],
              [124.2556, 8.25]
            ]
          ],
          [
            [
              [124.2512, 8.2504],
              [124.2508, 8.2504],
              [124.2512, 8.25],
              [124.2512, 8.2504]
            ]
          ],
          [
            [
              [124.2452, 8.2496],
              [124.2452, 8.2504],
              [124.2448, 8.2504],
              [124.2448, 8.2496],
              [124.2452, 8.2496]
            ]
          ],
          [
            [
              [124.2492, 8.25],
              [124.2496, 8.2504],
              [124.2504, 8.2504],
              [124.2492, 8.2504],
              [124.2492, 8.25]
            ]
          ],
          [
            [
              [124.2516, 8.2492],
              [124.2516, 8.2488],
              [124.252, 8.2488],
              [124.252, 8.2484],
              [124.2524, 8.2484],
              [124.2528, 8.248],
              [124.2532, 8.248],
              [124.2552, 8.248],
              [124.2568, 8.248],
              [124.2576, 8.2484],
              [124.258, 8.2492],
              [124.258, 8.25],
              [124.2576, 8.2508],
              [124.2572, 8.2504],
              [124.2568, 8.25],
              [124.2576, 8.25],
              [124.2576, 8.2496],
              [124.2572, 8.2484],
              [124.2568, 8.2484],
              [124.2544, 8.2484],
              [124.2532, 8.2484],
              [124.252, 8.2492],
              [124.2516, 8.2492]
            ]
          ],
          [
            [
              [124.2572, 8.2516],
              [124.2568, 8.2516],
              [124.2568, 8.2512],
              [124.2572, 8.2516]
            ]
          ],
          [
            [
              [124.2488, 8.2524],
              [124.2484, 8.2524],
              [124.2484, 8.252],
              [124.2492, 8.252],
              [124.2488, 8.252],
              [124.2488, 8.2524]
            ]
          ],
          [
            [
              [124.2572, 8.2524],
              [124.2576, 8.252],
              [124.258, 8.252],
              [124.2584, 8.2524],
              [124.2584, 8.2532],
              [124.258, 8.2524],
              [124.2576, 8.2528],
              [124.2572, 8.2524]
            ]
          ],
          [
            [
              [124.2536, 8.2524],
              [124.2532, 8.2528],
              [124.2528, 8.2536],
              [124.2528, 8.254],
              [124.2524, 8.2544],
              [124.2524, 8.2548],
              [124.2512, 8.2556],
              [124.2508, 8.2548],
              [124.2508, 8.254],
              [124.2508, 8.2532],
              [124.2512, 8.2524],
              [124.2508, 8.2524],
              [124.2504, 8.252],
              [124.2508, 8.2516],
              [124.2516, 8.2516],
              [124.2512, 8.2516],
              [124.2512, 8.2532],
              [124.2516, 8.2532],
              [124.2524, 8.2532],
              [124.2524, 8.2528],
              [124.2532, 8.2528],
              [124.2532, 8.2524],
              [124.2536, 8.2524]
            ],
            [
              [124.2516, 8.2548],
              [124.252, 8.2548],
              [124.252, 8.2544],
              [124.2512, 8.2544],
              [124.2516, 8.2548]
            ]
          ],
          [
            [
              [124.2632, 8.2564],
              [124.2612, 8.2564],
              [124.2612, 8.256],
              [124.2616, 8.256],
              [124.2624, 8.256],
              [124.2632, 8.256],
              [124.2632, 8.2564]
            ]
          ],
          [
            [
              [124.2732, 8.258],
              [124.272, 8.258],
              [124.272, 8.2576],
              [124.2732, 8.2576],
              [124.2732, 8.258]
            ]
          ],
          [
            [
              [124.27, 8.258],
              [124.2692, 8.258],
              [124.2692, 8.2576],
              [124.27, 8.2576],
              [124.27, 8.258]
            ]
          ],
          [
            [
              [124.2592, 8.2556],
              [124.2588, 8.256],
              [124.2588, 8.2572],
              [124.258, 8.2576],
              [124.2568, 8.2576],
              [124.256, 8.258],
              [124.256, 8.2572],
              [124.2556, 8.2572],
              [124.2556, 8.2564],
              [124.2564, 8.256],
              [124.2564, 8.2568],
              [124.2572, 8.2568],
              [124.258, 8.2572],
              [124.258, 8.256],
              [124.2584, 8.2556],
              [124.2592, 8.2556]
            ]
          ],
          [
            [
              [124.2752, 8.258],
              [124.2756, 8.2584],
              [124.276, 8.2584],
              [124.2764, 8.2588],
              [124.2752, 8.2588],
              [124.274, 8.258],
              [124.2748, 8.258],
              [124.2752, 8.2584],
              [124.2752, 8.258]
            ]
          ],
          [
            [
              [124.2564, 8.2644],
              [124.2568, 8.2644],
              [124.2568, 8.2652],
              [124.2564, 8.2652],
              [124.2564, 8.2644]
            ]
          ],
          [
            [
              [124.2576, 8.2672],
              [124.2572, 8.2672],
              [124.2568, 8.2672],
              [124.2564, 8.2672],
              [124.2564, 8.2656],
              [124.2564, 8.2668],
              [124.2568, 8.2672],
              [124.2576, 8.2672]
            ]
          ],
          [
            [
              [124.2588, 8.27],
              [124.2584, 8.27],
              [124.2584, 8.2688],
              [124.2588, 8.2688],
              [124.2592, 8.2684],
              [124.2596, 8.2688],
              [124.2588, 8.2688],
              [124.2588, 8.27]
            ]
          ],
          [
            [
              [124.2604, 8.2716],
              [124.2604, 8.2712],
              [124.2596, 8.2708],
              [124.2592, 8.2708],
              [124.2588, 8.2704],
              [124.2596, 8.2704],
              [124.2596, 8.2708],
              [124.2604, 8.2708],
              [124.2604, 8.2716]
            ]
          ],
          [
            [
              [124.2612, 8.2724],
              [124.2608, 8.2724],
              [124.2604, 8.2724],
              [124.2604, 8.2716],
              [124.2608, 8.272],
              [124.2612, 8.2724]
            ]
          ],
          [
            [
              [124.264, 8.2736],
              [124.2636, 8.2736],
              [124.2636, 8.274],
              [124.2632, 8.274],
              [124.2628, 8.2736],
              [124.2624, 8.2732],
              [124.264, 8.2732],
              [124.264, 8.2736]
            ]
          ],
          [
            [
              [124.2668, 8.2756],
              [124.2676, 8.276],
              [124.2676, 8.2776],
              [124.268, 8.278],
              [124.2684, 8.2784],
              [124.2684, 8.2788],
              [124.268, 8.2788],
              [124.2676, 8.2776],
              [124.2676, 8.2764],
              [124.2672, 8.276],
              [124.2668, 8.276],
              [124.2668, 8.2756]
            ]
          ],
          [
            [
              [124.2664, 8.2788],
              [124.266, 8.2788],
              [124.266, 8.2784],
              [124.266, 8.278],
              [124.2648, 8.278],
              [124.2644, 8.2784],
              [124.2648, 8.278],
              [124.266, 8.278],
              [124.2664, 8.2784],
              [124.2664, 8.2788]
            ]
          ],
          [
            [
              [124.2664, 8.2788],
              [124.2672, 8.2788],
              [124.2672, 8.2792],
              [124.2664, 8.2792],
              [124.2664, 8.2788]
            ]
          ],
          [
            [
              [124.2664, 8.2816],
              [124.266, 8.2816],
              [124.266, 8.2804],
              [124.2664, 8.2804],
              [124.2664, 8.2816]
            ]
          ],
          [
            [
              [124.2648, 8.2856],
              [124.264, 8.2852],
              [124.264, 8.2844],
              [124.2644, 8.2844],
              [124.2648, 8.2836],
              [124.2648, 8.2832],
              [124.266, 8.282],
              [124.2664, 8.282],
              [124.2664, 8.2816],
              [124.2664, 8.2824],
              [124.2656, 8.2828],
              [124.2656, 8.2832],
              [124.2652, 8.2832],
              [124.2648, 8.2836],
              [124.2644, 8.2844],
              [124.2644, 8.2852],
              [124.2648, 8.2852],
              [124.2648, 8.2856]
            ]
          ],
          [
            [
              [124.2648, 8.2864],
              [124.2652, 8.286],
              [124.2652, 8.2864],
              [124.2648, 8.2864]
            ]
          ],
          [
            [
              [124.2644, 8.2888],
              [124.2644, 8.2868],
              [124.2648, 8.2868],
              [124.2648, 8.2888],
              [124.2644, 8.2888]
            ]
          ],
          [
            [
              [124.2576, 8.2944],
              [124.258, 8.2948],
              [124.2572, 8.2948],
              [124.2572, 8.2944],
              [124.2576, 8.2944]
            ]
          ],
          [
            [
              [124.2536, 8.3112],
              [124.2532, 8.3112],
              [124.2532, 8.3104],
              [124.2536, 8.3104],
              [124.2536, 8.3112]
            ]
          ],
          [
            [
              [124.2536, 8.3128],
              [124.2536, 8.3136],
              [124.2532, 8.3136],
              [124.2532, 8.3128],
              [124.2536, 8.3128]
            ]
          ],
          [
            [
              [124.2532, 8.314],
              [124.2524, 8.314],
              [124.2524, 8.3136],
              [124.252, 8.3136],
              [124.252, 8.3132],
              [124.2524, 8.3128],
              [124.2528, 8.3128],
              [124.2528, 8.314],
              [124.2532, 8.314]
            ]
          ],
          [
            [
              [124.25, 8.3172],
              [124.25, 8.3168],
              [124.2508, 8.3168],
              [124.2512, 8.3164],
              [124.2512, 8.3172],
              [124.25, 8.3172]
            ]
          ],
          [
            [
              [124.2468, 8.328],
              [124.2464, 8.328],
              [124.2464, 8.3276],
              [124.2468, 8.328]
            ]
          ],
          [
            [
              [124.2472, 8.3288],
              [124.2476, 8.3288],
              [124.2476, 8.3296],
              [124.2472, 8.3296],
              [124.2472, 8.3288]
            ]
          ]
        ]
      },
      "properties": { "lvl": 1 }
    },
    {
      "type": "Feature",
      "geometry": {
        "type": "MultiPolygon",
        "coordinates": [
          [
            [
              [124.128, 8.1764],
              [124.128, 8.176],
              [124.1288, 8.176],
              [124.1288, 8.1764],
              [124.128, 8.1764]
            ]
          ],
          [
            [
              [124.1304, 8.1772],
              [124.1304, 8.1776],
              [124.13, 8.1776],
              [124.13, 8.178],
              [124.1296, 8.178],
              [124.1292, 8.1784],
              [124.128, 8.1784],
              [124.128, 8.1788],
              [124.1276, 8.1792],
              [124.1276, 8.1796],
              [124.1272, 8.1796],
              [124.1272, 8.1804],
              [124.1268, 8.1804],
              [124.1268, 8.1808],
              [124.1264, 8.1812],
              [124.1264, 8.1816],
              [124.126, 8.1816],
              [124.126, 8.182],
              [124.126, 8.1824],
              [124.126, 8.1828],
              [124.126, 8.1832],
              [124.126, 8.1836],
              [124.1264, 8.1836],
              [124.1268, 8.184],
              [124.1268, 8.1844],
              [124.1272, 8.1844],
              [124.1276, 8.1848],
              [124.1276, 8.1852],
              [124.128, 8.1856],
              [124.1284, 8.1856],
              [124.1284, 8.1864],
              [124.1284, 8.1868],
              [124.1296, 8.1868],
              [124.1296, 8.1864],
              [124.13, 8.1864],
              [124.1304, 8.1864],
              [124.1308, 8.1864],
              [124.1304, 8.1868],
              [124.13, 8.1868],
              [124.1292, 8.1868],
              [124.1292, 8.1872],
              [124.128, 8.1872],
              [124.1276, 8.1868],
              [124.1272, 8.1868],
              [124.1272, 8.1864],
              [124.1268, 8.1864],
              [124.1264, 8.1856],
              [124.126, 8.1852],
              [124.126, 8.1844],
              [124.126, 8.184],
              [124.1256, 8.1836],
              [124.1256, 8.182],
              [124.126, 8.182],
              [124.126, 8.1816],
              [124.1248, 8.1816],
              [124.1248, 8.1812],
              [124.1252, 8.1812],
              [124.1252, 8.1804],
              [124.1256, 8.18],
              [124.126, 8.18],
              [124.1264, 8.18],
              [124.1268, 8.1796],
              [124.1268, 8.1792],
              [124.1272, 8.1792],
              [124.1272, 8.1788],
              [124.1272, 8.178],
              [124.1276, 8.178],
              [124.1284, 8.178],
              [124.1284, 8.1776],
              [124.1292, 8.1776],
              [124.1296, 8.1776],
              [124.13, 8.1776],
              [124.1304, 8.1772]
            ]
          ],
          [
            [
              [124.1212, 8.178],
              [124.1204, 8.178],
              [124.1204, 8.1784],
              [124.1212, 8.1784],
              [124.1212, 8.178],
              [124.1216, 8.178],
              [124.1216, 8.1784],
              [124.1216, 8.1792],
              [124.122, 8.1792],
              [124.122, 8.1796],
              [124.1228, 8.1796],
              [124.12, 8.1796],
              [124.12, 8.1792],
              [124.12, 8.178],
              [124.12, 8.1776],
              [124.1204, 8.1776],
              [124.1212, 8.1776],
              [124.1212, 8.178]
            ]
          ],
          [
            [
              [124.1668, 8.1792],
              [124.1668, 8.1784],
              [124.166, 8.1784],
              [124.1664, 8.178],
              [124.1668, 8.178],
              [124.1668, 8.1784],
              [124.1672, 8.1784],
              [124.1672, 8.1788],
              [124.1668, 8.1792]
            ]
          ],
          [
            [
              [124.1668, 8.1792],
              [124.1668, 8.1796],
              [124.1664, 8.18],
              [124.1664, 8.1796],
              [124.1668, 8.1792]
            ]
          ],
          [
            [
              [124.1656, 8.184],
              [124.1656, 8.1828],
              [124.1668, 8.182],
              [124.1672, 8.182],
              [124.1672, 8.1812],
              [124.1664, 8.1812],
              [124.166, 8.1808],
              [124.1664, 8.18],
              [124.1664, 8.1808],
              [124.1668, 8.1808],
              [124.1672, 8.1812],
              [124.1672, 8.1816],
              [124.1676, 8.1816],
              [124.1676, 8.182],
              [124.1676, 8.1824],
              [124.1672, 8.1824],
              [124.1668, 8.1824],
              [124.1664, 8.1824],
              [124.1664, 8.1828],
              [124.1656, 8.1832],
              [124.1656, 8.184]
            ]
          ],
          [
            [
              [124.1652, 8.1832],
              [124.1656, 8.1832],
              [124.1656, 8.1844],
              [124.1656, 8.186],
              [124.1652, 8.186],
              [124.1648, 8.186],
              [124.1644, 8.1864],
              [124.1628, 8.1864],
              [124.1628, 8.186],
              [124.1624, 8.186],
              [124.162, 8.1856],
              [124.1604, 8.1856],
              [124.1596, 8.1852],
              [124.1588, 8.1852],
              [124.1584, 8.1848],
              [124.1576, 8.1848],
              [124.1572, 8.1848],
              [124.1572, 8.1844],
              [124.156, 8.1844],
              [124.1544, 8.1844],
              [124.1536, 8.1844],
              [124.1528, 8.1848],
              [124.1524, 8.1848],
              [124.1516, 8.1848],
              [124.1516, 8.1852],
              [124.15, 8.1852],
              [124.1496, 8.1852],
              [124.1496, 8.1848],
              [124.1484, 8.1848],
              [124.148, 8.1848],
              [124.1476, 8.1848],
              [124.1476, 8.1844],
              [124.148, 8.1844],
              [124.1484, 8.184],
              [124.1488, 8.1844],
              [124.1496, 8.1844],
              [124.1496, 8.1848],
              [124.152, 8.1844],
              [124.1528, 8.1844],
              [124.1536, 8.184],
              [124.1536, 8.1836],
              [124.1544, 8.1836],
              [124.1544, 8.1828],
              [124.154, 8.1828],
              [124.154, 8.182],
              [124.1544, 8.182],
              [124.1548, 8.182],
              [124.1548, 8.1816],
              [124.1552, 8.1816],
              [124.1556, 8.182],
              [124.1556, 8.1824],
              [124.1564, 8.1828],
              [124.1568, 8.1836],
              [124.1572, 8.1836],
              [124.1576, 8.184],
              [124.158, 8.184],
              [124.1584, 8.1844],
              [124.1588, 8.1844],
              [124.1592, 8.1848],
              [124.1596, 8.1848],
              [124.1604, 8.1848],
              [124.1604, 8.1852],
              [124.1612, 8.1852],
              [124.162, 8.1852],
              [124.162, 8.1856],
              [124.1628, 8.1856],
              [124.1644, 8.1856],
              [124.1652, 8.1852],
              [124.1652, 8.184],
              [124.1652, 8.1836],
              [124.1652, 8.1832]
            ]
          ],
          [
            [
              [124.1652, 8.1832],
              [124.1648, 8.1828],
              [124.1648, 8.1824],
              [124.1652, 8.1824],
              [124.1652, 8.1828],
              [124.1652, 8.1832]
            ]
          ],
          [
            [
              [124.1672, 8.1844],
              [124.1668, 8.1844],
              [124.166, 8.1848],
              [124.1656, 8.1844],
              [124.1656, 8.184],
              [124.166, 8.184],
              [124.1668, 8.184],
              [124.1672, 8.184],
              [124.1672, 8.1844]
            ]
          ],
          [
            [
              [124.1444, 8.1852],
              [124.1424, 8.1852],
              [124.1424, 8.1856],
              [124.142, 8.1856],
              [124.142, 8.186],
              [124.1408, 8.1864],
              [124.14, 8.1864],
              [124.14, 8.1868],
              [124.1392, 8.1868],
              [124.1392, 8.1864],
              [124.1384, 8.1864],
              [124.1384, 8.1868],
              [124.138, 8.1868],
              [124.1372, 8.1864],
              [124.1356, 8.1864],
              [124.1352, 8.1864],
              [124.1348, 8.1868],
              [124.1336, 8.1868],
              [124.1324, 8.1868],
              [124.132, 8.1864],
              [124.1328, 8.1864],
              [124.1336, 8.1864],
              [124.134, 8.1864],
              [124.1336, 8.186],
              [124.1336, 8.1856],
              [124.1332, 8.1852],
              [124.1328, 8.1856],
              [124.1324, 8.1856],
              [124.132, 8.1856],
              [124.132, 8.1852],
              [124.134, 8.1852],
              [124.134, 8.1848],
              [124.1344, 8.1848],
              [124.1368, 8.1848],
              [124.1372, 8.1844],
              [124.1376, 8.1844],
              [124.138, 8.1844],
              [124.138, 8.1848],
              [124.1384, 8.1848],
              [124.1388, 8.1848],
              [124.1388, 8.1844],
              [124.1396, 8.1844],
              [124.14, 8.1844],
              [124.1404, 8.1848],
              [124.1416, 8.1848],
              [124.142, 8.1848],
              [124.1424, 8.1848],
              [124.1428, 8.1852],
              [124.1444, 8.1852]
            ]
          ],
          [
            [
              [124.146, 8.1848],
              [124.146, 8.1852],
              [124.1452, 8.1852],
              [124.1452, 8.1848],
              [124.146, 8.1848]
            ]
          ],
          [
            [
              [124.1676, 8.186],
              [124.1672, 8.186],
              [124.1672, 8.1856],
              [124.1676, 8.1856],
              [124.1676, 8.186]
            ]
          ],
          [
            [
              [124.174, 8.1896],
              [124.1736, 8.1896],
              [124.1736, 8.1888],
              [124.1732, 8.1884],
              [124.172, 8.1884],
              [124.172, 8.188],
              [124.1716, 8.188],
              [124.1708, 8.188],
              [124.1708, 8.1876],
              [124.17, 8.188],
              [124.17, 8.1876],
              [124.1692, 8.1876],
              [124.1704, 8.1876],
              [124.1708, 8.1876],
              [124.1716, 8.1876],
              [124.172, 8.1876],
              [124.172, 8.188],
              [124.1744, 8.188],
              [124.1748, 8.188],
              [124.1756, 8.1892],
              [124.1752, 8.1892],
              [124.1748, 8.1892],
              [124.1744, 8.1888],
              [124.174, 8.1892],
              [124.174, 8.1896]
            ]
          ],
          [
            [
              [124.1796, 8.1912],
              [124.1792, 8.1912],
              [124.1776, 8.1912],
              [124.1772, 8.1912],
              [124.1764, 8.1912],
              [124.1764, 8.1908],
              [124.1768, 8.1908],
              [124.1772, 8.1908],
              [124.1772, 8.1912],
              [124.1776, 8.1912],
              [124.178, 8.1908],
              [124.1788, 8.1908],
              [124.1792, 8.1912],
              [124.1796, 8.1912]
            ]
          ],
          [
            [
              [124.1804, 8.192],
              [124.18, 8.1916],
              [124.1796, 8.1916],
              [124.1796, 8.1912],
              [124.18, 8.1912],
              [124.18, 8.1916],
              [124.1804, 8.1916],
              [124.1804, 8.192]
            ]
          ],
          [
            [
              [124.1812, 8.1924],
              [124.1808, 8.192],
              [124.1812, 8.192],
              [124.1812, 8.1924]
            ]
          ],
          [
            [
              [124.1844, 8.1944],
              [124.184, 8.1944],
              [124.184, 8.1936],
              [124.1836, 8.1932],
              [124.1832, 8.1932],
              [124.1836, 8.1932],
              [124.184, 8.1932],
              [124.1844, 8.1932],
              [124.1844, 8.1936],
              [124.1844, 8.194],
              [124.1844, 8.1944]
            ]
          ],
          [
            [
              [124.1924, 8.1952],
              [124.192, 8.1956],
              [124.192, 8.1952],
              [124.1924, 8.1948],
              [124.1924, 8.1952]
            ]
          ],
          [
            [
              [124.1912, 8.1952],
              [124.1916, 8.1952],
              [124.1916, 8.1956],
              [124.1912, 8.1956],
              [124.1912, 8.1952]
            ]
          ],
          [
            [
              [124.1996, 8.204],
              [124.1996, 8.2036],
              [124.1992, 8.2032],
              [124.1988, 8.2028],
              [124.198, 8.2024],
              [124.1976, 8.2024],
              [124.1976, 8.202],
              [124.1972, 8.202],
              [124.1964, 8.2012],
              [124.1964, 8.2008],
              [124.1956, 8.2004],
              [124.1956, 8.2],
              [124.1952, 8.2],
              [124.1948, 8.1996],
              [124.1944, 8.1996],
              [124.194, 8.1992],
              [124.1932, 8.1988],
              [124.1932, 8.1984],
              [124.1936, 8.1984],
              [124.194, 8.1988],
              [124.1944, 8.1988],
              [124.1948, 8.1992],
              [124.1948, 8.1996],
              [124.1952, 8.1996],
              [124.1956, 8.1996],
              [124.1956, 8.2],
              [124.196, 8.2],
              [124.196, 8.2004],
              [124.1964, 8.2004],
              [124.1968, 8.2008],
              [124.1968, 8.2012],
              [124.1972, 8.2012],
              [124.1972, 8.2016],
              [124.1976, 8.2016],
              [124.1976, 8.202],
              [124.198, 8.202],
              [124.1984, 8.202],
              [124.1988, 8.2024],
              [124.1992, 8.2024],
              [124.1992, 8.2028],
              [124.1996, 8.2028],
              [124.1996, 8.2036],
              [124.1996, 8.204]
            ]
          ],
          [
            [
              [124.2004, 8.2056],
              [124.2008, 8.2052],
              [124.2008, 8.2056],
              [124.2004, 8.2056]
            ]
          ],
          [
            [
              [124.2012, 8.208],
              [124.2008, 8.2076],
              [124.2012, 8.2076],
              [124.2012, 8.208]
            ]
          ],
          [
            [
              [124.2192, 8.2092],
              [124.2184, 8.2092],
              [124.218, 8.2092],
              [124.218, 8.2096],
              [124.2156, 8.2096],
              [124.216, 8.2096],
              [124.2172, 8.2096],
              [124.2176, 8.2096],
              [124.218, 8.2092],
              [124.2184, 8.2088],
              [124.2188, 8.2088],
              [124.2192, 8.2084],
              [124.2192, 8.2088],
              [124.2192, 8.2092]
            ]
          ],
          [
            [
              [124.2036, 8.2096],
              [124.2036, 8.21],
              [124.2032, 8.2096],
              [124.2032, 8.2092],
              [124.2036, 8.2092],
              [124.2036, 8.2096]
            ]
          ],
          [
            [
              [124.2208, 8.2096],
              [124.2196, 8.2096],
              [124.2196, 8.2092],
              [124.2208, 8.2092],
              [124.2208, 8.2096]
            ]
          ],
          [
            [
              [124.2076, 8.21],
              [124.2056, 8.21],
              [124.206, 8.2096],
              [124.2064, 8.2096],
              [124.2072, 8.2096],
              [124.2076, 8.2096],
              [124.2076, 8.21]
            ]
          ],
          [
            [
              [124.2224, 8.2108],
              [124.222, 8.2104],
              [124.222, 8.2096],
              [124.2224, 8.2096],
              [124.2224, 8.21],
              [124.2224, 8.2104],
              [124.2224, 8.2108]
            ]
          ],
          [
            [
              [124.2152, 8.2104],
              [124.2152, 8.2108],
              [124.2148, 8.2104],
              [124.2152, 8.2104]
            ]
          ],
          [
            [
              [124.2104, 8.2108],
              [124.2096, 8.2108],
              [124.2092, 8.2108],
              [124.2092, 8.2104],
              [124.208, 8.21],
              [124.2096, 8.21],
              [124.21, 8.2104],
              [124.21, 8.2108],
              [124.2104, 8.2108]
            ]
          ],
          [
            [
              [124.2104, 8.2108],
              [124.2108, 8.2108],
              [124.2112, 8.2108],
              [124.2112, 8.2112],
              [124.2104, 8.2108]
            ]
          ],
          [
            [
              [124.2236, 8.212],
              [124.2232, 8.212],
              [124.2232, 8.2116],
              [124.2228, 8.2116],
              [124.2224, 8.2112],
              [124.2228, 8.2112],
              [124.2232, 8.2112],
              [124.2236, 8.2112],
              [124.2236, 8.2116],
              [124.2236, 8.212]
            ]
          ],
          [
            [
              [124.224, 8.2124],
              [124.2236, 8.212],
              [124.224, 8.212],
              [124.224, 8.2124]
            ]
          ],
          [
            [
              [124.2244, 8.2132],
              [124.224, 8.2128],
              [124.224, 8.2124],
              [124.2244, 8.2128],
              [124.2244, 8.2132]
            ]
          ],
          [
            [
              [124.2372, 8.2252],
              [124.2368, 8.2252],
              [124.2368, 8.226],
              [124.2372, 8.226],
              [124.2372, 8.2252],
              [124.2376, 8.2252],
              [124.2376, 8.2264],
              [124.2372, 8.2264],
              [124.2364, 8.2276],
              [124.2352, 8.2276],
              [124.2348, 8.2268],
              [124.2344, 8.2264],
              [124.2344, 8.226],
              [124.2344, 8.2256],
              [124.234, 8.2252],
              [124.2336, 8.2252],
              [124.2332, 8.2244],
              [124.2324, 8.2228],
              [124.2328, 8.2224],
              [124.2328, 8.22],
              [124.2324, 8.2196],
              [124.232, 8.2192],
              [124.232, 8.2188],
              [124.2316, 8.2184],
              [124.2312, 8.2184],
              [124.2308, 8.218],
              [124.2304, 8.2176],
              [124.2296, 8.2168],
              [124.2292, 8.2164],
              [124.2284, 8.2164],
              [124.2272, 8.2152],
              [124.2268, 8.2152],
              [124.2264, 8.2152],
              [124.2264, 8.2148],
              [124.2256, 8.214],
              [124.2248, 8.2136],
              [124.2244, 8.2132],
              [124.2248, 8.2132],
              [124.2252, 8.2132],
              [124.2252, 8.2136],
              [124.2256, 8.2136],
              [124.226, 8.214],
              [124.2264, 8.214],
              [124.2264, 8.2144],
              [124.2268, 8.2148],
              [124.228, 8.2148],
              [124.228, 8.2152],
              [124.2284, 8.2152],
              [124.2288, 8.2152],
              [124.2288, 8.2156],
              [124.23, 8.216],
              [124.2304, 8.216],
              [124.2304, 8.2164],
              [124.2312, 8.2172],
              [124.2316, 8.2172],
              [124.232, 8.2176],
              [124.2324, 8.2176],
              [124.2324, 8.218],
              [124.2328, 8.218],
              [124.2332, 8.218],
              [124.2336, 8.2184],
              [124.234, 8.2192],
              [124.234, 8.2196],
              [124.2344, 8.2208],
              [124.2356, 8.222],
              [124.2356, 8.2224],
              [124.2352, 8.2224],
              [124.2352, 8.2236],
              [124.236, 8.2236],
              [124.236, 8.2232],
              [124.2364, 8.2232],
              [124.2364, 8.2212],
              [124.2364, 8.2232],
              [124.2368, 8.2232],
              [124.2368, 8.224],
              [124.2368, 8.2244],
              [124.2372, 8.2248],
              [124.2372, 8.2252]
            ]
          ],
          [
            [
              [124.244, 8.2212],
              [124.2444, 8.2212],
              [124.2452, 8.2212],
              [124.2456, 8.2216],
              [124.246, 8.222],
              [124.2464, 8.222],
              [124.2468, 8.222],
              [124.2468, 8.2216],
              [124.2472, 8.2212],
              [124.248, 8.2212],
              [124.248, 8.2208],
              [124.2484, 8.2208],
              [124.2488, 8.2204],
              [124.2492, 8.2204],
              [124.2492, 8.22],
              [124.2492, 8.2196],
              [124.2492, 8.2192],
              [124.2492, 8.2188],
              [124.2496, 8.2188],
              [124.25, 8.2192],
              [124.25, 8.2196],
              [124.25, 8.22],
              [124.25, 8.2204],
              [124.25, 8.2208],
              [124.25, 8.2204],
              [124.2496, 8.2204],
              [124.2496, 8.2208],
              [124.2492, 8.2208],
              [124.2492, 8.2212],
              [124.2488, 8.2212],
              [124.2488, 8.2216],
              [124.2484, 8.2216],
              [124.248, 8.222],
              [124.2476, 8.2224],
              [124.2472, 8.2224],
              [124.2468, 8.2224],
              [124.2464, 8.2224],
              [124.246, 8.2224],
              [124.2448, 8.2224],
              [124.2444, 8.2224],
              [124.244, 8.222],
              [124.2436, 8.222],
              [124.2444, 8.222],
              [124.2452, 8.222],
              [124.2456, 8.222],
              [124.2452, 8.2216],
              [124.2448, 8.2216],
              [124.2444, 8.2216],
              [124.244, 8.2212]
            ]
          ],
          [
            [
              [124.2416, 8.2192],
              [124.2404, 8.2192],
              [124.2404, 8.2188],
              [124.2416, 8.2188],
              [124.2416, 8.2192]
            ]
          ],
          [
            [
              [124.242, 8.2192],
              [124.2424, 8.2192],
              [124.2424, 8.2196],
              [124.242, 8.2192]
            ]
          ],
          [
            [
              [124.24, 8.22],
              [124.2396, 8.22],
              [124.24, 8.2196],
              [124.24, 8.22]
            ]
          ],
          [
            [
              [124.2384, 8.2196],
              [124.238, 8.22],
              [124.238, 8.2196],
              [124.2384, 8.2196]
            ]
          ],
          [
            [
              [124.2424, 8.2204],
              [124.242, 8.2204],
              [124.242, 8.22],
              [124.2424, 8.2204]
            ]
          ],
          [
            [
              [124.2384, 8.2204],
              [124.2388, 8.22],
              [124.2388, 8.2204],
              [124.2384, 8.2204]
            ]
          ],
          [
            [
              [124.2432, 8.2212],
              [124.2428, 8.2212],
              [124.2428, 8.2208],
              [124.2432, 8.2212]
            ]
          ],
          [
            [
              [124.2428, 8.2208],
              [124.2424, 8.2204],
              [124.2428, 8.2204],
              [124.2428, 8.2208]
            ]
          ],
          [
            [
              [124.2368, 8.2208],
              [124.2364, 8.2212],
              [124.2364, 8.2208],
              [124.2368, 8.2208]
            ]
          ],
          [
            [
              [124.2384, 8.2252],
              [124.2384, 8.2256],
              [124.238, 8.2252],
              [124.2384, 8.2252]
            ]
          ],
          [
            [
              [124.2488, 8.2524],
              [124.2488, 8.2528],
              [124.2484, 8.2536],
              [124.2472, 8.2536],
              [124.2472, 8.2532],
              [124.2472, 8.2524],
              [124.2476, 8.2524],
              [124.2476, 8.2508],
              [124.2472, 8.2508],
              [124.2476, 8.25],
              [124.2484, 8.25],
              [124.2484, 8.2496],
              [124.248, 8.2488],
              [124.2476, 8.2488],
              [124.2472, 8.248],
              [124.2468, 8.2472],
              [124.246, 8.2472],
              [124.2452, 8.2472],
              [124.2448, 8.2476],
              [124.2448, 8.248],
              [124.2444, 8.2484],
              [124.2436, 8.248],
              [124.2436, 8.2476],
              [124.2436, 8.2464],
              [124.2436, 8.2456],
              [124.244, 8.2452],
              [124.2436, 8.2448],
              [124.2436, 8.2424],
              [124.2432, 8.242],
              [124.242, 8.242],
              [124.242, 8.2416],
              [124.2416, 8.2416],
              [124.2416, 8.2408],
              [124.2412, 8.2404],
              [124.2408, 8.24],
              [124.2408, 8.2396],
              [124.2404, 8.2396],
              [124.24, 8.2392],
              [124.24, 8.2388],
              [124.2396, 8.2388],
              [124.2392, 8.2384],
              [124.2392, 8.238],
              [124.2388, 8.2372],
              [124.2384, 8.2372],
              [124.2384, 8.2368],
              [124.2384, 8.2356],
              [124.238, 8.2356],
              [124.238, 8.2352],
              [124.2376, 8.2348],
              [124.2372, 8.2348],
              [124.2368, 8.2344],
              [124.236, 8.2344],
              [124.2356, 8.234],
              [124.2348, 8.234],
              [124.2348, 8.2336],
              [124.2348, 8.2328],
              [124.2344, 8.2324],
              [124.2344, 8.232],
              [124.2344, 8.2312],
              [124.234, 8.2312],
              [124.234, 8.2288],
              [124.2344, 8.2288],
              [124.2348, 8.2288],
              [124.2348, 8.2284],
              [124.2356, 8.2284],
              [124.2364, 8.228],
              [124.2368, 8.228],
              [124.2376, 8.2272],
              [124.2376, 8.2276],
              [124.2384, 8.2276],
              [124.2384, 8.228],
              [124.2388, 8.228],
              [124.2404, 8.228],
              [124.2408, 8.2284],
              [124.2412, 8.2288],
              [124.242, 8.2288],
              [124.2424, 8.2292],
              [124.2432, 8.23],
              [124.2432, 8.2316],
              [124.2428, 8.2316],
              [124.2428, 8.2328],
              [124.2428, 8.2332],
              [124.2428, 8.2344],
              [124.2428, 8.2352],
              [124.2428, 8.236],
              [124.2428, 8.2364],
              [124.2424, 8.2372],
              [124.242, 8.2376],
              [124.2416, 8.2376],
              [124.2416, 8.2388],
              [124.242, 8.2392],
              [124.2424, 8.2392],
              [124.2424, 8.2396],
              [124.2428, 8.24],
              [124.2432, 8.24],
              [124.2436, 8.24],
              [124.2436, 8.2404],
              [124.2444, 8.2404],
              [124.2448, 8.2408],
              [124.246, 8.2408],
              [124.2464, 8.2408],
              [124.2468, 8.2412],
              [124.2472, 8.2416],
              [124.2472, 8.2424],
              [124.2476, 8.244],
              [124.2484, 8.244],
              [124.2484, 8.2444],
              [124.2488, 8.2444],
              [124.2488, 8.2448],
              [124.2484, 8.2452],
              [124.2476, 8.2456],
              [124.2476, 8.246],
              [124.2472, 8.246],
              [124.2472, 8.2464],
              [124.2472, 8.2472],
              [124.2476, 8.2476],
              [124.248, 8.2484],
              [124.248, 8.2488],
              [124.2484, 8.2488],
              [124.2484, 8.2492],
              [124.2488, 8.2496],
              [124.2492, 8.25],
              [124.2492, 8.2504],
              [124.2504, 8.2504],
              [124.2496, 8.2508],
              [124.2496, 8.2512],
              [124.2492, 8.2516],
              [124.2492, 8.252],
              [124.2484, 8.252],
              [124.2484, 8.2524],
              [124.2488, 8.2524]
            ],
            [
              [124.2384, 8.2348],
              [124.2388, 8.2348],
              [124.2396, 8.2348],
              [124.2396, 8.234],
              [124.2392, 8.2336],
              [124.2388, 8.2336],
              [124.2384, 8.234],
              [124.238, 8.234],
              [124.238, 8.2348],
              [124.2384, 8.2348]
            ]
          ],
          [
            [
              [124.2512, 8.25],
              [124.2512, 8.2496],
              [124.2516, 8.2496],
              [124.2516, 8.2492],
              [124.252, 8.2492],
              [124.2532, 8.2484],
              [124.2544, 8.2484],
              [124.2568, 8.2484],
              [124.2572, 8.2484],
              [124.2576, 8.2496],
              [124.2576, 8.25],
              [124.2568, 8.25],
              [124.2564, 8.2496],
              [124.256, 8.2488],
              [124.2548, 8.2488],
              [124.2544, 8.2492],
              [124.2544, 8.2496],
              [124.2552, 8.2496],
              [124.2552, 8.25],
              [124.2536, 8.25],
              [124.2536, 8.2496],
              [124.2536, 8.2492],
              [124.2528, 8.2496],
              [124.2528, 8.25],
              [124.2516, 8.25],
              [124.2512, 8.25]
            ]
          ],
          [
            [
              [124.2464, 8.2504],
              [124.2464, 8.25],
              [124.2468, 8.2496],
              [124.2468, 8.2492],
              [124.2468, 8.25],
              [124.2464, 8.2504]
            ]
          ],
          [
            [
              [124.246, 8.2504],
              [124.2472, 8.2516],
              [124.2468, 8.2524],
              [124.2456, 8.2524],
              [124.2452, 8.252],
              [124.2452, 8.2512],
              [124.2456, 8.2512],
              [124.2456, 8.2516],
              [124.2456, 8.252],
              [124.246, 8.252],
              [124.2464, 8.2516],
              [124.2464, 8.2512],
              [124.246, 8.2508],
              [124.2456, 8.2512],
              [124.2452, 8.2512],
              [124.2448, 8.2512],
              [124.2444, 8.2504],
              [124.2444, 8.2496],
              [124.2452, 8.2492],
              [124.2452, 8.2496],
              [124.2448, 8.2496],
              [124.2448, 8.2504],
              [124.2452, 8.2504],
              [124.2456, 8.2504],
              [124.246, 8.2504]
            ]
          ],
          [
            [
              [124.2564, 8.2504],
              [124.256, 8.25],
              [124.2564, 8.25],
              [124.2564, 8.2504]
            ]
          ],
          [
            [
              [124.2564, 8.2504],
              [124.2568, 8.2504],
              [124.2568, 8.2508],
              [124.2564, 8.2504]
            ]
          ],
          [
            [
              [124.252, 8.2508],
              [124.252, 8.2512],
              [124.2516, 8.2512],
              [124.252, 8.2508]
            ]
          ],
          [
            [
              [124.2516, 8.2512],
              [124.2516, 8.2516],
              [124.2508, 8.2516],
              [124.2512, 8.2512],
              [124.2516, 8.2512]
            ]
          ],
          [
            [
              [124.26, 8.2556],
              [124.2592, 8.2556],
              [124.2584, 8.2556],
              [124.258, 8.256],
              [124.258, 8.2572],
              [124.2572, 8.2568],
              [124.2564, 8.2568],
              [124.2564, 8.256],
              [124.2556, 8.2564],
              [124.2556, 8.2572],
              [124.256, 8.2572],
              [124.256, 8.258],
              [124.2556, 8.2584],
              [124.2552, 8.2584],
              [124.2552, 8.2588],
              [124.2552, 8.2592],
              [124.2548, 8.2596],
              [124.2548, 8.26],
              [124.2548, 8.2584],
              [124.2548, 8.2568],
              [124.2552, 8.2568],
              [124.2552, 8.2552],
              [124.2548, 8.2548],
              [124.2544, 8.2544],
              [124.254, 8.2544],
              [124.2536, 8.2548],
              [124.2532, 8.2548],
              [124.2528, 8.2552],
              [124.2528, 8.2556],
              [124.2524, 8.256],
              [124.2524, 8.2576],
              [124.252, 8.2576],
              [124.2516, 8.2584],
              [124.2508, 8.2584],
              [124.2504, 8.258],
              [124.25, 8.2576],
              [124.2496, 8.2576],
              [124.2492, 8.2572],
              [124.2488, 8.2568],
              [124.2492, 8.2564],
              [124.2496, 8.2564],
              [124.25, 8.2564],
              [124.2504, 8.256],
              [124.2504, 8.2544],
              [124.2504, 8.252],
              [124.2508, 8.2524],
              [124.2512, 8.2524],
              [124.2508, 8.2532],
              [124.2508, 8.254],
              [124.2508, 8.2548],
              [124.2512, 8.2556],
              [124.2524, 8.2548],
              [124.2524, 8.2544],
              [124.2528, 8.254],
              [124.2528, 8.2536],
              [124.2532, 8.2528],
              [124.2536, 8.2524],
              [124.2536, 8.2516],
              [124.254, 8.2516],
              [124.254, 8.2508],
              [124.2544, 8.2508],
              [124.2548, 8.2512],
              [124.2552, 8.2512],
              [124.256, 8.2516],
              [124.256, 8.2524],
              [124.2552, 8.2524],
              [124.2548, 8.252],
              [124.2548, 8.2516],
              [124.2544, 8.2516],
              [124.2544, 8.252],
              [124.2548, 8.252],
              [124.2548, 8.2524],
              [124.2552, 8.2528],
              [124.2552, 8.2532],
              [124.2552, 8.2536],
              [124.2556, 8.254],
              [124.256, 8.254],
              [124.2572, 8.254],
              [124.2576, 8.2544],
              [124.2576, 8.2548],
              [124.258, 8.2548],
              [124.2584, 8.2552],
              [124.2592, 8.2556],
              [124.26, 8.2556]
            ]
          ],
          [
            [
              [124.2492, 8.252],
              [124.2488, 8.2524],
              [124.2488, 8.252],
              [124.2492, 8.252]
            ]
          ],
          [
            [
              [124.2584, 8.2536],
              [124.2576, 8.2528],
              [124.258, 8.2524],
              [124.2584, 8.2532],
              [124.2584, 8.2536]
            ]
          ],
          [
            [
              [124.26, 8.2548],
              [124.2596, 8.2544],
              [124.26, 8.2544],
              [124.26, 8.2548]
            ]
          ],
          [
            [
              [124.264, 8.2552],
              [124.2644, 8.2552],
              [124.2644, 8.2556],
              [124.264, 8.2552]
            ]
          ],
          [
            [
              [124.2656, 8.256],
              [124.2652, 8.2556],
              [124.2656, 8.2556],
              [124.2656, 8.256]
            ]
          ],
          [
            [
              [124.2664, 8.2564],
              [124.266, 8.256],
              [124.2664, 8.256],
              [124.2664, 8.2564]
            ]
          ],
          [
            [
              [124.2636, 8.2564],
              [124.2632, 8.2564],
              [124.2632, 8.256],
              [124.2624, 8.256],
              [124.2644, 8.256],
              [124.264, 8.256],
              [124.2636, 8.2564]
            ]
          ],
          [
            [
              [124.268, 8.2572],
              [124.2676, 8.2568],
              [124.268, 8.2568],
              [124.268, 8.2572]
            ]
          ],
          [
            [
              [124.268, 8.2572],
              [124.2688, 8.2572],
              [124.2696, 8.2572],
              [124.27, 8.2572],
              [124.274, 8.2572],
              [124.274, 8.2576],
              [124.2744, 8.2576],
              [124.2748, 8.2576],
              [124.2752, 8.258],
              [124.2752, 8.2584],
              [124.2748, 8.258],
              [124.274, 8.258],
              [124.2736, 8.258],
              [124.2732, 8.258],
              [124.2732, 8.2576],
              [124.272, 8.2576],
              [124.272, 8.258],
              [124.2716, 8.258],
              [124.27, 8.258],
              [124.27, 8.2576],
              [124.2692, 8.2576],
              [124.2688, 8.2576],
              [124.2684, 8.2576],
              [124.2676, 8.2576],
              [124.2672, 8.2572],
              [124.268, 8.2572]
            ]
          ],
          [
            [
              [124.2672, 8.2572],
              [124.2668, 8.2572],
              [124.2664, 8.2572],
              [124.2656, 8.2572],
              [124.2656, 8.2568],
              [124.2652, 8.2564],
              [124.2656, 8.2564],
              [124.266, 8.2568],
              [124.2668, 8.2568],
              [124.2672, 8.2572]
            ]
          ],
          [
            [
              [124.2548, 8.2604],
              [124.2548, 8.2612],
              [124.2544, 8.2612],
              [124.2548, 8.2604]
            ]
          ],
          [
            [
              [124.2588, 8.2704],
              [124.2584, 8.2704],
              [124.2584, 8.27],
              [124.2584, 8.2696],
              [124.258, 8.2692],
              [124.2576, 8.2692],
              [124.2576, 8.2688],
              [124.2572, 8.2684],
              [124.2568, 8.2684],
              [124.2564, 8.268],
              [124.256, 8.2676],
              [124.2552, 8.2672],
              [124.2552, 8.2668],
              [124.2556, 8.2664],
              [124.2556, 8.266],
              [124.256, 8.2656],
              [124.256, 8.2648],
              [124.2556, 8.2644],
              [124.2552, 8.264],
              [124.2552, 8.2636],
              [124.2552, 8.2632],
              [124.2556, 8.2632],
              [124.2556, 8.2636],
              [124.256, 8.2636],
              [124.2564, 8.264],
              [124.2564, 8.2644],
              [124.2564, 8.2652],
              [124.2564, 8.2656],
              [124.2564, 8.2672],
              [124.2568, 8.2672],
              [124.2572, 8.2672],
              [124.2576, 8.2672],
              [124.258, 8.2668],
              [124.258, 8.2672],
              [124.2584, 8.2672],
              [124.2584, 8.2676],
              [124.2588, 8.2676],
              [124.2588, 8.268],
              [124.2592, 8.268],
              [124.2592, 8.2684],
              [124.2588, 8.2688],
              [124.2584, 8.2688],
              [124.2584, 8.27],
              [124.2588, 8.27],
              [124.2588, 8.2704]
            ]
          ],
          [
            [
              [124.2604, 8.2716],
              [124.26, 8.2712],
              [124.2596, 8.2712],
              [124.2596, 8.2708],
              [124.2592, 8.2708],
              [124.2588, 8.2704],
              [124.2592, 8.2708],
              [124.2596, 8.2708],
              [124.2604, 8.2712],
              [124.2604, 8.2716]
            ]
          ],
          [
            [
              [124.2608, 8.2724],
              [124.2612, 8.2724],
              [124.2616, 8.2728],
              [124.262, 8.2732],
              [124.2624, 8.2732],
              [124.2628, 8.2736],
              [124.2632, 8.274],
              [124.2636, 8.274],
              [124.2636, 8.2736],
              [124.264, 8.2736],
              [124.2644, 8.2736],
              [124.2648, 8.274],
              [124.2652, 8.274],
              [124.2652, 8.2744],
              [124.2656, 8.2744],
              [124.266, 8.2744],
              [124.2664, 8.2744],
              [124.2664, 8.2748],
              [124.2668, 8.2752],
              [124.2668, 8.2756],
              [124.2668, 8.276],
              [124.2672, 8.276],
              [124.2676, 8.2764],
              [124.2676, 8.2776],
              [124.268, 8.2788],
              [124.2676, 8.2788],
              [124.2672, 8.2788],
              [124.2664, 8.2788],
              [124.2664, 8.2784],
              [124.266, 8.278],
              [124.2648, 8.278],
              [124.2644, 8.2784],
              [124.2644, 8.2788],
              [124.264, 8.2784],
              [124.264, 8.2776],
              [124.2636, 8.276],
              [124.2632, 8.276],
              [124.2632, 8.2756],
              [124.2632, 8.2752],
              [124.2628, 8.2748],
              [124.2624, 8.2744],
              [124.262, 8.2744],
              [124.262, 8.274],
              [124.262, 8.2736],
              [124.2608, 8.2724]
            ],
            [
              [124.266, 8.2748],
              [124.2652, 8.2748],
              [124.2652, 8.2752],
              [124.2652, 8.276],
              [124.2656, 8.276],
              [124.266, 8.276],
              [124.266, 8.2756],
              [124.266, 8.2752],
              [124.266, 8.2748]
            ]
          ],
          [
            [
              [124.2632, 8.2892],
              [124.2636, 8.2892],
              [124.264, 8.2888],
              [124.2644, 8.2888],
              [124.2644, 8.2868],
              [124.264, 8.286],
              [124.2636, 8.2856],
              [124.2636, 8.2852],
              [124.2636, 8.2848],
              [124.264, 8.2844],
              [124.264, 8.284],
              [124.2644, 8.2832],
              [124.2648, 8.2828],
              [124.2648, 8.282],
              [124.2648, 8.2812],
              [124.2644, 8.2808],
              [124.2644, 8.28],
              [124.2648, 8.2804],
              [124.2648, 8.2808],
              [124.2652, 8.2808],
              [124.2656, 8.2808],
              [124.266, 8.2808],
              [124.266, 8.2804],
              [124.266, 8.2816],
              [124.2664, 8.2816],
              [124.2664, 8.282],
              [124.266, 8.282],
              [124.2648, 8.2832],
              [124.2648, 8.2836],
              [124.2644, 8.2844],
              [124.264, 8.2844],
              [124.264, 8.2852],
              [124.2648, 8.2856],
              [124.2652, 8.2856],
              [124.2652, 8.286],
              [124.2648, 8.2864],
              [124.2648, 8.2868],
              [124.2644, 8.2868],
              [124.2644, 8.2888],
              [124.2644, 8.2892],
              [124.264, 8.2892],
              [124.2636, 8.2896],
              [124.2632, 8.2896],
              [124.2632, 8.2892]
            ]
          ],
          [
            [
              [124.2628, 8.2888],
              [124.2624, 8.2888],
              [124.2624, 8.2884],
              [124.2628, 8.2884],
              [124.2628, 8.2888]
            ]
          ],
          [
            [
              [124.2624, 8.2884],
              [124.2624, 8.2888],
              [124.262, 8.2888],
              [124.2624, 8.2884]
            ]
          ],
          [
            [
              [124.258, 8.2908],
              [124.258, 8.2896],
              [124.2584, 8.2896],
              [124.2584, 8.2892],
              [124.2592, 8.2892],
              [124.2592, 8.2888],
              [124.2596, 8.2884],
              [124.2604, 8.2884],
              [124.2612, 8.2888],
              [124.2612, 8.2892],
              [124.2604, 8.2892],
              [124.26, 8.2892],
              [124.2596, 8.2896],
              [124.2592, 8.2896],
              [124.2588, 8.2896],
              [124.2584, 8.29],
              [124.2584, 8.2904],
              [124.258, 8.2904],
              [124.258, 8.2908]
            ]
          ],
          [
            [
              [124.258, 8.2908],
              [124.258, 8.2912],
              [124.258, 8.2916],
              [124.258, 8.292],
              [124.2576, 8.2924],
              [124.2576, 8.2928],
              [124.2576, 8.2932],
              [124.2572, 8.2932],
              [124.2572, 8.2936],
              [124.2576, 8.294],
              [124.2576, 8.2944],
              [124.2572, 8.2944],
              [124.2568, 8.2944],
              [124.2568, 8.2948],
              [124.2564, 8.2948],
              [124.2564, 8.2944],
              [124.2568, 8.2944],
              [124.2572, 8.2932],
              [124.2572, 8.2924],
              [124.2572, 8.292],
              [124.2576, 8.2916],
              [124.2576, 8.2908],
              [124.258, 8.2908]
            ]
          ],
          [
            [
              [124.2564, 8.2948],
              [124.2564, 8.2952],
              [124.256, 8.2956],
              [124.256, 8.2948],
              [124.2564, 8.2948]
            ]
          ],
          [
            [
              [124.256, 8.3028],
              [124.2552, 8.3028],
              [124.2544, 8.3028],
              [124.2544, 8.302],
              [124.2548, 8.302],
              [124.2548, 8.3012],
              [124.2548, 8.2996],
              [124.2548, 8.2992],
              [124.2548, 8.298],
              [124.2548, 8.2972],
              [124.2552, 8.2972],
              [124.2552, 8.2968],
              [124.2552, 8.2976],
              [124.2552, 8.2984],
              [124.2548, 8.2988],
              [124.2548, 8.3008],
              [124.2552, 8.3012],
              [124.2556, 8.3016],
              [124.256, 8.302],
              [124.256, 8.3028]
            ]
          ],
          [
            [
              [124.2564, 8.3032],
              [124.256, 8.3028],
              [124.2564, 8.3028],
              [124.2564, 8.3032]
            ]
          ],
          [
            [
              [124.258, 8.3044],
              [124.2576, 8.3044],
              [124.2572, 8.304],
              [124.2568, 8.3036],
              [124.2564, 8.3032],
              [124.2568, 8.3032],
              [124.2572, 8.3036],
              [124.258, 8.3044]
            ]
          ],
          [
            [
              [124.258, 8.3044],
              [124.2584, 8.3048],
              [124.2584, 8.3052],
              [124.2588, 8.3052],
              [124.2588, 8.3056],
              [124.2588, 8.306],
              [124.2588, 8.3064],
              [124.2588, 8.3068],
              [124.2588, 8.3076],
              [124.2584, 8.3076],
              [124.2584, 8.3068],
              [124.258, 8.3068],
              [124.258, 8.3064],
              [124.258, 8.3056],
              [124.2584, 8.3052],
              [124.258, 8.3048],
              [124.258, 8.3044]
            ]
          ],
          [
            [
              [124.2572, 8.308],
              [124.2568, 8.308],
              [124.2572, 8.3076],
              [124.2572, 8.308]
            ]
          ],
          [
            [
              [124.2532, 8.3104],
              [124.2532, 8.3096],
              [124.2536, 8.3096],
              [124.2536, 8.31],
              [124.2536, 8.3104],
              [124.2532, 8.3104]
            ]
          ],
          [
            [
              [124.2532, 8.3104],
              [124.2532, 8.3112],
              [124.2536, 8.3112],
              [124.254, 8.3116],
              [124.254, 8.312],
              [124.2536, 8.3124],
              [124.2536, 8.3128],
              [124.2532, 8.3128],
              [124.2532, 8.3136],
              [124.2532, 8.314],
              [124.2528, 8.314],
              [124.2528, 8.3128],
              [124.2524, 8.3128],
              [124.252, 8.3132],
              [124.252, 8.3136],
              [124.2516, 8.3136],
              [124.2516, 8.314],
              [124.2512, 8.3144],
              [124.2512, 8.3148],
              [124.2512, 8.3156],
              [124.2512, 8.316],
              [124.2512, 8.3164],
              [124.2508, 8.3168],
              [124.25, 8.3168],
              [124.2508, 8.3168],
              [124.2508, 8.3156],
              [124.2512, 8.3152],
              [124.2512, 8.3144],
              [124.2512, 8.3136],
              [124.2516, 8.3128],
              [124.2516, 8.3124],
              [124.252, 8.3124],
              [124.2528, 8.3124],
              [124.2532, 8.312],
              [124.2528, 8.3116],
              [124.2528, 8.3108],
              [124.2532, 8.3108],
              [124.2532, 8.3104]
            ]
          ],
          [
            [
              [124.25, 8.3172],
              [124.25, 8.3176],
              [124.2496, 8.3176],
              [124.25, 8.3172]
            ]
          ],
          [
            [
              [124.2496, 8.3176],
              [124.2496, 8.318],
              [124.2496, 8.3184],
              [124.2496, 8.3196],
              [124.2492, 8.32],
              [124.2492, 8.3204],
              [124.2488, 8.3204],
              [124.2488, 8.3208],
              [124.2484, 8.3212],
              [124.2484, 8.3216],
              [124.248, 8.322],
              [124.2476, 8.3224],
              [124.2472, 8.3228],
              [124.2472, 8.3224],
              [124.2476, 8.322],
              [124.2476, 8.3216],
              [124.2484, 8.3212],
              [124.2484, 8.3204],
              [124.248, 8.3204],
              [124.2488, 8.3204],
              [124.2492, 8.32],
              [124.2492, 8.3184],
              [124.2496, 8.318],
              [124.2496, 8.3176]
            ]
          ],
          [
            [
              [124.2472, 8.3228],
              [124.2472, 8.3232],
              [124.2468, 8.3236],
              [124.2468, 8.3232],
              [124.2472, 8.3228]
            ]
          ],
          [
            [
              [124.2464, 8.3268],
              [124.2464, 8.326],
              [124.2464, 8.324],
              [124.2468, 8.324],
              [124.2468, 8.3248],
              [124.2468, 8.3252],
              [124.2472, 8.3256],
              [124.2472, 8.326],
              [124.2468, 8.326],
              [124.2468, 8.3264],
              [124.2464, 8.3268]
            ]
          ],
          [
            [
              [124.2472, 8.328],
              [124.2472, 8.3284],
              [124.2468, 8.328],
              [124.2472, 8.328]
            ]
          ],
          [
            [
              [124.2476, 8.3304],
              [124.2472, 8.3296],
              [124.2476, 8.3296],
              [124.2476, 8.3304]
            ]
          ],
          [
            [
              [124.2476, 8.3304],
              [124.2476, 8.3312],
              [124.248, 8.3316],
              [124.2476, 8.332],
              [124.2472, 8.3316],
              [124.2472, 8.3308],
              [124.2476, 8.3308],
              [124.2476, 8.3304]
            ]
          ],
          [
            [
              [124.1272, 8.1768],
              [124.1268, 8.1768],
              [124.1268, 8.1764],
              [124.1272, 8.1768]
            ]
          ],
          [
            [
              [124.122, 8.1808],
              [124.122, 8.1812],
              [124.1212, 8.1812],
              [124.1212, 8.1808],
              [124.122, 8.1808]
            ]
          ],
          [
            [
              [124.1244, 8.1816],
              [124.124, 8.1816],
              [124.124, 8.1812],
              [124.1244, 8.1812],
              [124.1244, 8.1816]
            ]
          ],
          [
            [
              [124.2524, 8.2608],
              [124.2524, 8.2612],
              [124.252, 8.2612],
              [124.252, 8.2608],
              [124.2524, 8.2608]
            ]
          ],
          [
            [
              [124.2544, 8.262],
              [124.2544, 8.2628],
              [124.254, 8.2628],
              [124.254, 8.262],
              [124.2544, 8.262]
            ]
          ],
          [
            [
              [124.2536, 8.266],
              [124.2532, 8.266],
              [124.2528, 8.2656],
              [124.2528, 8.2648],
              [124.2532, 8.2648],
              [124.2532, 8.2644],
              [124.2536, 8.2644],
              [124.254, 8.2644],
              [124.254, 8.2652],
              [124.2536, 8.266]
            ]
          ]
        ]
      },
      "properties": { "lvl": 2 }
    },
    {
      "type": "Feature",
      "geometry": {
        "type": "MultiPolygon",
        "coordinates": [
          [
            [
              [124.12, 8.188],
              [124.12, 8.1812],
              [124.12, 8.1808],
              [124.12, 8.1792],
              [124.12, 8.1796],
              [124.1228, 8.1796],
              [124.1232, 8.1792],
              [124.1236, 8.1792],
              [124.124, 8.1792],
              [124.124, 8.1788],
              [124.1244, 8.1788],
              [124.1248, 8.1784],
              [124.1252, 8.1784],
              [124.1252, 8.178],
              [124.1252, 8.1776],
              [124.126, 8.1776],
              [124.1264, 8.1776],
              [124.1268, 8.1772],
              [124.1268, 8.1768],
              [124.1272, 8.1768],
              [124.1276, 8.1768],
              [124.128, 8.1768],
              [124.128, 8.1764],
              [124.1288, 8.1764],
              [124.1304, 8.1764],
              [124.1308, 8.1764],
              [124.1308, 8.176],
              [124.1312, 8.176],
              [124.1316, 8.176],
              [124.1316, 8.1756],
              [124.1316, 8.1752],
              [124.1316, 8.1748],
              [124.132, 8.1744],
              [124.132, 8.174],
              [124.132, 8.1752],
              [124.132, 8.1756],
              [124.1316, 8.176],
              [124.1316, 8.1764],
              [124.1312, 8.1764],
              [124.1308, 8.1768],
              [124.1304, 8.1768],
              [124.1304, 8.1772],
              [124.13, 8.1776],
              [124.1296, 8.1776],
              [124.1292, 8.1776],
              [124.1284, 8.1776],
              [124.1284, 8.178],
              [124.1276, 8.178],
              [124.1272, 8.178],
              [124.1272, 8.1788],
              [124.1272, 8.1792],
              [124.1268, 8.1792],
              [124.1268, 8.1796],
              [124.1264, 8.18],
              [124.126, 8.18],
              [124.1256, 8.18],
              [124.1252, 8.1804],
              [124.1252, 8.1812],
              [124.1248, 8.1812],
              [124.1248, 8.1816],
              [124.126, 8.1816],
              [124.126, 8.182],
              [124.1256, 8.182],
              [124.1256, 8.1836],
              [124.126, 8.184],
              [124.126, 8.1844],
              [124.126, 8.1852],
              [124.1264, 8.1856],
              [124.1268, 8.1864],
              [124.1272, 8.1864],
              [124.1272, 8.1868],
              [124.1276, 8.1868],
              [124.128, 8.1872],
              [124.1292, 8.1872],
              [124.1292, 8.1868],
              [124.13, 8.1868],
              [124.1304, 8.1868],
              [124.1308, 8.1864],
              [124.1312, 8.1864],
              [124.132, 8.1864],
              [124.1324, 8.1868],
              [124.1336, 8.1868],
              [124.1348, 8.1868],
              [124.1352, 8.1864],
              [124.1356, 8.1864],
              [124.1372, 8.1864],
              [124.138, 8.1868],
              [124.1384, 8.1868],
              [124.1384, 8.1864],
              [124.1392, 8.1864],
              [124.1392, 8.1868],
              [124.14, 8.1868],
              [124.14, 8.1864],
              [124.1408, 8.1864],
              [124.142, 8.186],
              [124.142, 8.1856],
              [124.1424, 8.1856],
              [124.1424, 8.1852],
              [124.1444, 8.1852],
              [124.1448, 8.1852],
              [124.1452, 8.1852],
              [124.146, 8.1852],
              [124.146, 8.1848],
              [124.1464, 8.1848],
              [124.1476, 8.1848],
              [124.148, 8.1848],
              [124.1484, 8.1848],
              [124.1496, 8.1848],
              [124.1496, 8.1852],
              [124.15, 8.1852],
              [124.1516, 8.1852],
              [124.1516, 8.1848],
              [124.1524, 8.1848],
              [124.1528, 8.1848],
              [124.1536, 8.1844],
              [124.1544, 8.1844],
              [124.156, 8.1844],
              [124.1572, 8.1844],
              [124.1572, 8.1848],
              [124.1576, 8.1848],
              [124.1584, 8.1848],
              [124.1588, 8.1852],
              [124.1596, 8.1852],
              [124.1604, 8.1856],
              [124.162, 8.1856],
              [124.1624, 8.186],
              [124.1628, 8.186],
              [124.1628, 8.1864],
              [124.1644, 8.1864],
              [124.1648, 8.186],
              [124.1652, 8.186],
              [124.1656, 8.186],
              [124.1656, 8.1844],
              [124.1656, 8.1832],
              [124.1652, 8.1832],
              [124.1652, 8.1828],
              [124.1652, 8.1824],
              [124.1652, 8.182],
              [124.1652, 8.1816],
              [124.1652, 8.1812],
              [124.1652, 8.1808],
              [124.1656, 8.1808],
              [124.1656, 8.1804],
              [124.1656, 8.18],
              [124.1656, 8.1796],
              [124.1656, 8.1792],
              [124.166, 8.1792],
              [124.166, 8.1788],
              [124.166, 8.1784],
              [124.1668, 8.1784],
              [124.1668, 8.1792],
              [124.1664, 8.1796],
              [124.1664, 8.18],
              [124.166, 8.1808],
              [124.1664, 8.1812],
              [124.1672, 8.1812],
              [124.1672, 8.182],
              [124.1668, 8.182],
              [124.1656, 8.1828],
              [124.1656, 8.184],
              [124.1656, 8.1844],
              [124.166, 8.1848],
              [124.1668, 8.1844],
              [124.1672, 8.1844],
              [124.1676, 8.1848],
              [124.1676, 8.1852],
              [124.1676, 8.1856],
              [124.1672, 8.1856],
              [124.1672, 8.186],
              [124.1676, 8.186],
              [124.1676, 8.1864],
              [124.168, 8.1868],
              [124.1684, 8.1872],
              [124.1688, 8.1876],
              [124.1692, 8.1876],
              [124.17, 8.1876],
              [124.17, 8.188],
              [124.1708, 8.1876],
              [124.1708, 8.188],
              [124.1716, 8.188],
              [124.172, 8.188],
              [124.172, 8.1884],
              [124.1732, 8.1884],
              [124.1736, 8.1888],
              [124.1736, 8.1896],
              [124.174, 8.1896],
              [124.1744, 8.19],
              [124.1748, 8.19],
              [124.1752, 8.19],
              [124.1752, 8.1904],
              [124.1756, 8.1904],
              [124.176, 8.1904],
              [124.176, 8.1908],
              [124.1764, 8.1908],
              [124.1764, 8.1912],
              [124.1772, 8.1912],
              [124.1776, 8.1912],
              [124.1792, 8.1912],
              [124.1796, 8.1912],
              [124.1796, 8.1916],
              [124.18, 8.1916],
              [124.1804, 8.192],
              [124.1808, 8.192],
              [124.1812, 8.1924],
              [124.1816, 8.1924],
              [124.1816, 8.1928],
              [124.182, 8.1928],
              [124.1824, 8.1928],
              [124.1832, 8.1932],
              [124.1836, 8.1932],
              [124.184, 8.1936],
              [124.184, 8.1944],
              [124.1844, 8.1944],
              [124.1844, 8.1948],
              [124.1848, 8.1948],
              [124.1848, 8.1952],
              [124.1848, 8.1956],
              [124.1848, 8.1952],
              [124.1832, 8.194],
              [124.1828, 8.194],
              [124.1824, 8.1936],
              [124.182, 8.1932],
              [124.1816, 8.1932],
              [124.18, 8.1924],
              [124.1792, 8.192],
              [124.1788, 8.1916],
              [124.1776, 8.1916],
              [124.1764, 8.1916],
              [124.176, 8.1912],
              [124.1752, 8.1908],
              [124.1748, 8.1904],
              [124.1744, 8.1904],
              [124.174, 8.19],
              [124.1732, 8.1896],
              [124.1728, 8.1896],
              [124.1724, 8.1892],
              [124.1716, 8.1892],
              [124.1712, 8.1888],
              [124.17, 8.1884],
              [124.1688, 8.188],
              [124.1684, 8.188],
              [124.168, 8.1872],
              [124.1664, 8.1864],
              [124.1664, 8.1868],
              [124.1656, 8.1868],
              [124.1652, 8.1868],
              [124.1636, 8.1868],
              [124.1628, 8.1868],
              [124.1612, 8.1864],
              [124.1604, 8.1864],
              [124.1596, 8.1864],
              [124.1588, 8.186],
              [124.158, 8.1856],
              [124.1572, 8.1856],
              [124.1564, 8.1852],
              [124.156, 8.1852],
              [124.1544, 8.1848],
              [124.1536, 8.1848],
              [124.1524, 8.1852],
              [124.1508, 8.1856],
              [124.1496, 8.1856],
              [124.1492, 8.1856],
              [124.148, 8.1852],
              [124.1476, 8.1852],
              [124.1468, 8.1852],
              [124.1468, 8.1856],
              [124.146, 8.1852],
              [124.1456, 8.1852],
              [124.1444, 8.1856],
              [124.144, 8.1856],
              [124.1432, 8.1856],
              [124.1424, 8.186],
              [124.1412, 8.1868],
              [124.1404, 8.1868],
              [124.1396, 8.1872],
              [124.138, 8.1872],
              [124.1376, 8.1872],
              [124.1364, 8.1872],
              [124.1344, 8.1872],
              [124.134, 8.1872],
              [124.1332, 8.1872],
              [124.1324, 8.1868],
              [124.1308, 8.1868],
              [124.1296, 8.1872],
              [124.1288, 8.1876],
              [124.1252, 8.1876],
              [124.1244, 8.1876],
              [124.1236, 8.1876],
              [124.1224, 8.1876],
              [124.1228, 8.1872],
              [124.1224, 8.1868],
              [124.1216, 8.1868],
              [124.1208, 8.1872],
              [124.1204, 8.188],
              [124.12, 8.188]
            ],
            [
              [124.122, 8.1808],
              [124.1212, 8.1808],
              [124.1212, 8.1812],
              [124.122, 8.1812],
              [124.122, 8.1808]
            ],
            [
              [124.1244, 8.1816],
              [124.1244, 8.1812],
              [124.124, 8.1812],
              [124.124, 8.1816],
              [124.1244, 8.1816]
            ]
          ],
          [
            [
              [124.2004, 8.2044],
              [124.2008, 8.2044],
              [124.2008, 8.2052],
              [124.2004, 8.2056],
              [124.2004, 8.2052],
              [124.2, 8.2044],
              [124.1996, 8.204],
              [124.198, 8.2028],
              [124.1976, 8.2028],
              [124.1968, 8.2024],
              [124.1972, 8.2024],
              [124.196, 8.2016],
              [124.1956, 8.2012],
              [124.1952, 8.2004],
              [124.1944, 8.2],
              [124.1936, 8.2],
              [124.1924, 8.1988],
              [124.1912, 8.198],
              [124.1904, 8.1976],
              [124.19, 8.1976],
              [124.1896, 8.1968],
              [124.1896, 8.1964],
              [124.19, 8.196],
              [124.1892, 8.1956],
              [124.1892, 8.1964],
              [124.1892, 8.1956],
              [124.1896, 8.1952],
              [124.1896, 8.1948],
              [124.19, 8.1948],
              [124.1904, 8.1944],
              [124.1908, 8.1944],
              [124.1912, 8.1944],
              [124.1912, 8.1952],
              [124.1904, 8.1952],
              [124.1904, 8.1956],
              [124.19, 8.1956],
              [124.19, 8.196],
              [124.19, 8.1964],
              [124.19, 8.1968],
              [124.19, 8.1972],
              [124.1912, 8.1972],
              [124.1916, 8.1976],
              [124.192, 8.1976],
              [124.1924, 8.198],
              [124.1928, 8.198],
              [124.1928, 8.1984],
              [124.1932, 8.1984],
              [124.1932, 8.1988],
              [124.194, 8.1992],
              [124.1944, 8.1996],
              [124.1948, 8.1996],
              [124.1952, 8.2],
              [124.1956, 8.2],
              [124.1956, 8.2004],
              [124.1964, 8.2008],
              [124.1964, 8.2012],
              [124.1972, 8.202],
              [124.1976, 8.202],
              [124.1976, 8.2024],
              [124.198, 8.2024],
              [124.1988, 8.2028],
              [124.1992, 8.2032],
              [124.1996, 8.2036],
              [124.1996, 8.204],
              [124.2, 8.204],
              [124.2004, 8.204],
              [124.2004, 8.2044]
            ]
          ],
          [
            [
              [124.192, 8.1956],
              [124.1916, 8.1956],
              [124.1916, 8.1952],
              [124.192, 8.1952],
              [124.192, 8.1956]
            ]
          ],
          [
            [
              [124.184, 8.198],
              [124.1836, 8.1976],
              [124.1836, 8.1972],
              [124.1836, 8.1976],
              [124.184, 8.1976],
              [124.184, 8.198]
            ]
          ],
          [
            [
              [124.1872, 8.1976],
              [124.1868, 8.1976],
              [124.1856, 8.1984],
              [124.186, 8.198],
              [124.1864, 8.1976],
              [124.1868, 8.1976],
              [124.1872, 8.1976]
            ]
          ],
          [
            [
              [124.2008, 8.2076],
              [124.2004, 8.2076],
              [124.1996, 8.2068],
              [124.2, 8.2064],
              [124.2, 8.206],
              [124.2, 8.2064],
              [124.2, 8.2068],
              [124.2004, 8.2072],
              [124.2008, 8.2076]
            ]
          ],
          [
            [
              [124.2428, 8.2204],
              [124.2424, 8.2204],
              [124.242, 8.22],
              [124.2416, 8.22],
              [124.2416, 8.2196],
              [124.2412, 8.2196],
              [124.24, 8.2196],
              [124.2396, 8.22],
              [124.2392, 8.22],
              [124.2388, 8.22],
              [124.2384, 8.2204],
              [124.238, 8.2204],
              [124.2376, 8.2204],
              [124.2376, 8.2208],
              [124.2372, 8.2208],
              [124.2372, 8.2212],
              [124.2372, 8.2216],
              [124.2372, 8.2232],
              [124.2376, 8.2236],
              [124.2376, 8.224],
              [124.238, 8.2244],
              [124.238, 8.2248],
              [124.238, 8.2252],
              [124.2384, 8.2256],
              [124.2384, 8.226],
              [124.238, 8.2264],
              [124.238, 8.2268],
              [124.2376, 8.2272],
              [124.2368, 8.228],
              [124.2364, 8.228],
              [124.2356, 8.2284],
              [124.2348, 8.2284],
              [124.2348, 8.2288],
              [124.2344, 8.2288],
              [124.234, 8.2288],
              [124.234, 8.2312],
              [124.2344, 8.2312],
              [124.2344, 8.232],
              [124.2344, 8.2324],
              [124.2348, 8.2328],
              [124.2348, 8.2336],
              [124.2348, 8.234],
              [124.2356, 8.234],
              [124.236, 8.2344],
              [124.2368, 8.2344],
              [124.2372, 8.2348],
              [124.2376, 8.2348],
              [124.238, 8.2352],
              [124.238, 8.2356],
              [124.2384, 8.2356],
              [124.2384, 8.2368],
              [124.2384, 8.2372],
              [124.2388, 8.2372],
              [124.2392, 8.238],
              [124.2392, 8.2384],
              [124.2396, 8.2388],
              [124.24, 8.2388],
              [124.24, 8.2392],
              [124.2404, 8.2396],
              [124.2408, 8.2396],
              [124.2408, 8.24],
              [124.2412, 8.2404],
              [124.2416, 8.2408],
              [124.2416, 8.2416],
              [124.242, 8.2416],
              [124.242, 8.242],
              [124.2432, 8.242],
              [124.2436, 8.2424],
              [124.2436, 8.2448],
              [124.244, 8.2452],
              [124.2436, 8.2456],
              [124.2436, 8.2464],
              [124.2436, 8.2476],
              [124.2436, 8.248],
              [124.2444, 8.2484],
              [124.2448, 8.248],
              [124.2448, 8.2476],
              [124.2452, 8.2472],
              [124.246, 8.2472],
              [124.2468, 8.2472],
              [124.2472, 8.248],
              [124.2476, 8.2488],
              [124.248, 8.2488],
              [124.2484, 8.2496],
              [124.2484, 8.25],
              [124.2476, 8.25],
              [124.2472, 8.2508],
              [124.2476, 8.2508],
              [124.2476, 8.2524],
              [124.2472, 8.2524],
              [124.2472, 8.2532],
              [124.2472, 8.2536],
              [124.2484, 8.2536],
              [124.2488, 8.2528],
              [124.2488, 8.2524],
              [124.2492, 8.252],
              [124.2492, 8.2516],
              [124.2496, 8.2512],
              [124.2496, 8.2508],
              [124.2504, 8.2504],
              [124.2508, 8.2504],
              [124.2512, 8.2504],
              [124.2512, 8.25],
              [124.2516, 8.25],
              [124.2528, 8.25],
              [124.2528, 8.2496],
              [124.2536, 8.2492],
              [124.2536, 8.2496],
              [124.2536, 8.25],
              [124.2552, 8.25],
              [124.2556, 8.25],
              [124.256, 8.25],
              [124.2564, 8.2504],
              [124.2568, 8.2508],
              [124.2568, 8.2512],
              [124.2568, 8.2516],
              [124.2572, 8.2516],
              [124.2572, 8.252],
              [124.2572, 8.2524],
              [124.2576, 8.2528],
              [124.2584, 8.2536],
              [124.2588, 8.2536],
              [124.2588, 8.254],
              [124.2592, 8.254],
              [124.2592, 8.2544],
              [124.2596, 8.2544],
              [124.26, 8.2548],
              [124.2604, 8.2548],
              [124.2608, 8.2548],
              [124.2612, 8.2548],
              [124.2612, 8.2552],
              [124.2632, 8.2552],
              [124.264, 8.2552],
              [124.2644, 8.2556],
              [124.2648, 8.2556],
              [124.2652, 8.2556],
              [124.2656, 8.256],
              [124.266, 8.256],
              [124.2664, 8.2564],
              [124.2668, 8.2564],
              [124.2672, 8.2568],
              [124.2676, 8.2568],
              [124.268, 8.2572],
              [124.2672, 8.2572],
              [124.2668, 8.2568],
              [124.266, 8.2568],
              [124.2656, 8.2564],
              [124.2652, 8.2564],
              [124.2648, 8.256],
              [124.2644, 8.256],
              [124.2624, 8.256],
              [124.2616, 8.256],
              [124.2612, 8.256],
              [124.2608, 8.2556],
              [124.26, 8.2556],
              [124.2592, 8.2556],
              [124.2584, 8.2552],
              [124.258, 8.2548],
              [124.2576, 8.2548],
              [124.2576, 8.2544],
              [124.2572, 8.254],
              [124.256, 8.254],
              [124.2556, 8.254],
              [124.2552, 8.2536],
              [124.2552, 8.2532],
              [124.2552, 8.2528],
              [124.2548, 8.2524],
              [124.2548, 8.252],
              [124.2544, 8.252],
              [124.2544, 8.2516],
              [124.2548, 8.2516],
              [124.2548, 8.252],
              [124.2552, 8.2524],
              [124.256, 8.2524],
              [124.256, 8.2516],
              [124.2552, 8.2512],
              [124.2548, 8.2512],
              [124.2544, 8.2508],
              [124.254, 8.2508],
              [124.254, 8.2516],
              [124.2536, 8.2516],
              [124.2536, 8.2512],
              [124.2532, 8.2508],
              [124.2524, 8.2508],
              [124.252, 8.2508],
              [124.2516, 8.2512],
              [124.2512, 8.2512],
              [124.2508, 8.2516],
              [124.2504, 8.252],
              [124.2504, 8.2544],
              [124.2504, 8.256],
              [124.25, 8.2564],
              [124.2496, 8.2564],
              [124.2492, 8.2564],
              [124.2488, 8.2568],
              [124.2492, 8.2572],
              [124.2496, 8.2576],
              [124.25, 8.2576],
              [124.2504, 8.258],
              [124.2508, 8.2584],
              [124.2516, 8.2584],
              [124.252, 8.2576],
              [124.2524, 8.2576],
              [124.2524, 8.256],
              [124.2528, 8.2556],
              [124.2528, 8.2552],
              [124.2532, 8.2548],
              [124.2536, 8.2548],
              [124.254, 8.2544],
              [124.2544, 8.2544],
              [124.2548, 8.2548],
              [124.2552, 8.2552],
              [124.2552, 8.2568],
              [124.2548, 8.2568],
              [124.2548, 8.2584],
              [124.2548, 8.26],
              [124.2548, 8.2604],
              [124.2544, 8.2612],
              [124.2544, 8.2616],
              [124.2544, 8.262],
              [124.254, 8.262],
              [124.254, 8.2628],
              [124.2544, 8.2628],
              [124.2544, 8.2632],
              [124.2548, 8.2632],
              [124.2552, 8.2632],
              [124.2552, 8.2636],
              [124.2552, 8.264],
              [124.2556, 8.2644],
              [124.256, 8.2648],
              [124.256, 8.2656],
              [124.2556, 8.266],
              [124.2556, 8.2664],
              [124.2552, 8.2668],
              [124.2552, 8.2672],
              [124.256, 8.2676],
              [124.2564, 8.268],
              [124.2568, 8.2684],
              [124.2572, 8.2684],
              [124.2576, 8.2688],
              [124.2576, 8.2692],
              [124.258, 8.2692],
              [124.2584, 8.2696],
              [124.2584, 8.27],
              [124.2584, 8.2704],
              [124.2588, 8.2704],
              [124.2592, 8.2708],
              [124.2596, 8.2708],
              [124.2596, 8.2712],
              [124.26, 8.2712],
              [124.2604, 8.2716],
              [124.2604, 8.2724],
              [124.2608, 8.2724],
              [124.262, 8.2736],
              [124.262, 8.274],
              [124.262, 8.2744],
              [124.2624, 8.2744],
              [124.2628, 8.2748],
              [124.2632, 8.2752],
              [124.2632, 8.2756],
              [124.2632, 8.276],
              [124.2636, 8.276],
              [124.264, 8.2776],
              [124.264, 8.2784],
              [124.2644, 8.2788],
              [124.264, 8.2792],
              [124.264, 8.2784],
              [124.2636, 8.2772],
              [124.2632, 8.276],
              [124.2624, 8.2752],
              [124.262, 8.2744],
              [124.2604, 8.2728],
              [124.26, 8.2724],
              [124.26, 8.272],
              [124.2592, 8.2712],
              [124.2588, 8.2704],
              [124.2584, 8.2704],
              [124.2584, 8.27],
              [124.2572, 8.2688],
              [124.2568, 8.2688],
              [124.2556, 8.2676],
              [124.2548, 8.2672],
              [124.2544, 8.2676],
              [124.254, 8.2672],
              [124.2536, 8.2668],
              [124.2532, 8.2668],
              [124.2528, 8.2664],
              [124.2524, 8.2656],
              [124.2524, 8.2648],
              [124.252, 8.2644],
              [124.2516, 8.2652],
              [124.2508, 8.266],
              [124.2508, 8.2656],
              [124.2496, 8.2648],
              [124.2492, 8.2648],
              [124.2484, 8.264],
              [124.2484, 8.2632],
              [124.2488, 8.2632],
              [124.248, 8.262],
              [124.2484, 8.262],
              [124.2476, 8.2616],
              [124.2472, 8.2608],
              [124.2468, 8.26],
              [124.246, 8.2588],
              [124.2456, 8.258],
              [124.2452, 8.2572],
              [124.2448, 8.2572],
              [124.2444, 8.2568],
              [124.2448, 8.256],
              [124.2452, 8.256],
              [124.2452, 8.2556],
              [124.2444, 8.2556],
              [124.2448, 8.2548],
              [124.2452, 8.2552],
              [124.2464, 8.2536],
              [124.246, 8.2536],
              [124.2456, 8.2532],
              [124.2456, 8.2528],
              [124.2452, 8.2528],
              [124.2444, 8.252],
              [124.244, 8.252],
              [124.2436, 8.2516],
              [124.2436, 8.2512],
              [124.2432, 8.2512],
              [124.2428, 8.25],
              [124.2432, 8.2492],
              [124.2432, 8.2488],
              [124.2428, 8.248],
              [124.2428, 8.2468],
              [124.2424, 8.246],
              [124.242, 8.2448],
              [124.242, 8.2444],
              [124.2412, 8.2436],
              [124.2408, 8.2428],
              [124.2408, 8.2424],
              [124.2404, 8.2416],
              [124.2404, 8.2408],
              [124.2404, 8.2404],
              [124.2396, 8.2396],
              [124.2392, 8.2392],
              [124.2384, 8.2384],
              [124.2384, 8.238],
              [124.238, 8.2372],
              [124.2376, 8.2364],
              [124.2364, 8.2356],
              [124.236, 8.2352],
              [124.2348, 8.2348],
              [124.2336, 8.2352],
              [124.232, 8.2324],
              [124.2328, 8.232],
              [124.2328, 8.2316],
              [124.2324, 8.2308],
              [124.2328, 8.2308],
              [124.2332, 8.2304],
              [124.2332, 8.23],
              [124.2332, 8.2292],
              [124.2328, 8.2288],
              [124.2328, 8.228],
              [124.2344, 8.228],
              [124.2344, 8.2276],
              [124.2336, 8.2268],
              [124.2332, 8.2264],
              [124.2324, 8.226],
              [124.2324, 8.2252],
              [124.2324, 8.2248],
              [124.232, 8.2232],
              [124.2316, 8.2228],
              [124.232, 8.2228],
              [124.232, 8.2212],
              [124.2316, 8.2196],
              [124.2312, 8.2188],
              [124.23, 8.2176],
              [124.2284, 8.2168],
              [124.228, 8.2168],
              [124.2268, 8.2156],
              [124.226, 8.2152],
              [124.2256, 8.2148],
              [124.2244, 8.2136],
              [124.2236, 8.2128],
              [124.2228, 8.212],
              [124.2224, 8.2116],
              [124.2216, 8.2112],
              [124.2216, 8.2108],
              [124.2204, 8.2104],
              [124.2196, 8.21],
              [124.2188, 8.2096],
              [124.2184, 8.21],
              [124.2176, 8.2104],
              [124.2168, 8.2124],
              [124.2168, 8.212],
              [124.2172, 8.2104],
              [124.2164, 8.21],
              [124.216, 8.2104],
              [124.2156, 8.21],
              [124.2152, 8.2116],
              [124.2152, 8.2108],
              [124.2152, 8.2104],
              [124.2152, 8.21],
              [124.2156, 8.21],
              [124.2156, 8.2096],
              [124.218, 8.2096],
              [124.218, 8.2092],
              [124.2184, 8.2092],
              [124.2192, 8.2092],
              [124.2196, 8.2092],
              [124.2196, 8.2096],
              [124.2208, 8.2096],
              [124.2212, 8.2096],
              [124.2216, 8.2096],
              [124.222, 8.2096],
              [124.222, 8.2104],
              [124.2224, 8.2108],
              [124.2224, 8.2112],
              [124.2228, 8.2116],
              [124.2232, 8.2116],
              [124.2232, 8.212],
              [124.2236, 8.212],
              [124.224, 8.2124],
              [124.224, 8.2128],
              [124.2244, 8.2132],
              [124.2248, 8.2136],
              [124.2256, 8.214],
              [124.2264, 8.2148],
              [124.2264, 8.2152],
              [124.2268, 8.2152],
              [124.2272, 8.2152],
              [124.2284, 8.2164],
              [124.2292, 8.2164],
              [124.2296, 8.2168],
              [124.2304, 8.2176],
              [124.2308, 8.218],
              [124.2312, 8.2184],
              [124.2316, 8.2184],
              [124.232, 8.2188],
              [124.232, 8.2192],
              [124.2324, 8.2196],
              [124.2328, 8.22],
              [124.2328, 8.2224],
              [124.2324, 8.2228],
              [124.2332, 8.2244],
              [124.2336, 8.2252],
              [124.234, 8.2252],
              [124.2344, 8.2256],
              [124.2344, 8.226],
              [124.2344, 8.2264],
              [124.2348, 8.2268],
              [124.2352, 8.2276],
              [124.2364, 8.2276],
              [124.2372, 8.2264],
              [124.2376, 8.2264],
              [124.2376, 8.2252],
              [124.2372, 8.2252],
              [124.2372, 8.2248],
              [124.2368, 8.2244],
              [124.2368, 8.224],
              [124.2368, 8.2232],
              [124.2364, 8.2232],
              [124.2364, 8.2212],
              [124.2368, 8.2208],
              [124.2368, 8.2204],
              [124.2372, 8.2204],
              [124.2376, 8.22],
              [124.238, 8.22],
              [124.2384, 8.2196],
              [124.2388, 8.2196],
              [124.2392, 8.2192],
              [124.2396, 8.2192],
              [124.24, 8.2192],
              [124.2404, 8.2192],
              [124.2416, 8.2192],
              [124.242, 8.2192],
              [124.2424, 8.2196],
              [124.2428, 8.2196],
              [124.2428, 8.22],
              [124.2432, 8.22],
              [124.2432, 8.2204],
              [124.2436, 8.2204],
              [124.2436, 8.2208],
              [124.244, 8.2208],
              [124.244, 8.2212],
              [124.2444, 8.2216],
              [124.2448, 8.2216],
              [124.2452, 8.2216],
              [124.2456, 8.222],
              [124.2452, 8.222],
              [124.2444, 8.222],
              [124.2436, 8.222],
              [124.2436, 8.2216],
              [124.2432, 8.2216],
              [124.2432, 8.2212],
              [124.2428, 8.2208],
              [124.2428, 8.2204]
            ],
            [
              [124.2452, 8.2512],
              [124.2452, 8.252],
              [124.2456, 8.2524],
              [124.2468, 8.2524],
              [124.2472, 8.2516],
              [124.246, 8.2504],
              [124.2464, 8.2504],
              [124.2468, 8.25],
              [124.2468, 8.2492],
              [124.2468, 8.2488],
              [124.2464, 8.2488],
              [124.2464, 8.2484],
              [124.246, 8.2484],
              [124.2452, 8.2484],
              [124.2452, 8.2492],
              [124.2444, 8.2496],
              [124.2444, 8.2504],
              [124.2448, 8.2512],
              [124.2452, 8.2512]
            ],
            [
              [124.2524, 8.2608],
              [124.252, 8.2608],
              [124.252, 8.2612],
              [124.2524, 8.2612],
              [124.2524, 8.2608]
            ],
            [
              [124.2536, 8.266],
              [124.254, 8.2652],
              [124.254, 8.2644],
              [124.2536, 8.2644],
              [124.2532, 8.2644],
              [124.2532, 8.2648],
              [124.2528, 8.2648],
              [124.2528, 8.2656],
              [124.2532, 8.266],
              [124.2536, 8.266]
            ]
          ],
          [
            [
              [124.2024, 8.2104],
              [124.202, 8.21],
              [124.2016, 8.21],
              [124.2016, 8.2092],
              [124.2016, 8.2084],
              [124.2016, 8.2088],
              [124.202, 8.2092],
              [124.202, 8.21],
              [124.2024, 8.2104]
            ]
          ],
          [
            [
              [124.2152, 8.2116],
              [124.2148, 8.2124],
              [124.2136, 8.212],
              [124.2128, 8.2116],
              [124.2112, 8.2116],
              [124.2104, 8.2112],
              [124.2092, 8.2112],
              [124.2072, 8.2104],
              [124.2052, 8.2104],
              [124.2048, 8.2104],
              [124.2052, 8.2104],
              [124.2056, 8.2104],
              [124.2056, 8.21],
              [124.2076, 8.21],
              [124.208, 8.21],
              [124.2092, 8.2104],
              [124.2092, 8.2108],
              [124.2096, 8.2108],
              [124.2104, 8.2108],
              [124.2112, 8.2112],
              [124.2116, 8.2112],
              [124.212, 8.2112],
              [124.2124, 8.2112],
              [124.2128, 8.2112],
              [124.2132, 8.2116],
              [124.2136, 8.2116],
              [124.214, 8.212],
              [124.2144, 8.212],
              [124.2148, 8.212],
              [124.2148, 8.2116],
              [124.2152, 8.2116]
            ]
          ],
          [
            [
              [124.2476, 8.332],
              [124.2472, 8.332],
              [124.2468, 8.3308],
              [124.2468, 8.3304],
              [124.2464, 8.3296],
              [124.246, 8.328],
              [124.246, 8.3276],
              [124.246, 8.3268],
              [124.246, 8.3264],
              [124.2464, 8.3256],
              [124.2464, 8.3244],
              [124.2464, 8.3236],
              [124.2464, 8.3232],
              [124.2468, 8.3228],
              [124.2472, 8.3216],
              [124.2484, 8.3192],
              [124.2488, 8.3192],
              [124.2488, 8.3188],
              [124.2492, 8.3176],
              [124.2496, 8.3176],
              [124.2504, 8.316],
              [124.2508, 8.3152],
              [124.2508, 8.3144],
              [124.2512, 8.314],
              [124.2512, 8.3132],
              [124.2516, 8.3124],
              [124.252, 8.3116],
              [124.2524, 8.3116],
              [124.252, 8.3112],
              [124.2524, 8.3104],
              [124.2524, 8.3092],
              [124.2528, 8.3088],
              [124.2528, 8.308],
              [124.2532, 8.3072],
              [124.2536, 8.3068],
              [124.254, 8.3064],
              [124.2544, 8.3048],
              [124.2544, 8.304],
              [124.2544, 8.3036],
              [124.254, 8.3028],
              [124.2544, 8.302],
              [124.2544, 8.3016],
              [124.2544, 8.3004],
              [124.2544, 8.3],
              [124.2544, 8.2992],
              [124.2544, 8.2976],
              [124.2548, 8.2964],
              [124.256, 8.2944],
              [124.2564, 8.294],
              [124.2564, 8.2936],
              [124.2572, 8.2912],
              [124.2572, 8.2904],
              [124.2572, 8.2892],
              [124.2572, 8.2884],
              [124.2576, 8.2884],
              [124.258, 8.288],
              [124.2584, 8.288],
              [124.2588, 8.2876],
              [124.26, 8.2876],
              [124.2608, 8.2872],
              [124.2612, 8.2876],
              [124.262, 8.2868],
              [124.2616, 8.2868],
              [124.262, 8.2864],
              [124.2628, 8.286],
              [124.2628, 8.2856],
              [124.2632, 8.2848],
              [124.264, 8.2844],
              [124.264, 8.2836],
              [124.2644, 8.2828],
              [124.2644, 8.282],
              [124.2644, 8.2816],
              [124.2636, 8.282],
              [124.2636, 8.2816],
              [124.2644, 8.2812],
              [124.264, 8.28],
              [124.264, 8.2792],
              [124.2644, 8.2792],
              [124.2644, 8.2796],
              [124.2644, 8.28],
              [124.2644, 8.2808],
              [124.2648, 8.2812],
              [124.2648, 8.282],
              [124.2648, 8.2828],
              [124.2644, 8.2832],
              [124.264, 8.284],
              [124.264, 8.2844],
              [124.2636, 8.2848],
              [124.2636, 8.2852],
              [124.2636, 8.2856],
              [124.264, 8.286],
              [124.2644, 8.2868],
              [124.2644, 8.2888],
              [124.264, 8.2888],
              [124.2636, 8.2892],
              [124.2632, 8.2892],
              [124.2628, 8.2888],
              [124.2628, 8.2884],
              [124.2624, 8.2884],
              [124.262, 8.2888],
              [124.2616, 8.2888],
              [124.2612, 8.2888],
              [124.2604, 8.2884],
              [124.2596, 8.2884],
              [124.2592, 8.2888],
              [124.2592, 8.2892],
              [124.2584, 8.2892],
              [124.2584, 8.2896],
              [124.258, 8.2896],
              [124.258, 8.2908],
              [124.2576, 8.2908],
              [124.2576, 8.2916],
              [124.2572, 8.292],
              [124.2572, 8.2924],
              [124.2572, 8.2932],
              [124.2568, 8.2944],
              [124.2564, 8.2944],
              [124.2564, 8.2948],
              [124.256, 8.2948],
              [124.256, 8.2956],
              [124.2556, 8.296],
              [124.2556, 8.2964],
              [124.2552, 8.2964],
              [124.2552, 8.2968],
              [124.2552, 8.2972],
              [124.2548, 8.2972],
              [124.2548, 8.298],
              [124.2548, 8.2992],
              [124.2548, 8.2996],
              [124.2548, 8.3012],
              [124.2548, 8.302],
              [124.2544, 8.302],
              [124.2544, 8.3028],
              [124.2552, 8.3028],
              [124.256, 8.3028],
              [124.2564, 8.3032],
              [124.2568, 8.3036],
              [124.2572, 8.304],
              [124.2576, 8.3044],
              [124.258, 8.3044],
              [124.258, 8.3048],
              [124.2584, 8.3052],
              [124.258, 8.3056],
              [124.258, 8.3064],
              [124.258, 8.3068],
              [124.2584, 8.3068],
              [124.2584, 8.3076],
              [124.2576, 8.3076],
              [124.2572, 8.3076],
              [124.2568, 8.308],
              [124.256, 8.308],
              [124.2556, 8.308],
              [124.2556, 8.3084],
              [124.2552, 8.3084],
              [124.2552, 8.3088],
              [124.2552, 8.3092],
              [124.2548, 8.3092],
              [124.2544, 8.3092],
              [124.254, 8.3092],
              [124.254, 8.3096],
              [124.2536, 8.3096],
              [124.2532, 8.3096],
              [124.2532, 8.3104],
              [124.2532, 8.3108],
              [124.2528, 8.3108],
              [124.2528, 8.3116],
              [124.2532, 8.312],
              [124.2528, 8.3124],
              [124.252, 8.3124],
              [124.2516, 8.3124],
              [124.2516, 8.3128],
              [124.2512, 8.3136],
              [124.2512, 8.3144],
              [124.2512, 8.3152],
              [124.2508, 8.3156],
              [124.2508, 8.3168],
              [124.25, 8.3168],
              [124.25, 8.3172],
              [124.2496, 8.3176],
              [124.2496, 8.318],
              [124.2492, 8.3184],
              [124.2492, 8.32],
              [124.2488, 8.3204],
              [124.248, 8.3204],
              [124.2484, 8.3204],
              [124.2484, 8.3212],
              [124.2476, 8.3216],
              [124.2476, 8.322],
              [124.2472, 8.3224],
              [124.2472, 8.3228],
              [124.2468, 8.3232],
              [124.2468, 8.3236],
              [124.2468, 8.324],
              [124.2464, 8.324],
              [124.2464, 8.326],
              [124.2464, 8.3268],
              [124.2464, 8.3272],
              [124.2464, 8.3276],
              [124.2464, 8.328],
              [124.2468, 8.328],
              [124.2472, 8.3284],
              [124.2472, 8.3296],
              [124.2476, 8.3304],
              [124.2476, 8.3308],
              [124.2472, 8.3308],
              [124.2472, 8.3316],
              [124.2476, 8.332]
            ]
          ],
          [
            [
              [124.1212, 8.178],
              [124.1212, 8.1784],
              [124.1204, 8.1784],
              [124.1204, 8.178],
              [124.1212, 8.178]
            ]
          ],
          [
            [
              [124.2012, 8.208],
              [124.2008, 8.208],
              [124.2008, 8.2088],
              [124.2004, 8.2088],
              [124.2008, 8.2076],
              [124.2012, 8.208]
            ]
          ],
          [
            [
              [124.2044, 8.2104],
              [124.2032, 8.21],
              [124.2032, 8.2096],
              [124.2036, 8.21],
              [124.204, 8.2104],
              [124.2044, 8.2104]
            ]
          ],
          [
            [
              [124.2384, 8.2348],
              [124.238, 8.2348],
              [124.238, 8.234],
              [124.2384, 8.234],
              [124.2388, 8.2336],
              [124.2392, 8.2336],
              [124.2396, 8.234],
              [124.2396, 8.2348],
              [124.2388, 8.2348],
              [124.2384, 8.2348]
            ]
          ],
          [
            [
              [124.266, 8.2748],
              [124.266, 8.2752],
              [124.266, 8.2756],
              [124.266, 8.276],
              [124.2656, 8.276],
              [124.2652, 8.276],
              [124.2652, 8.2752],
              [124.2652, 8.2748],
              [124.266, 8.2748]
            ]
          ],
          [
            [
              [124.2468, 8.332],
              [124.2464, 8.3316],
              [124.2468, 8.3316],
              [124.2468, 8.332]
            ]
          ]
        ]
      },
      "properties": { "lvl": 3 }
    }
  ]
}
